Exp,PopulationSize,CrossoverRate,MutationRate,SelectionPressure,MaxGenerations,BestFitness,ExecutionTimeMs,ComponentCount,MaxComponentCount,MinComponentCount,GenerationResults
1,20,0.1,0.1,2,50,0,5128320,11,797,1,0&0&0&0&0&0&0&0&0&0&0&0&0&0&0&0&0&0&0&0
1,20,0.1,0.1,2,50,0,5136011,11,797,1,0&0&0&0&0&0&0&0&0&0&0&0&0&0&0&0&0&0&0&0
1,20,0.1,0.1,2,50,0,5145460,11,797,1,0&0&0&0&0&0&0&0&0&0&0&0&0&0&0&0&0&0&0&0
1,20,0.1,0.1,2,50,0,5146006,11,797,1,0&0&0&0&0&0&0&0&0&0&0&0&0&0&0&0&0&0&0&0
1,20,0.1,0.1,2,50,0,5147461,11,797,1,0&0&0&0&0&0&0&0&0&0&0&0&0&0&0&0&0&0&0&0
1,20,0.1,0.1,2,50,0,5146104,11,797,1,0&0&0&0&0&0&0&0&0&0&0&0&0&0&0&0&0&0&0&0
1,20,0.1,0.1,2,50,0,5145349,11,797,1,0&0&0&0&0&0&0&0&0&0&0&0&0&0&0&0&0&0&0&0
1,20,0.1,0.1,2,50,0,5146707,11,797,1,0&0&0&0&0&0&0&0&0&0&0&0&0&0&0&0&0&0&0&0
1,20,0.1,0.1,2,50,0,2378002,11,797,1,0&0&0&0&0&0&0&0&0&0&0&0&0&0&0&0&0&0&0&0
1,20,0.1,0.1,2,50,0,11516058,9,679,1,0&0&0&0&0&0&0&0&0&0&0&0&0&0&0&0&0&0&0&0
2,100,0.1,0.1,7,250,0.380016118520942,26769508,2,830,22,"0,3800161185209418&0,3800161185209418&0,3800161185209418&0,3800161185209418&0,3800161185209418&0,3800161185209418&0,3800161185209418&0,3800161185209418&0,3800161185209418&0,3800161185209418&0,3800161185209418&0,3800161185209418&0,3800161185209418&0,3800161185209418&0,3800161185209418&0,3800161185209418&0,3800161185209418&0,3800161185209418&0,3800161185209418&0,3800161185209418"
2,100,0.1,0.1,7,250,0.380016118520942,26832549,2,830,22,"0,3800161185209418&0,3800161185209418&0,3800161185209418&0,3800161185209418&0,3800161185209418&0,3800161185209418&0,3800161185209418&0,3800161185209418&0,3800161185209418&0,3800161185209418&0,3800161185209418&0,3800161185209418&0,3800161185209418&0,3800161185209418&0,3800161185209418&0,3800161185209418&0,3800161185209418&0,3800161185209418&0,3800161185209418&0,3800161185209418"
2,100,0.1,0.1,7,250,0.380016118520942,26835502,2,830,22,"0,3800161185209418&0,3800161185209418&0,3800161185209418&0,3800161185209418&0,3800161185209418&0,3800161185209418&0,3800161185209418&0,3800161185209418&0,3800161185209418&0,3800161185209418&0,3800161185209418&0,3800161185209418&0,3800161185209418&0,3800161185209418&0,3800161185209418&0,3800161185209418&0,3800161185209418&0,3800161185209418&0,3800161185209418&0,3800161185209418"
2,100,0.1,0.1,7,250,0.380016118520942,26852612,2,830,22,"0,3800161185209418&0,3800161185209418&0,3800161185209418&0,3800161185209418&0,3800161185209418&0,3800161185209418&0,3800161185209418&0,3800161185209418&0,3800161185209418&0,3800161185209418&0,3800161185209418&0,3800161185209418&0,3800161185209418&0,3800161185209418&0,3800161185209418&0,3800161185209418&0,3800161185209418&0,3800161185209418&0,3800161185209418&0,3800161185209418"
2,100,0.1,0.1,7,250,0.380016118520942,26864432,2,830,22,"0,3800161185209418&0,3800161185209418&0,3800161185209418&0,3800161185209418&0,3800161185209418&0,3800161185209418&0,3800161185209418&0,3800161185209418&0,3800161185209418&0,3800161185209418&0,3800161185209418&0,3800161185209418&0,3800161185209418&0,3800161185209418&0,3800161185209418&0,3800161185209418&0,3800161185209418&0,3800161185209418&0,3800161185209418&0,3800161185209418"
2,100,0.1,0.1,7,250,0.380016118520942,26953300,2,830,22,"0,3800161185209418&0,3800161185209418&0,3800161185209418&0,3800161185209418&0,3800161185209418&0,3800161185209418&0,3800161185209418&0,3800161185209418&0,3800161185209418&0,3800161185209418&0,3800161185209418&0,3800161185209418&0,3800161185209418&0,3800161185209418&0,3800161185209418&0,3800161185209418&0,3800161185209418&0,3800161185209418&0,3800161185209418&0,3800161185209418"
2,100,0.1,0.1,7,250,0.380016118520942,26964579,2,830,22,"0,3800161185209418&0,3800161185209418&0,3800161185209418&0,3800161185209418&0,3800161185209418&0,3800161185209418&0,3800161185209418&0,3800161185209418&0,3800161185209418&0,3800161185209418&0,3800161185209418&0,3800161185209418&0,3800161185209418&0,3800161185209418&0,3800161185209418&0,3800161185209418&0,3800161185209418&0,3800161185209418&0,3800161185209418&0,3800161185209418"
2,100,0.1,0.1,7,250,0.380016118520942,26965892,2,830,22,"0,3800161185209418&0,3800161185209418&0,3800161185209418&0,3800161185209418&0,3800161185209418&0,3800161185209418&0,3800161185209418&0,3800161185209418&0,3800161185209418&0,3800161185209418&0,3800161185209418&0,3800161185209418&0,3800161185209418&0,3800161185209418&0,3800161185209418&0,3800161185209418&0,3800161185209418&0,3800161185209418&0,3800161185209418&0,3800161185209418"
2,100,0.1,0.1,7,250,0.380016118520942,12409886,2,830,22,"0,3800161185209418&0,3800161185209418&0,3800161185209418&0,3800161185209418&0,3800161185209418&0,3800161185209418&0,3800161185209418&0,3800161185209418&0,3800161185209418&0,3800161185209418&0,3800161185209418&0,3800161185209418&0,3800161185209418&0,3800161185209418&0,3800161185209418&0,3800161185209418&0,3800161185209418&0,3800161185209418&0,3800161185209418&0,3800161185209418"
2,100,0.1,0.1,7,250,0,26202826,9,525,1,0&0&0&0&0&0&0&0&0&0&0&0&0&0&0&0&0&0&0&0
3,20,0.1,0.4,2,250,0,10361097,11,797,1,0&0&0&0&0&0&0&0&0&0&0&0&0&0&0&0&0&0&0&0
3,20,0.1,0.4,2,250,0,10450737,11,797,1,0&0&0&0&0&0&0&0&0&0&0&0&0&0&0&0&0&0&0&0
3,20,0.1,0.4,2,250,0,10457936,11,797,1,0&0&0&0&0&0&0&0&0&0&0&0&0&0&0&0&0&0&0&0
3,20,0.1,0.4,2,250,0,10462024,11,797,1,0&0&0&0&0&0&0&0&0&0&0&0&0&0&0&0&0&0&0&0
3,20,0.1,0.4,2,250,0,10504344,11,797,1,0&0&0&0&0&0&0&0&0&0&0&0&0&0&0&0&0&0&0&0
3,20,0.1,0.4,2,250,0,10504910,11,797,1,0&0&0&0&0&0&0&0&0&0&0&0&0&0&0&0&0&0&0&0
3,20,0.1,0.4,2,250,0,10576327,11,797,1,0&0&0&0&0&0&0&0&0&0&0&0&0&0&0&0&0&0&0&0
3,20,0.1,0.4,2,250,0,10591496,11,797,1,0&0&0&0&0&0&0&0&0&0&0&0&0&0&0&0&0&0&0&0
3,20,0.1,0.4,2,250,0,4802981,11,797,1,0&0&0&0&0&0&0&0&0&0&0&0&0&0&0&0&0&0&0&0
3,20,0.1,0.4,2,250,0,5251431,10,580,1,0&0&0&0&0&0&0&0&0&0&0&0&0&0&0&0&0&0&0&0
4,100,0.1,0.4,7,600,0.397788097389637,33214518,2,831,21,"0,3800161185209418&0,3800161185209418&0,3800161185209418&0,3800161185209418&0,3800161185209418&0,3800161185209418&0,3800161185209418&0,3800161185209418&0,3800161185209418&0,3800161185209418&0,3800161185209418&0,3977880973896374&0,3977880973896374&0,3977880973896374&0,3977880973896374&0,3977880973896374&0,3977880973896374&0,3977880973896374&0,3977880973896374&0,3977880973896374&0,3977880973896374&0,3977880973896374&0,3977880973896374&0,3977880973896374&0,3977880973896374&0,3977880973896374&0,3977880973896374&0,3977880973896374&0,3977880973896374&0,3977880973896374&0,3977880973896374&0,3977880973896374"
4,100,0.1,0.4,7,600,0.397788097389637,33284161,2,831,21,"0,3800161185209418&0,3800161185209418&0,3800161185209418&0,3800161185209418&0,3800161185209418&0,3800161185209418&0,3800161185209418&0,3800161185209418&0,3800161185209418&0,3800161185209418&0,3800161185209418&0,3977880973896374&0,3977880973896374&0,3977880973896374&0,3977880973896374&0,3977880973896374&0,3977880973896374&0,3977880973896374&0,3977880973896374&0,3977880973896374&0,3977880973896374&0,3977880973896374&0,3977880973896374&0,3977880973896374&0,3977880973896374&0,3977880973896374&0,3977880973896374&0,3977880973896374&0,3977880973896374&0,3977880973896374&0,3977880973896374&0,3977880973896374"
4,100,0.1,0.4,7,600,0.397788097389637,33567649,2,831,21,"0,3800161185209418&0,3800161185209418&0,3800161185209418&0,3800161185209418&0,3800161185209418&0,3800161185209418&0,3800161185209418&0,3800161185209418&0,3800161185209418&0,3800161185209418&0,3800161185209418&0,3977880973896374&0,3977880973896374&0,3977880973896374&0,3977880973896374&0,3977880973896374&0,3977880973896374&0,3977880973896374&0,3977880973896374&0,3977880973896374&0,3977880973896374&0,3977880973896374&0,3977880973896374&0,3977880973896374&0,3977880973896374&0,3977880973896374&0,3977880973896374&0,3977880973896374&0,3977880973896374&0,3977880973896374&0,3977880973896374&0,3977880973896374"
4,100,0.1,0.4,7,600,0.397788097389637,33626885,2,831,21,"0,3800161185209418&0,3800161185209418&0,3800161185209418&0,3800161185209418&0,3800161185209418&0,3800161185209418&0,3800161185209418&0,3800161185209418&0,3800161185209418&0,3800161185209418&0,3800161185209418&0,3977880973896374&0,3977880973896374&0,3977880973896374&0,3977880973896374&0,3977880973896374&0,3977880973896374&0,3977880973896374&0,3977880973896374&0,3977880973896374&0,3977880973896374&0,3977880973896374&0,3977880973896374&0,3977880973896374&0,3977880973896374&0,3977880973896374&0,3977880973896374&0,3977880973896374&0,3977880973896374&0,3977880973896374&0,3977880973896374&0,3977880973896374"
4,100,0.1,0.4,7,600,0.397788097389637,33638453,2,831,21,"0,3800161185209418&0,3800161185209418&0,3800161185209418&0,3800161185209418&0,3800161185209418&0,3800161185209418&0,3800161185209418&0,3800161185209418&0,3800161185209418&0,3800161185209418&0,3800161185209418&0,3977880973896374&0,3977880973896374&0,3977880973896374&0,3977880973896374&0,3977880973896374&0,3977880973896374&0,3977880973896374&0,3977880973896374&0,3977880973896374&0,3977880973896374&0,3977880973896374&0,3977880973896374&0,3977880973896374&0,3977880973896374&0,3977880973896374&0,3977880973896374&0,3977880973896374&0,3977880973896374&0,3977880973896374&0,3977880973896374&0,3977880973896374"
4,100,0.1,0.4,7,600,0.397788097389637,33634709,2,831,21,"0,3800161185209418&0,3800161185209418&0,3800161185209418&0,3800161185209418&0,3800161185209418&0,3800161185209418&0,3800161185209418&0,3800161185209418&0,3800161185209418&0,3800161185209418&0,3800161185209418&0,3977880973896374&0,3977880973896374&0,3977880973896374&0,3977880973896374&0,3977880973896374&0,3977880973896374&0,3977880973896374&0,3977880973896374&0,3977880973896374&0,3977880973896374&0,3977880973896374&0,3977880973896374&0,3977880973896374&0,3977880973896374&0,3977880973896374&0,3977880973896374&0,3977880973896374&0,3977880973896374&0,3977880973896374&0,3977880973896374&0,3977880973896374"
4,100,0.1,0.4,7,600,0.397788097389637,33687448,2,831,21,"0,3800161185209418&0,3800161185209418&0,3800161185209418&0,3800161185209418&0,3800161185209418&0,3800161185209418&0,3800161185209418&0,3800161185209418&0,3800161185209418&0,3800161185209418&0,3800161185209418&0,3977880973896374&0,3977880973896374&0,3977880973896374&0,3977880973896374&0,3977880973896374&0,3977880973896374&0,3977880973896374&0,3977880973896374&0,3977880973896374&0,3977880973896374&0,3977880973896374&0,3977880973896374&0,3977880973896374&0,3977880973896374&0,3977880973896374&0,3977880973896374&0,3977880973896374&0,3977880973896374&0,3977880973896374&0,3977880973896374&0,3977880973896374"
4,100,0.1,0.4,7,600,0.397788097389637,33721759,2,831,21,"0,3800161185209418&0,3800161185209418&0,3800161185209418&0,3800161185209418&0,3800161185209418&0,3800161185209418&0,3800161185209418&0,3800161185209418&0,3800161185209418&0,3800161185209418&0,3800161185209418&0,3977880973896374&0,3977880973896374&0,3977880973896374&0,3977880973896374&0,3977880973896374&0,3977880973896374&0,3977880973896374&0,3977880973896374&0,3977880973896374&0,3977880973896374&0,3977880973896374&0,3977880973896374&0,3977880973896374&0,3977880973896374&0,3977880973896374&0,3977880973896374&0,3977880973896374&0,3977880973896374&0,3977880973896374&0,3977880973896374&0,3977880973896374"
4,100,0.1,0.4,7,600,0.397788097389637,15374444,2,831,21,"0,3800161185209418&0,3800161185209418&0,3800161185209418&0,3800161185209418&0,3800161185209418&0,3800161185209418&0,3800161185209418&0,3800161185209418&0,3800161185209418&0,3800161185209418&0,3800161185209418&0,3977880973896374&0,3977880973896374&0,3977880973896374&0,3977880973896374&0,3977880973896374&0,3977880973896374&0,3977880973896374&0,3977880973896374&0,3977880973896374&0,3977880973896374&0,3977880973896374&0,3977880973896374&0,3977880973896374&0,3977880973896374&0,3977880973896374&0,3977880973896374&0,3977880973896374&0,3977880973896374&0,3977880973896374&0,3977880973896374&0,3977880973896374"
4,100,0.1,0.4,7,600,0,35204395,8,738,1,0&0&0&0&0&0&0&0&0&0&0&0&0&0&0&0&0&0&0&0
5,20,0.1,0.8,7,50,0,20180246,11,797,1,0&0&0&0&0&0&0&0&0&0&0&0&0&0&0&0&0&0&0&0
5,20,0.1,0.8,7,50,0,20210085,11,797,1,0&0&0&0&0&0&0&0&0&0&0&0&0&0&0&0&0&0&0&0
5,20,0.1,0.8,7,50,0,20210461,11,797,1,0&0&0&0&0&0&0&0&0&0&0&0&0&0&0&0&0&0&0&0
5,20,0.1,0.8,7,50,0,20216669,11,797,1,0&0&0&0&0&0&0&0&0&0&0&0&0&0&0&0&0&0&0&0
5,20,0.1,0.8,7,50,0,20224133,11,797,1,0&0&0&0&0&0&0&0&0&0&0&0&0&0&0&0&0&0&0&0
5,20,0.1,0.8,7,50,0,20230493,11,797,1,0&0&0&0&0&0&0&0&0&0&0&0&0&0&0&0&0&0&0&0
5,20,0.1,0.8,7,50,0,20266097,11,797,1,0&0&0&0&0&0&0&0&0&0&0&0&0&0&0&0&0&0&0&0
5,20,0.1,0.8,7,50,0,20290811,11,797,1,0&0&0&0&0&0&0&0&0&0&0&0&0&0&0&0&0&0&0&0
5,20,0.1,0.8,7,50,0,7414574,9,679,1,0&0&0&0&0&0&0&0&0&0&0&0&0&0&0&0&0&0&0&0
5,20,0.1,0.8,7,50,0,9301766,11,797,1,0&0&0&0&0&0&0&0&0&0&0&0&0&0&0&0&0&0&0&0
6,100,0.1,0.8,20,250,0.397788097389637,31781376,2,831,21,"0,3800161185209418&0,3800161185209418&0,395160228347224&0,3977880973896374&0,3977880973896374&0,3977880973896374&0,3977880973896374&0,3977880973896374&0,3977880973896374&0,3977880973896374&0,3977880973896374&0,3977880973896374&0,3977880973896374&0,3977880973896374&0,3977880973896374&0,3977880973896374&0,3977880973896374&0,3977880973896374&0,3977880973896374&0,3977880973896374&0,3977880973896374&0,3977880973896374&0,3977880973896374"
6,100,0.1,0.8,20,250,0.397788097389637,31786329,2,831,21,"0,3800161185209418&0,3800161185209418&0,395160228347224&0,3977880973896374&0,3977880973896374&0,3977880973896374&0,3977880973896374&0,3977880973896374&0,3977880973896374&0,3977880973896374&0,3977880973896374&0,3977880973896374&0,3977880973896374&0,3977880973896374&0,3977880973896374&0,3977880973896374&0,3977880973896374&0,3977880973896374&0,3977880973896374&0,3977880973896374&0,3977880973896374&0,3977880973896374&0,3977880973896374"
6,100,0.1,0.8,20,250,0.397788097389637,31800975,2,831,21,"0,3800161185209418&0,3800161185209418&0,395160228347224&0,3977880973896374&0,3977880973896374&0,3977880973896374&0,3977880973896374&0,3977880973896374&0,3977880973896374&0,3977880973896374&0,3977880973896374&0,3977880973896374&0,3977880973896374&0,3977880973896374&0,3977880973896374&0,3977880973896374&0,3977880973896374&0,3977880973896374&0,3977880973896374&0,3977880973896374&0,3977880973896374&0,3977880973896374&0,3977880973896374"
6,100,0.1,0.8,20,250,0.397788097389637,31978850,2,831,21,"0,3800161185209418&0,3800161185209418&0,395160228347224&0,3977880973896374&0,3977880973896374&0,3977880973896374&0,3977880973896374&0,3977880973896374&0,3977880973896374&0,3977880973896374&0,3977880973896374&0,3977880973896374&0,3977880973896374&0,3977880973896374&0,3977880973896374&0,3977880973896374&0,3977880973896374&0,3977880973896374&0,3977880973896374&0,3977880973896374&0,3977880973896374&0,3977880973896374&0,3977880973896374"
6,100,0.1,0.8,20,250,0.397788097389637,31991281,2,831,21,"0,3800161185209418&0,3800161185209418&0,395160228347224&0,3977880973896374&0,3977880973896374&0,3977880973896374&0,3977880973896374&0,3977880973896374&0,3977880973896374&0,3977880973896374&0,3977880973896374&0,3977880973896374&0,3977880973896374&0,3977880973896374&0,3977880973896374&0,3977880973896374&0,3977880973896374&0,3977880973896374&0,3977880973896374&0,3977880973896374&0,3977880973896374&0,3977880973896374&0,3977880973896374"
6,100,0.1,0.8,20,250,0.397788097389637,31993143,2,831,21,"0,3800161185209418&0,3800161185209418&0,395160228347224&0,3977880973896374&0,3977880973896374&0,3977880973896374&0,3977880973896374&0,3977880973896374&0,3977880973896374&0,3977880973896374&0,3977880973896374&0,3977880973896374&0,3977880973896374&0,3977880973896374&0,3977880973896374&0,3977880973896374&0,3977880973896374&0,3977880973896374&0,3977880973896374&0,3977880973896374&0,3977880973896374&0,3977880973896374&0,3977880973896374"
6,100,0.1,0.8,20,250,0.397788097389637,31994579,2,831,21,"0,3800161185209418&0,3800161185209418&0,395160228347224&0,3977880973896374&0,3977880973896374&0,3977880973896374&0,3977880973896374&0,3977880973896374&0,3977880973896374&0,3977880973896374&0,3977880973896374&0,3977880973896374&0,3977880973896374&0,3977880973896374&0,3977880973896374&0,3977880973896374&0,3977880973896374&0,3977880973896374&0,3977880973896374&0,3977880973896374&0,3977880973896374&0,3977880973896374&0,3977880973896374"
6,100,0.1,0.8,20,250,0.397788097389637,31994616,2,831,21,"0,3800161185209418&0,3800161185209418&0,395160228347224&0,3977880973896374&0,3977880973896374&0,3977880973896374&0,3977880973896374&0,3977880973896374&0,3977880973896374&0,3977880973896374&0,3977880973896374&0,3977880973896374&0,3977880973896374&0,3977880973896374&0,3977880973896374&0,3977880973896374&0,3977880973896374&0,3977880973896374&0,3977880973896374&0,3977880973896374&0,3977880973896374&0,3977880973896374&0,3977880973896374"
6,100,0.1,0.8,20,250,0.397788097389637,14225588,2,831,21,"0,3800161185209418&0,3800161185209418&0,3800161185209418&0,3800161185209418&0,3800161185209418&0,3977880973896374&0,3977880973896374&0,3977880973896374&0,3977880973896374&0,3977880973896374&0,3977880973896374&0,3977880973896374&0,3977880973896374&0,3977880973896374&0,3977880973896374&0,3977880973896374&0,3977880973896374&0,3977880973896374&0,3977880973896374&0,3977880973896374&0,3977880973896374&0,3977880973896374&0,3977880973896374&0,3977880973896374&0,3977880973896374&0,3977880973896374"
6,100,0.1,0.8,20,250,0.397788097389637,14569821,2,831,21,"0,3800161185209418&0,3800161185209418&0,395160228347224&0,3977880973896374&0,3977880973896374&0,3977880973896374&0,3977880973896374&0,3977880973896374&0,3977880973896374&0,3977880973896374&0,3977880973896374&0,3977880973896374&0,3977880973896374&0,3977880973896374&0,3977880973896374&0,3977880973896374&0,3977880973896374&0,3977880973896374&0,3977880973896374&0,3977880973896374&0,3977880973896374&0,3977880973896374&0,3977880973896374"
7,20,0.5,0.1,20,600,0.397788097389637,8278513,2,831,21,"0&0&0&0&0&0&0&0&0&0&0&0&0&0&0,005913997239060609&0,005913997239060609&0,005913997239060609&0,005913997239060609&0,04257836012547844&0,04257836012547844&0,3725777711306464&0,3800161185209418&0,3800161185209418&0,3800161185209418&0,3977880973896374&0,3977880973896374&0,3977880973896374&0,3977880973896374&0,3977880973896374&0,3977880973896374&0,3977880973896374&0,3977880973896374&0,3977880973896374&0,3977880973896374&0,3977880973896374&0,3977880973896374&0,3977880973896374&0,3977880973896374&0,3977880973896374&0,3977880973896374&0,3977880973896374&0,3977880973896374&0,3977880973896374&0,3977880973896374&0,3977880973896374"
7,20,0.5,0.1,20,600,0.397788097389637,8320700,2,831,21,"0&0&0&0&0&0&0&0&0&0&0&0&0&0&0,005913997239060609&0,005913997239060609&0,005913997239060609&0,005913997239060609&0,04257836012547844&0,04257836012547844&0,3725777711306464&0,3800161185209418&0,3800161185209418&0,3800161185209418&0,3977880973896374&0,3977880973896374&0,3977880973896374&0,3977880973896374&0,3977880973896374&0,3977880973896374&0,3977880973896374&0,3977880973896374&0,3977880973896374&0,3977880973896374&0,3977880973896374&0,3977880973896374&0,3977880973896374&0,3977880973896374&0,3977880973896374&0,3977880973896374&0,3977880973896374&0,3977880973896374&0,3977880973896374&0,3977880973896374&0,3977880973896374"
7,20,0.5,0.1,20,600,0.397788097389637,8323609,2,831,21,"0&0&0&0&0&0&0&0&0&0&0&0&0&0&0,005913997239060609&0,005913997239060609&0,005913997239060609&0,005913997239060609&0,04257836012547844&0,04257836012547844&0,3725777711306464&0,3800161185209418&0,3800161185209418&0,3800161185209418&0,3977880973896374&0,3977880973896374&0,3977880973896374&0,3977880973896374&0,3977880973896374&0,3977880973896374&0,3977880973896374&0,3977880973896374&0,3977880973896374&0,3977880973896374&0,3977880973896374&0,3977880973896374&0,3977880973896374&0,3977880973896374&0,3977880973896374&0,3977880973896374&0,3977880973896374&0,3977880973896374&0,3977880973896374&0,3977880973896374&0,3977880973896374"
7,20,0.5,0.1,20,600,0.397788097389637,8327576,2,831,21,"0&0&0&0&0&0&0&0&0&0&0&0&0&0&0,005913997239060609&0,005913997239060609&0,005913997239060609&0,005913997239060609&0,04257836012547844&0,04257836012547844&0,3725777711306464&0,3800161185209418&0,3800161185209418&0,3800161185209418&0,3977880973896374&0,3977880973896374&0,3977880973896374&0,3977880973896374&0,3977880973896374&0,3977880973896374&0,3977880973896374&0,3977880973896374&0,3977880973896374&0,3977880973896374&0,3977880973896374&0,3977880973896374&0,3977880973896374&0,3977880973896374&0,3977880973896374&0,3977880973896374&0,3977880973896374&0,3977880973896374&0,3977880973896374&0,3977880973896374&0,3977880973896374"
7,20,0.5,0.1,20,600,0.397788097389637,8327955,2,831,21,"0&0&0&0&0&0&0&0&0&0&0&0&0&0&0,005913997239060609&0,005913997239060609&0,005913997239060609&0,005913997239060609&0,04257836012547844&0,04257836012547844&0,3725777711306464&0,3800161185209418&0,3800161185209418&0,3800161185209418&0,3977880973896374&0,3977880973896374&0,3977880973896374&0,3977880973896374&0,3977880973896374&0,3977880973896374&0,3977880973896374&0,3977880973896374&0,3977880973896374&0,3977880973896374&0,3977880973896374&0,3977880973896374&0,3977880973896374&0,3977880973896374&0,3977880973896374&0,3977880973896374&0,3977880973896374&0,3977880973896374&0,3977880973896374&0,3977880973896374&0,3977880973896374"
7,20,0.5,0.1,20,600,0.397788097389637,8327493,2,831,21,"0&0&0&0&0&0&0&0&0&0&0&0&0&0&0,005913997239060609&0,005913997239060609&0,005913997239060609&0,005913997239060609&0,04257836012547844&0,04257836012547844&0,3725777711306464&0,3800161185209418&0,3800161185209418&0,3800161185209418&0,3977880973896374&0,3977880973896374&0,3977880973896374&0,3977880973896374&0,3977880973896374&0,3977880973896374&0,3977880973896374&0,3977880973896374&0,3977880973896374&0,3977880973896374&0,3977880973896374&0,3977880973896374&0,3977880973896374&0,3977880973896374&0,3977880973896374&0,3977880973896374&0,3977880973896374&0,3977880973896374&0,3977880973896374&0,3977880973896374&0,3977880973896374"
7,20,0.5,0.1,20,600,0.397788097389637,8439137,2,831,21,"0&0&0&0&0&0&0&0&0&0&0&0&0&0&0,005913997239060609&0,005913997239060609&0,005913997239060609&0,005913997239060609&0,04257836012547844&0,04257836012547844&0,3725777711306464&0,3800161185209418&0,3800161185209418&0,3800161185209418&0,3977880973896374&0,3977880973896374&0,3977880973896374&0,3977880973896374&0,3977880973896374&0,3977880973896374&0,3977880973896374&0,3977880973896374&0,3977880973896374&0,3977880973896374&0,3977880973896374&0,3977880973896374&0,3977880973896374&0,3977880973896374&0,3977880973896374&0,3977880973896374&0,3977880973896374&0,3977880973896374&0,3977880973896374&0,3977880973896374&0,3977880973896374"
7,20,0.5,0.1,20,600,0.397788097389637,8438623,2,831,21,"0&0&0&0&0&0&0&0&0&0&0&0&0&0&0,005913997239060609&0,005913997239060609&0,005913997239060609&0,005913997239060609&0,04257836012547844&0,04257836012547844&0,3725777711306464&0,3800161185209418&0,3800161185209418&0,3800161185209418&0,3977880973896374&0,3977880973896374&0,3977880973896374&0,3977880973896374&0,3977880973896374&0,3977880973896374&0,3977880973896374&0,3977880973896374&0,3977880973896374&0,3977880973896374&0,3977880973896374&0,3977880973896374&0,3977880973896374&0,3977880973896374&0,3977880973896374&0,3977880973896374&0,3977880973896374&0,3977880973896374&0,3977880973896374&0,3977880973896374&0,3977880973896374"
7,20,0.5,0.1,20,600,0,2761898,11,748,1,0&0&0&0&0&0&0&0&0&0&0&0&0&0&0&0&0&0&0&0
7,20,0.5,0.1,20,600,0.397788097389637,3952064,2,831,21,"0&0&0&0&0&0&0&0&0&0&0&0&0&0&0,005913997239060609&0,005913997239060609&0,005913997239060609&0,005913997239060609&0,04257836012547844&0,04257836012547844&0,3725777711306464&0,3800161185209418&0,3800161185209418&0,3800161185209418&0,3977880973896374&0,3977880973896374&0,3977880973896374&0,3977880973896374&0,3977880973896374&0,3977880973896374&0,3977880973896374&0,3977880973896374&0,3977880973896374&0,3977880973896374&0,3977880973896374&0,3977880973896374&0,3977880973896374&0,3977880973896374&0,3977880973896374&0,3977880973896374&0,3977880973896374&0,3977880973896374&0,3977880973896374&0,3977880973896374&0,3977880973896374"
8,100,0.5,0.1,2,50,0.397788097389637,80046617,2,831,21,"0,3800161185209418&0,3800161185209418&0,3800161185209418&0,3800161185209418&0,3800161185209418&0,3977880973896374&0,3800161185209418&0,3800161185209418&0,3800161185209418&0,3800161185209418&0,3800161185209418&0,3977880973896374&0,3977880973896374&0,3977880973896374&0,3977880973896374&0,3977880973896374&0,3977880973896374&0,3977880973896374&0,3977880973896374&0,3977880973896374&0,3977880973896374&0,3977880973896374&0,3977880973896374&0,3977880973896374&0,3977880973896374&0,3977880973896374&0,3977880973896374&0,3977880973896374&0,3977880973896374&0,3977880973896374&0,3977880973896374&0,3977880973896374"
8,100,0.5,0.1,2,50,0.397788097389637,80236736,2,831,21,"0,3800161185209418&0,3800161185209418&0,3800161185209418&0,3800161185209418&0,3800161185209418&0,3977880973896374&0,3800161185209418&0,3800161185209418&0,3800161185209418&0,3800161185209418&0,3800161185209418&0,3977880973896374&0,3977880973896374&0,3977880973896374&0,3977880973896374&0,3977880973896374&0,3977880973896374&0,3977880973896374&0,3977880973896374&0,3977880973896374&0,3977880973896374&0,3977880973896374&0,3977880973896374&0,3977880973896374&0,3977880973896374&0,3977880973896374&0,3977880973896374&0,3977880973896374&0,3977880973896374&0,3977880973896374&0,3977880973896374&0,3977880973896374"
8,100,0.5,0.1,2,50,0.397788097389637,80243191,2,831,21,"0,3800161185209418&0,3800161185209418&0,3800161185209418&0,3800161185209418&0,3800161185209418&0,3977880973896374&0,3800161185209418&0,3800161185209418&0,3800161185209418&0,3800161185209418&0,3800161185209418&0,3977880973896374&0,3977880973896374&0,3977880973896374&0,3977880973896374&0,3977880973896374&0,3977880973896374&0,3977880973896374&0,3977880973896374&0,3977880973896374&0,3977880973896374&0,3977880973896374&0,3977880973896374&0,3977880973896374&0,3977880973896374&0,3977880973896374&0,3977880973896374&0,3977880973896374&0,3977880973896374&0,3977880973896374&0,3977880973896374&0,3977880973896374"
8,100,0.5,0.1,2,50,0.397788097389637,80357837,2,831,21,"0,3800161185209418&0,3800161185209418&0,3800161185209418&0,3800161185209418&0,3800161185209418&0,3977880973896374&0,3800161185209418&0,3800161185209418&0,3800161185209418&0,3800161185209418&0,3800161185209418&0,3977880973896374&0,3977880973896374&0,3977880973896374&0,3977880973896374&0,3977880973896374&0,3977880973896374&0,3977880973896374&0,3977880973896374&0,3977880973896374&0,3977880973896374&0,3977880973896374&0,3977880973896374&0,3977880973896374&0,3977880973896374&0,3977880973896374&0,3977880973896374&0,3977880973896374&0,3977880973896374&0,3977880973896374&0,3977880973896374&0,3977880973896374"
8,100,0.5,0.1,2,50,0.397788097389637,80359357,2,831,21,"0,3800161185209418&0,3800161185209418&0,3800161185209418&0,3800161185209418&0,3800161185209418&0,3977880973896374&0,3800161185209418&0,3800161185209418&0,3800161185209418&0,3800161185209418&0,3800161185209418&0,3977880973896374&0,3977880973896374&0,3977880973896374&0,3977880973896374&0,3977880973896374&0,3977880973896374&0,3977880973896374&0,3977880973896374&0,3977880973896374&0,3977880973896374&0,3977880973896374&0,3977880973896374&0,3977880973896374&0,3977880973896374&0,3977880973896374&0,3977880973896374&0,3977880973896374&0,3977880973896374&0,3977880973896374&0,3977880973896374&0,3977880973896374"
8,100,0.5,0.1,2,50,0.397788097389637,80389534,2,831,21,"0,3800161185209418&0,3800161185209418&0,3800161185209418&0,3800161185209418&0,3800161185209418&0,3977880973896374&0,3800161185209418&0,3800161185209418&0,3800161185209418&0,3800161185209418&0,3800161185209418&0,3977880973896374&0,3977880973896374&0,3977880973896374&0,3977880973896374&0,3977880973896374&0,3977880973896374&0,3977880973896374&0,3977880973896374&0,3977880973896374&0,3977880973896374&0,3977880973896374&0,3977880973896374&0,3977880973896374&0,3977880973896374&0,3977880973896374&0,3977880973896374&0,3977880973896374&0,3977880973896374&0,3977880973896374&0,3977880973896374&0,3977880973896374"
8,100,0.5,0.1,2,50,0.397788097389637,80434883,2,831,21,"0,3800161185209418&0,3800161185209418&0,3800161185209418&0,3800161185209418&0,3800161185209418&0,3977880973896374&0,3800161185209418&0,3800161185209418&0,3800161185209418&0,3800161185209418&0,3800161185209418&0,3977880973896374&0,3977880973896374&0,3977880973896374&0,3977880973896374&0,3977880973896374&0,3977880973896374&0,3977880973896374&0,3977880973896374&0,3977880973896374&0,3977880973896374&0,3977880973896374&0,3977880973896374&0,3977880973896374&0,3977880973896374&0,3977880973896374&0,3977880973896374&0,3977880973896374&0,3977880973896374&0,3977880973896374&0,3977880973896374&0,3977880973896374"
8,100,0.5,0.1,2,50,0.397788097389637,80557335,2,831,21,"0,3800161185209418&0,3800161185209418&0,3800161185209418&0,3800161185209418&0,3800161185209418&0,3977880973896374&0,3800161185209418&0,3800161185209418&0,3800161185209418&0,3800161185209418&0,3800161185209418&0,3977880973896374&0,3977880973896374&0,3977880973896374&0,3977880973896374&0,3977880973896374&0,3977880973896374&0,3977880973896374&0,3977880973896374&0,3977880973896374&0,3977880973896374&0,3977880973896374&0,3977880973896374&0,3977880973896374&0,3977880973896374&0,3977880973896374&0,3977880973896374&0,3977880973896374&0,3977880973896374&0,3977880973896374&0,3977880973896374&0,3977880973896374"
8,100,0.5,0.1,2,50,0.397788097389637,37407283,2,831,21,"0,3800161185209418&0,3800161185209418&0,3800161185209418&0,3800161185209418&0,3800161185209418&0,3977880973896374&0,3800161185209418&0,3800161185209418&0,3800161185209418&0,3800161185209418&0,3800161185209418&0,3977880973896374&0,3977880973896374&0,3977880973896374&0,3977880973896374&0,3977880973896374&0,3977880973896374&0,3977880973896374&0,3977880973896374&0,3977880973896374&0,3977880973896374&0,3977880973896374&0,3977880973896374&0,3977880973896374&0,3977880973896374&0,3977880973896374&0,3977880973896374&0,3977880973896374&0,3977880973896374&0,3977880973896374&0,3977880973896374&0,3977880973896374"
8,100,0.5,0.1,2,50,0.381738673789846,57691710,3,847,2,"0,3800161185209418&0&0&0&0&0&0&0&0&0,21202368719444342&0&0&-0,08632972056803323&-0,08632972056803323&-0,08632972056803323&0,2803326316542165&0,2803326316542165&0,2803326316542165&0,2803326316542165&0,2803326316542165&0,2803326316542165&0,2803326316542165&0,30758680558024704&0,30758680558024704&0,30758680558024704&0,30758680558024704&0,30758680558024704&0,35448585429065516&0,35448585429065516&0,35448585429065516&0,35448585429065516&0,35448585429065516&0,35448585429065516&0,3817386737898462&0,3817386737898462&0,3817386737898462&0,3817386737898462&0,3817386737898462&0,3817386737898462&0,3817386737898462&0,3817386737898462&0,3817386737898462&0,3817386737898462&0,3817386737898462&0,3817386737898462&0,3817386737898462&0,3817386737898462&0,3817386737898462&0,3817386737898462&0,3817386737898462"
9,20,0.5,0.4,7,600,0,9538881,11,797,1,0&0&0&0&0&0&0&0&0&0&0&0&0&0&0&0&0&0&0&0
9,20,0.5,0.4,7,600,0,9540928,11,797,1,0&0&0&0&0&0&0&0&0&0&0&0&0&0&0&0&0&0&0&0
9,20,0.5,0.4,7,600,0,9546724,11,797,1,0&0&0&0&0&0&0&0&0&0&0&0&0&0&0&0&0&0&0&0
9,20,0.5,0.4,7,600,0,9547761,11,797,1,0&0&0&0&0&0&0&0&0&0&0&0&0&0&0&0&0&0&0&0
9,20,0.5,0.4,7,600,0,9640848,11,797,1,0&0&0&0&0&0&0&0&0&0&0&0&0&0&0&0&0&0&0&0
9,20,0.5,0.4,7,600,0,9709064,11,797,1,0&0&0&0&0&0&0&0&0&0&0&0&0&0&0&0&0&0&0&0
9,20,0.5,0.4,7,600,0,9714131,11,797,1,0&0&0&0&0&0&0&0&0&0&0&0&0&0&0&0&0&0&0&0
9,20,0.5,0.4,7,600,0,9718064,11,797,1,0&0&0&0&0&0&0&0&0&0&0&0&0&0&0&0&0&0&0&0
9,20,0.5,0.4,7,600,0,4488979,11,797,1,0&0&0&0&0&0&0&0&0&0&0&0&0&0&0&0&0&0&0&0
9,20,0.5,0.4,7,600,0,47922228,9,679,1,0&0&0&0&0&0&0&0&0&0&0&0&0&0&0&0&0&0&0&0
10,100,0.5,0.4,20,50,0.397788097389637,52619160,2,831,21,"0,3800161185209418&0,3800161185209418&0,3977880973896374&0,3977880973896374&0,3977880973896374&0,3977880973896374&0,3977880973896374&0,3977880973896374&0,3977880973896374&0,3977880973896374&0,3977880973896374&0,3977880973896374&0,3977880973896374&0,3977880973896374&0,3977880973896374&0,3977880973896374&0,3977880973896374&0,3977880973896374&0,3977880973896374&0,3977880973896374&0,3977880973896374&0,3977880973896374&0,3977880973896374"
10,100,0.5,0.4,20,50,0.397788097389637,52655684,2,831,21,"0,3800161185209418&0,3800161185209418&0,3977880973896374&0,3977880973896374&0,3977880973896374&0,3977880973896374&0,3977880973896374&0,3977880973896374&0,3977880973896374&0,3977880973896374&0,3977880973896374&0,3977880973896374&0,3977880973896374&0,3977880973896374&0,3977880973896374&0,3977880973896374&0,3977880973896374&0,3977880973896374&0,3977880973896374&0,3977880973896374&0,3977880973896374&0,3977880973896374&0,3977880973896374"
10,100,0.5,0.4,20,50,0.397788097389637,52665911,2,831,21,"0,3800161185209418&0,3800161185209418&0,3977880973896374&0,3977880973896374&0,3977880973896374&0,3977880973896374&0,3977880973896374&0,3977880973896374&0,3977880973896374&0,3977880973896374&0,3977880973896374&0,3977880973896374&0,3977880973896374&0,3977880973896374&0,3977880973896374&0,3977880973896374&0,3977880973896374&0,3977880973896374&0,3977880973896374&0,3977880973896374&0,3977880973896374&0,3977880973896374&0,3977880973896374"
10,100,0.5,0.4,20,50,0.397788097389637,52764435,2,831,21,"0,3800161185209418&0,3800161185209418&0,3977880973896374&0,3977880973896374&0,3977880973896374&0,3977880973896374&0,3977880973896374&0,3977880973896374&0,3977880973896374&0,3977880973896374&0,3977880973896374&0,3977880973896374&0,3977880973896374&0,3977880973896374&0,3977880973896374&0,3977880973896374&0,3977880973896374&0,3977880973896374&0,3977880973896374&0,3977880973896374&0,3977880973896374&0,3977880973896374&0,3977880973896374"
10,100,0.5,0.4,20,50,0.397788097389637,52769171,2,831,21,"0,3800161185209418&0,3800161185209418&0,3977880973896374&0,3977880973896374&0,3977880973896374&0,3977880973896374&0,3977880973896374&0,3977880973896374&0,3977880973896374&0,3977880973896374&0,3977880973896374&0,3977880973896374&0,3977880973896374&0,3977880973896374&0,3977880973896374&0,3977880973896374&0,3977880973896374&0,3977880973896374&0,3977880973896374&0,3977880973896374&0,3977880973896374&0,3977880973896374&0,3977880973896374"
10,100,0.5,0.4,20,50,0.397788097389637,52804852,2,831,21,"0,3800161185209418&0,3800161185209418&0,3977880973896374&0,3977880973896374&0,3977880973896374&0,3977880973896374&0,3977880973896374&0,3977880973896374&0,3977880973896374&0,3977880973896374&0,3977880973896374&0,3977880973896374&0,3977880973896374&0,3977880973896374&0,3977880973896374&0,3977880973896374&0,3977880973896374&0,3977880973896374&0,3977880973896374&0,3977880973896374&0,3977880973896374&0,3977880973896374&0,3977880973896374"
10,100,0.5,0.4,20,50,0.397788097389637,52809307,2,831,21,"0,3800161185209418&0,3800161185209418&0,3977880973896374&0,3977880973896374&0,3977880973896374&0,3977880973896374&0,3977880973896374&0,3977880973896374&0,3977880973896374&0,3977880973896374&0,3977880973896374&0,3977880973896374&0,3977880973896374&0,3977880973896374&0,3977880973896374&0,3977880973896374&0,3977880973896374&0,3977880973896374&0,3977880973896374&0,3977880973896374&0,3977880973896374&0,3977880973896374&0,3977880973896374"
10,100,0.5,0.4,20,50,0.397788097389637,52914169,2,831,21,"0,3800161185209418&0,3800161185209418&0,3977880973896374&0,3977880973896374&0,3977880973896374&0,3977880973896374&0,3977880973896374&0,3977880973896374&0,3977880973896374&0,3977880973896374&0,3977880973896374&0,3977880973896374&0,3977880973896374&0,3977880973896374&0,3977880973896374&0,3977880973896374&0,3977880973896374&0,3977880973896374&0,3977880973896374&0,3977880973896374&0,3977880973896374&0,3977880973896374&0,3977880973896374"
10,100,0.5,0.4,20,50,0.397788097389637,24824156,2,831,21,"0,3800161185209418&0,3800161185209418&0,3977880973896374&0,3977880973896374&0,3977880973896374&0,3977880973896374&0,3977880973896374&0,3977880973896374&0,3977880973896374&0,3977880973896374&0,3977880973896374&0,3977880973896374&0,3977880973896374&0,3977880973896374&0,3977880973896374&0,3977880973896374&0,3977880973896374&0,3977880973896374&0,3977880973896374&0,3977880973896374&0,3977880973896374&0,3977880973896374&0,3977880973896374"
10,100,0.5,0.4,20,50,0.480490392394566,37030079,3,828,3,"0&0,3567516099017305&0,38697284294418405&0,4250604258294862&0,4552811797712041&0,4627189757392154&0,4627189757392154&0,4627189757392154&0,4804903923945655&0,4804903923945655&0,4804903923945655&0,4804903923945655&0,4804903923945655&0,4804903923945655&0,4804903923945655&0,4804903923945655&0,4804903923945655&0,4804903923945655&0,4804903923945655&0,4804903923945655&0,4804903923945655&0,4804903923945655&0,4804903923945655&0,4804903923945655&0,4804903923945655&0,4804903923945655&0,4804903923945655&0,4804903923945655&0,4804903923945655"
11,20,0.5,0.8,20,250,0.397788097389637,11573917,2,831,21,"0&0&0,01440824445571065&0,050933029150915354&0,06026619355956364&0,07155594269514631&0,3725777711306464&0,3800161185209418&0,3800161185209418&0,3962084562120074&0,3962084562120074&0,3962084562120074&0,3962084562120074&0,3977880973896374&0,3977880973896374&0,3977880973896374&0,3977880973896374&0,3977880973896374&0,3977880973896374&0,3977880973896374&0,3977880973896374&0,3977880973896374&0,3977880973896374&0,3977880973896374&0,3977880973896374&0,3977880973896374&0,3977880973896374&0,3977880973896374&0,3977880973896374&0,3977880973896374"
11,20,0.5,0.8,20,250,0.397788097389637,11687966,2,831,21,"0&0&0,01440824445571065&0,050933029150915354&0,06026619355956364&0,07155594269514631&0,3725777711306464&0,3800161185209418&0,3800161185209418&0,3962084562120074&0,3962084562120074&0,3962084562120074&0,3962084562120074&0,3977880973896374&0,3977880973896374&0,3977880973896374&0,3977880973896374&0,3977880973896374&0,3977880973896374&0,3977880973896374&0,3977880973896374&0,3977880973896374&0,3977880973896374&0,3977880973896374&0,3977880973896374&0,3977880973896374&0,3977880973896374&0,3977880973896374&0,3977880973896374&0,3977880973896374"
11,20,0.5,0.8,20,250,0.397788097389637,11689611,2,831,21,"0&0&0,01440824445571065&0,050933029150915354&0,06026619355956364&0,07155594269514631&0,3725777711306464&0,3800161185209418&0,3800161185209418&0,3962084562120074&0,3962084562120074&0,3962084562120074&0,3962084562120074&0,3977880973896374&0,3977880973896374&0,3977880973896374&0,3977880973896374&0,3977880973896374&0,3977880973896374&0,3977880973896374&0,3977880973896374&0,3977880973896374&0,3977880973896374&0,3977880973896374&0,3977880973896374&0,3977880973896374&0,3977880973896374&0,3977880973896374&0,3977880973896374&0,3977880973896374"
11,20,0.5,0.8,20,250,0.397788097389637,11690379,2,831,21,"0&0&0,01440824445571065&0,050933029150915354&0,06026619355956364&0,07155594269514631&0,3725777711306464&0,3800161185209418&0,3800161185209418&0,3962084562120074&0,3962084562120074&0,3962084562120074&0,3962084562120074&0,3977880973896374&0,3977880973896374&0,3977880973896374&0,3977880973896374&0,3977880973896374&0,3977880973896374&0,3977880973896374&0,3977880973896374&0,3977880973896374&0,3977880973896374&0,3977880973896374&0,3977880973896374&0,3977880973896374&0,3977880973896374&0,3977880973896374&0,3977880973896374&0,3977880973896374"
11,20,0.5,0.8,20,250,0.397788097389637,11689641,2,831,21,"0&0&0,01440824445571065&0,050933029150915354&0,06026619355956364&0,07155594269514631&0,3725777711306464&0,3800161185209418&0,3800161185209418&0,3962084562120074&0,3962084562120074&0,3962084562120074&0,3962084562120074&0,3977880973896374&0,3977880973896374&0,3977880973896374&0,3977880973896374&0,3977880973896374&0,3977880973896374&0,3977880973896374&0,3977880973896374&0,3977880973896374&0,3977880973896374&0,3977880973896374&0,3977880973896374&0,3977880973896374&0,3977880973896374&0,3977880973896374&0,3977880973896374&0,3977880973896374"
11,20,0.5,0.8,20,250,0.397788097389637,11830934,2,831,21,"0&0&0,01440824445571065&0,050933029150915354&0,06026619355956364&0,07155594269514631&0,3725777711306464&0,3800161185209418&0,3800161185209418&0,3962084562120074&0,3962084562120074&0,3962084562120074&0,3962084562120074&0,3977880973896374&0,3977880973896374&0,3977880973896374&0,3977880973896374&0,3977880973896374&0,3977880973896374&0,3977880973896374&0,3977880973896374&0,3977880973896374&0,3977880973896374&0,3977880973896374&0,3977880973896374&0,3977880973896374&0,3977880973896374&0,3977880973896374&0,3977880973896374&0,3977880973896374"
11,20,0.5,0.8,20,250,0.397788097389637,11839843,2,831,21,"0&0&0,01440824445571065&0,050933029150915354&0,06026619355956364&0,07155594269514631&0,3725777711306464&0,3800161185209418&0,3800161185209418&0,3962084562120074&0,3962084562120074&0,3962084562120074&0,3962084562120074&0,3977880973896374&0,3977880973896374&0,3977880973896374&0,3977880973896374&0,3977880973896374&0,3977880973896374&0,3977880973896374&0,3977880973896374&0,3977880973896374&0,3977880973896374&0,3977880973896374&0,3977880973896374&0,3977880973896374&0,3977880973896374&0,3977880973896374&0,3977880973896374&0,3977880973896374"
11,20,0.5,0.8,20,250,0.397788097389637,11968726,2,831,21,"0&0&0,01440824445571065&0,050933029150915354&0,06026619355956364&0,07155594269514631&0,3725777711306464&0,3800161185209418&0,3800161185209418&0,3962084562120074&0,3962084562120074&0,3962084562120074&0,3962084562120074&0,3977880973896374&0,3977880973896374&0,3977880973896374&0,3977880973896374&0,3977880973896374&0,3977880973896374&0,3977880973896374&0,3977880973896374&0,3977880973896374&0,3977880973896374&0,3977880973896374&0,3977880973896374&0,3977880973896374&0,3977880973896374&0,3977880973896374&0,3977880973896374&0,3977880973896374"
11,20,0.5,0.8,20,250,0.397788097389637,5474423,2,831,21,"0&0&0,01440824445571065&0,050933029150915354&0,06026619355956364&0,07155594269514631&0,3725777711306464&0,3800161185209418&0,3800161185209418&0,3962084562120074&0,3962084562120074&0,3962084562120074&0,3962084562120074&0,3977880973896374&0,3977880973896374&0,3977880973896374&0,3977880973896374&0,3977880973896374&0,3977880973896374&0,3977880973896374&0,3977880973896374&0,3977880973896374&0,3977880973896374&0,3977880973896374&0,3977880973896374&0,3977880973896374&0,3977880973896374&0,3977880973896374&0,3977880973896374&0,3977880973896374"
11,20,0.5,0.8,20,250,0.397788097389637,22696775,2,831,21,"0&0&0&0&0&0&0&0&0,3725777711306464&0,3800161185209418&0,395160228347224&0,3962084562120074&0,3962084562120074&0,3977880973896374&0,3977880973896374&0,3977880973896374&0,3977880973896374&0,3977880973896374&0,3977880973896374&0,3977880973896374&0,3977880973896374&0,3977880973896374&0,3977880973896374&0,3977880973896374&0,3977880973896374&0,3977880973896374&0,3977880973896374&0,3977880973896374&0,3977880973896374&0,3977880973896374&0,3977880973896374"
12,100,0.5,0.8,2,600,0.480490392394566,114041814,3,828,3,"0,3800161185209418&0,3977880973896374&0,3977880973896374&0,3977880973896374&0,43249765301708754&0,43249765301708754&0,4058179819121327&0,4058179819121327&0,42139695056649984&0,44867634866440437&0,4627189757392154&0,44867634866440437&0,46486607842588223&0,4714708249855824&0,4714708249855824&0,4714708249855824&0,478909804993152&0,478909804993152&0,478909804993152&0,4804903923945655&0,4804903923945655&0,4804903923945655&0,4804903923945655&0,4804903923945655&0,4804903923945655&0,4804903923945655&0,4804903923945655&0,4804903923945655&0,4804903923945655&0,4804903923945655&0,4804903923945655&0,4804903923945655&0,4804903923945655"
12,100,0.5,0.8,2,600,0.480490392394566,114057628,3,828,3,"0,3800161185209418&0,3977880973896374&0,3977880973896374&0,3977880973896374&0,43249765301708754&0,43249765301708754&0,4058179819121327&0,4058179819121327&0,42139695056649984&0,44867634866440437&0,4627189757392154&0,44867634866440437&0,46486607842588223&0,4714708249855824&0,4714708249855824&0,4714708249855824&0,478909804993152&0,478909804993152&0,478909804993152&0,4804903923945655&0,4804903923945655&0,4804903923945655&0,4804903923945655&0,4804903923945655&0,4804903923945655&0,4804903923945655&0,4804903923945655&0,4804903923945655&0,4804903923945655&0,4804903923945655&0,4804903923945655&0,4804903923945655&0,4804903923945655"
12,100,0.5,0.8,2,600,0.480490392394566,114130118,3,828,3,"0,3800161185209418&0,3977880973896374&0,3977880973896374&0,3977880973896374&0,43249765301708754&0,43249765301708754&0,4058179819121327&0,4058179819121327&0,42139695056649984&0,44867634866440437&0,4627189757392154&0,44867634866440437&0,46486607842588223&0,4714708249855824&0,4714708249855824&0,4714708249855824&0,478909804993152&0,478909804993152&0,478909804993152&0,4804903923945655&0,4804903923945655&0,4804903923945655&0,4804903923945655&0,4804903923945655&0,4804903923945655&0,4804903923945655&0,4804903923945655&0,4804903923945655&0,4804903923945655&0,4804903923945655&0,4804903923945655&0,4804903923945655&0,4804903923945655"
12,100,0.5,0.8,2,600,0.480490392394566,114136558,3,828,3,"0,3800161185209418&0,3977880973896374&0,3977880973896374&0,3977880973896374&0,43249765301708754&0,43249765301708754&0,4058179819121327&0,4058179819121327&0,42139695056649984&0,44867634866440437&0,4627189757392154&0,44867634866440437&0,46486607842588223&0,4714708249855824&0,4714708249855824&0,4714708249855824&0,478909804993152&0,478909804993152&0,478909804993152&0,4804903923945655&0,4804903923945655&0,4804903923945655&0,4804903923945655&0,4804903923945655&0,4804903923945655&0,4804903923945655&0,4804903923945655&0,4804903923945655&0,4804903923945655&0,4804903923945655&0,4804903923945655&0,4804903923945655&0,4804903923945655"
12,100,0.5,0.8,2,600,0.480490392394566,114145009,3,828,3,"0,3800161185209418&0,3977880973896374&0,3977880973896374&0,3977880973896374&0,43249765301708754&0,43249765301708754&0,4058179819121327&0,4058179819121327&0,42139695056649984&0,44867634866440437&0,4627189757392154&0,44867634866440437&0,46486607842588223&0,4714708249855824&0,4714708249855824&0,4714708249855824&0,478909804993152&0,478909804993152&0,478909804993152&0,4804903923945655&0,4804903923945655&0,4804903923945655&0,4804903923945655&0,4804903923945655&0,4804903923945655&0,4804903923945655&0,4804903923945655&0,4804903923945655&0,4804903923945655&0,4804903923945655&0,4804903923945655&0,4804903923945655&0,4804903923945655"
12,100,0.5,0.8,2,600,0.480490392394566,114159716,3,828,3,"0,3800161185209418&0,3977880973896374&0,3977880973896374&0,3977880973896374&0,43249765301708754&0,43249765301708754&0,4058179819121327&0,4058179819121327&0,42139695056649984&0,44867634866440437&0,4627189757392154&0,44867634866440437&0,46486607842588223&0,4714708249855824&0,4714708249855824&0,4714708249855824&0,478909804993152&0,478909804993152&0,478909804993152&0,4804903923945655&0,4804903923945655&0,4804903923945655&0,4804903923945655&0,4804903923945655&0,4804903923945655&0,4804903923945655&0,4804903923945655&0,4804903923945655&0,4804903923945655&0,4804903923945655&0,4804903923945655&0,4804903923945655&0,4804903923945655"
12,100,0.5,0.8,2,600,0.480490392394566,114225469,3,828,3,"0,3800161185209418&0,3977880973896374&0,3977880973896374&0,3977880973896374&0,43249765301708754&0,43249765301708754&0,4058179819121327&0,4058179819121327&0,42139695056649984&0,44867634866440437&0,4627189757392154&0,44867634866440437&0,46486607842588223&0,4714708249855824&0,4714708249855824&0,4714708249855824&0,478909804993152&0,478909804993152&0,478909804993152&0,4804903923945655&0,4804903923945655&0,4804903923945655&0,4804903923945655&0,4804903923945655&0,4804903923945655&0,4804903923945655&0,4804903923945655&0,4804903923945655&0,4804903923945655&0,4804903923945655&0,4804903923945655&0,4804903923945655&0,4804903923945655"
12,100,0.5,0.8,2,600,0.480490392394566,114243307,3,828,3,"0,3800161185209418&0,3977880973896374&0,3977880973896374&0,3977880973896374&0,43249765301708754&0,43249765301708754&0,4058179819121327&0,4058179819121327&0,42139695056649984&0,44867634866440437&0,4627189757392154&0,44867634866440437&0,46486607842588223&0,4714708249855824&0,4714708249855824&0,4714708249855824&0,478909804993152&0,478909804993152&0,478909804993152&0,4804903923945655&0,4804903923945655&0,4804903923945655&0,4804903923945655&0,4804903923945655&0,4804903923945655&0,4804903923945655&0,4804903923945655&0,4804903923945655&0,4804903923945655&0,4804903923945655&0,4804903923945655&0,4804903923945655&0,4804903923945655"
12,100,0.5,0.8,2,600,0.397788097389637,45013100,2,831,21,"0,3800161185209418&0&0&0&0,26966533011865834&0,3800161185209418&0,3800161185209418&0,3977880973896374&0,3977880973896374&0,3977880973896374&0,3977880973896374&0,3977880973896374&0,3977880973896374&0,3977880973896374&0,3977880973896374&0,3977880973896374&0,3977880973896374&0,3977880973896374&0,3977880973896374&0,3977880973896374&0,3977880973896374&0,3977880973896374&0,3977880973896374&0,3977880973896374&0,3977880973896374&0,3977880973896374&0,3977880973896374&0,3977880973896374"
12,100,0.5,0.8,2,600,0.480490392394566,52729739,3,828,3,"0,3800161185209418&0,3977880973896374&0,3977880973896374&0,3977880973896374&0,43249765301708754&0,43249765301708754&0,4058179819121327&0,4058179819121327&0,42139695056649984&0,44867634866440437&0,4627189757392154&0,44867634866440437&0,46486607842588223&0,4714708249855824&0,4714708249855824&0,4714708249855824&0,478909804993152&0,478909804993152&0,478909804993152&0,4804903923945655&0,4804903923945655&0,4804903923945655&0,4804903923945655&0,4804903923945655&0,4804903923945655&0,4804903923945655&0,4804903923945655&0,4804903923945655&0,4804903923945655&0,4804903923945655&0,4804903923945655&0,4804903923945655&0,4804903923945655"
13,20,1,0.1,7,250,0.380016118520942,12999419,2,830,22,"0&0,005913997239060609&0,005913997239060609&0,005913997239060609&0,04257836012547844&0,05001954359027749&0,05001954359027749&0,06770868654932305&0,08556584993141303&0,08556584993141303&0,3800161185209418&0,3800161185209418&0,3800161185209418&0,3800161185209418&0,3800161185209418&0,3800161185209418&0,3800161185209418&0,3800161185209418&0,3800161185209418&0,3800161185209418&0,3800161185209418&0,3800161185209418&0,3800161185209418&0,3800161185209418&0,3800161185209418&0,3800161185209418&0,3800161185209418&0,3800161185209418&0,3800161185209418&0,3800161185209418&0,3800161185209418"
13,20,1,0.1,7,250,0.380016118520942,13004001,2,830,22,"0&0,005913997239060609&0,005913997239060609&0,005913997239060609&0,04257836012547844&0,05001954359027749&0,05001954359027749&0,06770868654932305&0,08556584993141303&0,08556584993141303&0,3800161185209418&0,3800161185209418&0,3800161185209418&0,3800161185209418&0,3800161185209418&0,3800161185209418&0,3800161185209418&0,3800161185209418&0,3800161185209418&0,3800161185209418&0,3800161185209418&0,3800161185209418&0,3800161185209418&0,3800161185209418&0,3800161185209418&0,3800161185209418&0,3800161185209418&0,3800161185209418&0,3800161185209418&0,3800161185209418&0,3800161185209418"
13,20,1,0.1,7,250,0.380016118520942,13003399,2,830,22,"0&0,005913997239060609&0,005913997239060609&0,005913997239060609&0,04257836012547844&0,05001954359027749&0,05001954359027749&0,06770868654932305&0,08556584993141303&0,08556584993141303&0,3800161185209418&0,3800161185209418&0,3800161185209418&0,3800161185209418&0,3800161185209418&0,3800161185209418&0,3800161185209418&0,3800161185209418&0,3800161185209418&0,3800161185209418&0,3800161185209418&0,3800161185209418&0,3800161185209418&0,3800161185209418&0,3800161185209418&0,3800161185209418&0,3800161185209418&0,3800161185209418&0,3800161185209418&0,3800161185209418&0,3800161185209418"
13,20,1,0.1,7,250,0.380016118520942,13004374,2,830,22,"0&0,005913997239060609&0,005913997239060609&0,005913997239060609&0,04257836012547844&0,05001954359027749&0,05001954359027749&0,06770868654932305&0,08556584993141303&0,08556584993141303&0,3800161185209418&0,3800161185209418&0,3800161185209418&0,3800161185209418&0,3800161185209418&0,3800161185209418&0,3800161185209418&0,3800161185209418&0,3800161185209418&0,3800161185209418&0,3800161185209418&0,3800161185209418&0,3800161185209418&0,3800161185209418&0,3800161185209418&0,3800161185209418&0,3800161185209418&0,3800161185209418&0,3800161185209418&0,3800161185209418&0,3800161185209418"
13,20,1,0.1,7,250,0.380016118520942,13124793,2,830,22,"0&0,005913997239060609&0,005913997239060609&0,005913997239060609&0,04257836012547844&0,05001954359027749&0,05001954359027749&0,06770868654932305&0,08556584993141303&0,08556584993141303&0,3800161185209418&0,3800161185209418&0,3800161185209418&0,3800161185209418&0,3800161185209418&0,3800161185209418&0,3800161185209418&0,3800161185209418&0,3800161185209418&0,3800161185209418&0,3800161185209418&0,3800161185209418&0,3800161185209418&0,3800161185209418&0,3800161185209418&0,3800161185209418&0,3800161185209418&0,3800161185209418&0,3800161185209418&0,3800161185209418&0,3800161185209418"
13,20,1,0.1,7,250,0.380016118520942,13179759,2,830,22,"0&0,005913997239060609&0,005913997239060609&0,005913997239060609&0,04257836012547844&0,05001954359027749&0,05001954359027749&0,06770868654932305&0,08556584993141303&0,08556584993141303&0,3800161185209418&0,3800161185209418&0,3800161185209418&0,3800161185209418&0,3800161185209418&0,3800161185209418&0,3800161185209418&0,3800161185209418&0,3800161185209418&0,3800161185209418&0,3800161185209418&0,3800161185209418&0,3800161185209418&0,3800161185209418&0,3800161185209418&0,3800161185209418&0,3800161185209418&0,3800161185209418&0,3800161185209418&0,3800161185209418&0,3800161185209418"
13,20,1,0.1,7,250,0.380016118520942,13182441,2,830,22,"0&0,005913997239060609&0,005913997239060609&0,005913997239060609&0,04257836012547844&0,05001954359027749&0,05001954359027749&0,06770868654932305&0,08556584993141303&0,08556584993141303&0,3800161185209418&0,3800161185209418&0,3800161185209418&0,3800161185209418&0,3800161185209418&0,3800161185209418&0,3800161185209418&0,3800161185209418&0,3800161185209418&0,3800161185209418&0,3800161185209418&0,3800161185209418&0,3800161185209418&0,3800161185209418&0,3800161185209418&0,3800161185209418&0,3800161185209418&0,3800161185209418&0,3800161185209418&0,3800161185209418&0,3800161185209418"
13,20,1,0.1,7,250,0.380016118520942,13184849,2,830,22,"0&0,005913997239060609&0,005913997239060609&0,005913997239060609&0,04257836012547844&0,05001954359027749&0,05001954359027749&0,06770868654932305&0,08556584993141303&0,08556584993141303&0,3800161185209418&0,3800161185209418&0,3800161185209418&0,3800161185209418&0,3800161185209418&0,3800161185209418&0,3800161185209418&0,3800161185209418&0,3800161185209418&0,3800161185209418&0,3800161185209418&0,3800161185209418&0,3800161185209418&0,3800161185209418&0,3800161185209418&0,3800161185209418&0,3800161185209418&0,3800161185209418&0,3800161185209418&0,3800161185209418&0,3800161185209418"
13,20,1,0.1,7,250,0.380016118520942,6245868,2,830,22,"0&0,005913997239060609&0,005913997239060609&0,005913997239060609&0,04257836012547844&0,05001954359027749&0,05001954359027749&0,06770868654932305&0,08556584993141303&0,08556584993141303&0,3800161185209418&0,3800161185209418&0,3800161185209418&0,3800161185209418&0,3800161185209418&0,3800161185209418&0,3800161185209418&0,3800161185209418&0,3800161185209418&0,3800161185209418&0,3800161185209418&0,3800161185209418&0,3800161185209418&0,3800161185209418&0,3800161185209418&0,3800161185209418&0,3800161185209418&0,3800161185209418&0,3800161185209418&0,3800161185209418&0,3800161185209418"
13,20,1,0.1,7,250,0.397788097389637,22432171,2,831,21,"0&0&0&0&0&-0,01705120689180517&-0,01705120689180517&0,005913997239060609&0,013355312618797743&0,013355312618797743&0,031183887926241716&0,3800161185209418&0,3800161185209418&0,3800161185209418&0,3800161185209418&0,3800161185209418&0,3800161185209418&0,3800161185209418&0,3800161185209418&0,3800161185209418&0,3800161185209418&0,3800161185209418&0,3800161185209418&0,3977880973896374&0,3977880973896374&0,3977880973896374&0,3977880973896374&0,3977880973896374&0,3977880973896374&0,3977880973896374&0,3977880973896374&0,3977880973896374&0,3977880973896374&0,3977880973896374&0,3977880973896374&0,3977880973896374&0,3977880973896374&0,3977880973896374&0,3977880973896374&0,3977880973896374&0,3977880973896374&0,3977880973896374&0,3977880973896374&0,3977880973896374"
14,100,1,0.1,20,600,0.397788097389637,59528615,2,831,21,"0,3800161185209418&0,3977880973896374&0,3977880973896374&0,3977880973896374&0,3977880973896374&0,3977880973896374&0,3977880973896374&0,3977880973896374&0,3977880973896374&0,3977880973896374&0,3977880973896374&0,3977880973896374&0,3977880973896374&0,3977880973896374&0,3977880973896374&0,3977880973896374&0,3977880973896374&0,3977880973896374&0,3977880973896374&0,3977880973896374&0,3977880973896374&0,3977880973896374"
14,100,1,0.1,20,600,0.397788097389637,59757443,2,831,21,"0,3800161185209418&0,3977880973896374&0,3977880973896374&0,3977880973896374&0,3977880973896374&0,3977880973896374&0,3977880973896374&0,3977880973896374&0,3977880973896374&0,3977880973896374&0,3977880973896374&0,3977880973896374&0,3977880973896374&0,3977880973896374&0,3977880973896374&0,3977880973896374&0,3977880973896374&0,3977880973896374&0,3977880973896374&0,3977880973896374&0,3977880973896374&0,3977880973896374"
14,100,1,0.1,20,600,0.397788097389637,59826105,2,831,21,"0,3800161185209418&0,3977880973896374&0,3977880973896374&0,3977880973896374&0,3977880973896374&0,3977880973896374&0,3977880973896374&0,3977880973896374&0,3977880973896374&0,3977880973896374&0,3977880973896374&0,3977880973896374&0,3977880973896374&0,3977880973896374&0,3977880973896374&0,3977880973896374&0,3977880973896374&0,3977880973896374&0,3977880973896374&0,3977880973896374&0,3977880973896374&0,3977880973896374"
14,100,1,0.1,20,600,0.397788097389637,59955426,2,831,21,"0,3800161185209418&0,3977880973896374&0,3977880973896374&0,3977880973896374&0,3977880973896374&0,3977880973896374&0,3977880973896374&0,3977880973896374&0,3977880973896374&0,3977880973896374&0,3977880973896374&0,3977880973896374&0,3977880973896374&0,3977880973896374&0,3977880973896374&0,3977880973896374&0,3977880973896374&0,3977880973896374&0,3977880973896374&0,3977880973896374&0,3977880973896374&0,3977880973896374"
14,100,1,0.1,20,600,0.397788097389637,59975120,2,831,21,"0,3800161185209418&0,3977880973896374&0,3977880973896374&0,3977880973896374&0,3977880973896374&0,3977880973896374&0,3977880973896374&0,3977880973896374&0,3977880973896374&0,3977880973896374&0,3977880973896374&0,3977880973896374&0,3977880973896374&0,3977880973896374&0,3977880973896374&0,3977880973896374&0,3977880973896374&0,3977880973896374&0,3977880973896374&0,3977880973896374&0,3977880973896374&0,3977880973896374"
14,100,1,0.1,20,600,0.397788097389637,59982206,2,831,21,"0,3800161185209418&0,3977880973896374&0,3977880973896374&0,3977880973896374&0,3977880973896374&0,3977880973896374&0,3977880973896374&0,3977880973896374&0,3977880973896374&0,3977880973896374&0,3977880973896374&0,3977880973896374&0,3977880973896374&0,3977880973896374&0,3977880973896374&0,3977880973896374&0,3977880973896374&0,3977880973896374&0,3977880973896374&0,3977880973896374&0,3977880973896374&0,3977880973896374"
14,100,1,0.1,20,600,0.397788097389637,60111750,2,831,21,"0,3800161185209418&0,3977880973896374&0,3977880973896374&0,3977880973896374&0,3977880973896374&0,3977880973896374&0,3977880973896374&0,3977880973896374&0,3977880973896374&0,3977880973896374&0,3977880973896374&0,3977880973896374&0,3977880973896374&0,3977880973896374&0,3977880973896374&0,3977880973896374&0,3977880973896374&0,3977880973896374&0,3977880973896374&0,3977880973896374&0,3977880973896374&0,3977880973896374"
14,100,1,0.1,20,600,0.397788097389637,60142013,2,831,21,"0,3800161185209418&0,3977880973896374&0,3977880973896374&0,3977880973896374&0,3977880973896374&0,3977880973896374&0,3977880973896374&0,3977880973896374&0,3977880973896374&0,3977880973896374&0,3977880973896374&0,3977880973896374&0,3977880973896374&0,3977880973896374&0,3977880973896374&0,3977880973896374&0,3977880973896374&0,3977880973896374&0,3977880973896374&0,3977880973896374&0,3977880973896374&0,3977880973896374"
14,100,1,0.1,20,600,0.397788097389637,28379082,2,831,21,"0,3800161185209418&0,3977880973896374&0,3977880973896374&0,3977880973896374&0,3977880973896374&0,3977880973896374&0,3977880973896374&0,3977880973896374&0,3977880973896374&0,3977880973896374&0,3977880973896374&0,3977880973896374&0,3977880973896374&0,3977880973896374&0,3977880973896374&0,3977880973896374&0,3977880973896374&0,3977880973896374&0,3977880973896374&0,3977880973896374&0,3977880973896374&0,3977880973896374"
14,100,1,0.1,20,600,0.397788097389637,40014389,2,831,21,"0&0,21720878486343964&0,2607132780213067&0,2855167588710644&0,3290212520289316&0,3592444950367947&0,3977880973896374&0,3977880973896374&0,3977880973896374&0,3977880973896374&0,3977880973896374&0,3977880973896374&0,3977880973896374&0,3977880973896374&0,3977880973896374&0,3977880973896374&0,3977880973896374&0,3977880973896374&0,3977880973896374&0,3977880973896374&0,3977880973896374&0,3977880973896374&0,3977880973896374&0,3977880973896374&0,3977880973896374&0,3977880973896374&0,3977880973896374"
15,20,1,0.4,20,50,0.397788097389637,12561491,2,831,21,"0&0,023741260620069538&0,3725777711306464&0,3903493558287639&0,3903493558287639&0,3977880973896374&0,3977880973896374&0,3977880973896374&0,3977880973896374&0,3977880973896374&0,3977880973896374&0,3977880973896374&0,3977880973896374&0,3977880973896374&0,3977880973896374&0,3977880973896374&0,3977880973896374&0,3977880973896374&0,3977880973896374&0,3977880973896374&0,3977880973896374&0,3977880973896374&0,3977880973896374&0,3977880973896374"
15,20,1,0.4,20,50,0.397788097389637,12580455,2,831,21,"0&0,023741260620069538&0,3725777711306464&0,3903493558287639&0,3903493558287639&0,3977880973896374&0,3977880973896374&0,3977880973896374&0,3977880973896374&0,3977880973896374&0,3977880973896374&0,3977880973896374&0,3977880973896374&0,3977880973896374&0,3977880973896374&0,3977880973896374&0,3977880973896374&0,3977880973896374&0,3977880973896374&0,3977880973896374&0,3977880973896374&0,3977880973896374&0,3977880973896374&0,3977880973896374"
15,20,1,0.4,20,50,0.397788097389637,12593820,2,831,21,"0&0,023741260620069538&0,3725777711306464&0,3903493558287639&0,3903493558287639&0,3977880973896374&0,3977880973896374&0,3977880973896374&0,3977880973896374&0,3977880973896374&0,3977880973896374&0,3977880973896374&0,3977880973896374&0,3977880973896374&0,3977880973896374&0,3977880973896374&0,3977880973896374&0,3977880973896374&0,3977880973896374&0,3977880973896374&0,3977880973896374&0,3977880973896374&0,3977880973896374&0,3977880973896374"
15,20,1,0.4,20,50,0.397788097389637,12628771,2,831,21,"0&0,023741260620069538&0,3725777711306464&0,3903493558287639&0,3903493558287639&0,3977880973896374&0,3977880973896374&0,3977880973896374&0,3977880973896374&0,3977880973896374&0,3977880973896374&0,3977880973896374&0,3977880973896374&0,3977880973896374&0,3977880973896374&0,3977880973896374&0,3977880973896374&0,3977880973896374&0,3977880973896374&0,3977880973896374&0,3977880973896374&0,3977880973896374&0,3977880973896374&0,3977880973896374"
15,20,1,0.4,20,50,0.397788097389637,12637314,2,831,21,"0&0,023741260620069538&0,3725777711306464&0,3903493558287639&0,3903493558287639&0,3977880973896374&0,3977880973896374&0,3977880973896374&0,3977880973896374&0,3977880973896374&0,3977880973896374&0,3977880973896374&0,3977880973896374&0,3977880973896374&0,3977880973896374&0,3977880973896374&0,3977880973896374&0,3977880973896374&0,3977880973896374&0,3977880973896374&0,3977880973896374&0,3977880973896374&0,3977880973896374&0,3977880973896374"
15,20,1,0.4,20,50,0.397788097389637,12637519,2,831,21,"0&0,023741260620069538&0,3725777711306464&0,3903493558287639&0,3903493558287639&0,3977880973896374&0,3977880973896374&0,3977880973896374&0,3977880973896374&0,3977880973896374&0,3977880973896374&0,3977880973896374&0,3977880973896374&0,3977880973896374&0,3977880973896374&0,3977880973896374&0,3977880973896374&0,3977880973896374&0,3977880973896374&0,3977880973896374&0,3977880973896374&0,3977880973896374&0,3977880973896374&0,3977880973896374"
15,20,1,0.4,20,50,0.397788097389637,12637323,2,831,21,"0&0,023741260620069538&0,3725777711306464&0,3903493558287639&0,3903493558287639&0,3977880973896374&0,3977880973896374&0,3977880973896374&0,3977880973896374&0,3977880973896374&0,3977880973896374&0,3977880973896374&0,3977880973896374&0,3977880973896374&0,3977880973896374&0,3977880973896374&0,3977880973896374&0,3977880973896374&0,3977880973896374&0,3977880973896374&0,3977880973896374&0,3977880973896374&0,3977880973896374&0,3977880973896374"
15,20,1,0.4,20,50,0.397788097389637,12638457,2,831,21,"0&0,023741260620069538&0,3725777711306464&0,3903493558287639&0,3903493558287639&0,3977880973896374&0,3977880973896374&0,3977880973896374&0,3977880973896374&0,3977880973896374&0,3977880973896374&0,3977880973896374&0,3977880973896374&0,3977880973896374&0,3977880973896374&0,3977880973896374&0,3977880973896374&0,3977880973896374&0,3977880973896374&0,3977880973896374&0,3977880973896374&0,3977880973896374&0,3977880973896374&0,3977880973896374"
15,20,1,0.4,20,50,0.397788097389637,5996702,2,831,21,"0&0,023741260620069538&0,3725777711306464&0,3903493558287639&0,3903493558287639&0,3977880973896374&0,3977880973896374&0,3977880973896374&0,3977880973896374&0,3977880973896374&0,3977880973896374&0,3977880973896374&0,3977880973896374&0,3977880973896374&0,3977880973896374&0,3977880973896374&0,3977880973896374&0,3977880973896374&0,3977880973896374&0,3977880973896374&0,3977880973896374&0,3977880973896374&0,3977880973896374&0,3977880973896374"
15,20,1,0.4,20,50,0.480490392394566,64950640,3,828,3,"0&0&0&0&0&0&0&0&0&0&0&0&0&0,3567516099017305&0,4250604258294862&0,4344616264280482&0,4344616264280482&0,4552811797712041&0,4627189757392154&0,4627189757392154&0,4627189757392154&0,4804903923945655&0,4804903923945655&0,4804903923945655&0,4804903923945655&0,4804903923945655&0,4804903923945655&0,4804903923945655&0,4804903923945655&0,4804903923945655&0,4804903923945655&0,4804903923945655&0,4804903923945655&0,4804903923945655&0,4804903923945655&0,4804903923945655&0,4804903923945655&0,4804903923945655&0,4804903923945655&0,4804903923945655&0,4804903923945655&0,4804903923945655"
16,100,1,0.4,2,250,0.397788097389637,111275755,2,831,21,"0,3800161185209418&0,3800161185209418&0,3800161185209418&0,3800161185209418&0,38697284294418405&0,4250604258294862&0,4278567066920989&0,4049828816568042&0,3977880973896374&0,3977880973896374&0,3977880973896374&0,3977880973896374&0,3977880973896374&0,3977880973896374&0,3977880973896374&0,3977880973896374&0,3977880973896374&0,3977880973896374&0,3977880973896374&0,3977880973896374&0,3977880973896374&0,3977880973896374&0,3977880973896374&0,3977880973896374&0,3977880973896374&0,3977880973896374&0,3977880973896374&0,3977880973896374"
16,100,1,0.4,2,250,0.397788097389637,112582877,2,831,21,"0,3800161185209418&0,3800161185209418&0,3800161185209418&0,3800161185209418&0,38697284294418405&0,4250604258294862&0,4278567066920989&0,4049828816568042&0,3977880973896374&0,3977880973896374&0,3977880973896374&0,3977880973896374&0,3977880973896374&0,3977880973896374&0,3977880973896374&0,3977880973896374&0,3977880973896374&0,3977880973896374&0,3977880973896374&0,3977880973896374&0,3977880973896374&0,3977880973896374&0,3977880973896374&0,3977880973896374&0,3977880973896374&0,3977880973896374&0,3977880973896374&0,3977880973896374"
16,100,1,0.4,2,250,0.397788097389637,113133568,2,831,21,"0,3800161185209418&0,3800161185209418&0,3800161185209418&0,3800161185209418&0,38697284294418405&0,4250604258294862&0,4278567066920989&0,4049828816568042&0,3977880973896374&0,3977880973896374&0,3977880973896374&0,3977880973896374&0,3977880973896374&0,3977880973896374&0,3977880973896374&0,3977880973896374&0,3977880973896374&0,3977880973896374&0,3977880973896374&0,3977880973896374&0,3977880973896374&0,3977880973896374&0,3977880973896374&0,3977880973896374&0,3977880973896374&0,3977880973896374&0,3977880973896374&0,3977880973896374"
16,100,1,0.4,2,250,0.397788097389637,113134491,2,831,21,"0,3800161185209418&0,3800161185209418&0,3800161185209418&0,3800161185209418&0,38697284294418405&0,4250604258294862&0,4278567066920989&0,4049828816568042&0,3977880973896374&0,3977880973896374&0,3977880973896374&0,3977880973896374&0,3977880973896374&0,3977880973896374&0,3977880973896374&0,3977880973896374&0,3977880973896374&0,3977880973896374&0,3977880973896374&0,3977880973896374&0,3977880973896374&0,3977880973896374&0,3977880973896374&0,3977880973896374&0,3977880973896374&0,3977880973896374&0,3977880973896374&0,3977880973896374"
16,100,1,0.4,2,250,0.397788097389637,113144585,2,831,21,"0,3800161185209418&0,3800161185209418&0,3800161185209418&0,3800161185209418&0,38697284294418405&0,4250604258294862&0,4278567066920989&0,4049828816568042&0,3977880973896374&0,3977880973896374&0,3977880973896374&0,3977880973896374&0,3977880973896374&0,3977880973896374&0,3977880973896374&0,3977880973896374&0,3977880973896374&0,3977880973896374&0,3977880973896374&0,3977880973896374&0,3977880973896374&0,3977880973896374&0,3977880973896374&0,3977880973896374&0,3977880973896374&0,3977880973896374&0,3977880973896374&0,3977880973896374"
16,100,1,0.4,2,250,0.397788097389637,113488887,2,831,21,"0,3800161185209418&0,3800161185209418&0,3800161185209418&0,3800161185209418&0,38697284294418405&0,4250604258294862&0,4278567066920989&0,4049828816568042&0,3977880973896374&0,3977880973896374&0,3977880973896374&0,3977880973896374&0,3977880973896374&0,3977880973896374&0,3977880973896374&0,3977880973896374&0,3977880973896374&0,3977880973896374&0,3977880973896374&0,3977880973896374&0,3977880973896374&0,3977880973896374&0,3977880973896374&0,3977880973896374&0,3977880973896374&0,3977880973896374&0,3977880973896374&0,3977880973896374"
16,100,1,0.4,2,250,0.397788097389637,113536969,2,831,21,"0,3800161185209418&0,3800161185209418&0,3800161185209418&0,3800161185209418&0,38697284294418405&0,4250604258294862&0,4278567066920989&0,4049828816568042&0,3977880973896374&0,3977880973896374&0,3977880973896374&0,3977880973896374&0,3977880973896374&0,3977880973896374&0,3977880973896374&0,3977880973896374&0,3977880973896374&0,3977880973896374&0,3977880973896374&0,3977880973896374&0,3977880973896374&0,3977880973896374&0,3977880973896374&0,3977880973896374&0,3977880973896374&0,3977880973896374&0,3977880973896374&0,3977880973896374"
16,100,1,0.4,2,250,0.397788097389637,113547701,2,831,21,"0,3800161185209418&0,3800161185209418&0,3800161185209418&0,3800161185209418&0,38697284294418405&0,4250604258294862&0,4278567066920989&0,4049828816568042&0,3977880973896374&0,3977880973896374&0,3977880973896374&0,3977880973896374&0,3977880973896374&0,3977880973896374&0,3977880973896374&0,3977880973896374&0,3977880973896374&0,3977880973896374&0,3977880973896374&0,3977880973896374&0,3977880973896374&0,3977880973896374&0,3977880973896374&0,3977880973896374&0,3977880973896374&0,3977880973896374&0,3977880973896374&0,3977880973896374"
16,100,1,0.4,2,250,0.397788097389637,53064961,2,831,21,"0,3800161185209418&0,3800161185209418&0,3800161185209418&0,3800161185209418&0,38697284294418405&0,4250604258294862&0,4278567066920989&0,4049828816568042&0,3977880973896374&0,3977880973896374&0,3977880973896374&0,3977880973896374&0,3977880973896374&0,3977880973896374&0,3977880973896374&0,3977880973896374&0,3977880973896374&0,3977880973896374&0,3977880973896374&0,3977880973896374&0,3977880973896374&0,3977880973896374&0,3977880973896374&0,3977880973896374&0,3977880973896374&0,3977880973896374&0,3977880973896374&0,3977880973896374"
16,100,1,0.4,2,250,0.436411528263548,56423786,3,829,2,"0&0&0,3923682984926813&0,30966662627120156&0,28908626896727596&0,28908626896727596&0,3725777711306464&0,3903493558287639&0,416597677636169&0,416597677636169&0,416597677636169&0,416597677636169&0,4348312565296106&0,4348312565296106&0,4348312565296106&0,4348312565296106&0,4348312565296106&0,4348312565296106&0,4348312565296106&0,4348312565296106&0,4348312565296106&0,43641152826354834&0,4348312565296106&0,4348312565296106&0,4348312565296106&0,43641152826354834&0,43641152826354834&0,43641152826354834&0,43641152826354834&0,43641152826354834&0,43641152826354834&0,43641152826354834&0,43641152826354834"
17,20,1,0.8,2,600,0.397788097389637,25804030,2,831,21,"0&0&-0,2633931503610738&-0,2633931503610738&0,20055881262935488&0,2611739688829353&0,35259333280116056&0,3800161185209418&0,33224970948948007&0,38374469704150804&0,38216431919740834&0,3977880973896374&0,3977880973896374&0,3977880973896374&0,3977880973896374&0,3977880973896374&0,3977880973896374&0,3977880973896374&0,3977880973896374&0,3977880973896374&0,3977880973896374&0,3977880973896374&0,3977880973896374&0,3977880973896374&0,3977880973896374&0,3977880973896374&0,3977880973896374&0,3977880973896374&0,3977880973896374&0,3977880973896374&0,3977880973896374&0,3977880973896374"
17,20,1,0.8,2,600,0.397788097389637,25993207,2,831,21,"0&0&-0,2633931503610738&-0,2633931503610738&0,20055881262935488&0,2611739688829353&0,35259333280116056&0,3800161185209418&0,33224970948948007&0,38374469704150804&0,38216431919740834&0,3977880973896374&0,3977880973896374&0,3977880973896374&0,3977880973896374&0,3977880973896374&0,3977880973896374&0,3977880973896374&0,3977880973896374&0,3977880973896374&0,3977880973896374&0,3977880973896374&0,3977880973896374&0,3977880973896374&0,3977880973896374&0,3977880973896374&0,3977880973896374&0,3977880973896374&0,3977880973896374&0,3977880973896374&0,3977880973896374&0,3977880973896374"
17,20,1,0.8,2,600,0.397788097389637,25995335,2,831,21,"0&0&-0,2633931503610738&-0,2633931503610738&0,20055881262935488&0,2611739688829353&0,35259333280116056&0,3800161185209418&0,33224970948948007&0,38374469704150804&0,38216431919740834&0,3977880973896374&0,3977880973896374&0,3977880973896374&0,3977880973896374&0,3977880973896374&0,3977880973896374&0,3977880973896374&0,3977880973896374&0,3977880973896374&0,3977880973896374&0,3977880973896374&0,3977880973896374&0,3977880973896374&0,3977880973896374&0,3977880973896374&0,3977880973896374&0,3977880973896374&0,3977880973896374&0,3977880973896374&0,3977880973896374&0,3977880973896374"
17,20,1,0.8,2,600,0.397788097389637,25996627,2,831,21,"0&0&-0,2633931503610738&-0,2633931503610738&0,20055881262935488&0,2611739688829353&0,35259333280116056&0,3800161185209418&0,33224970948948007&0,38374469704150804&0,38216431919740834&0,3977880973896374&0,3977880973896374&0,3977880973896374&0,3977880973896374&0,3977880973896374&0,3977880973896374&0,3977880973896374&0,3977880973896374&0,3977880973896374&0,3977880973896374&0,3977880973896374&0,3977880973896374&0,3977880973896374&0,3977880973896374&0,3977880973896374&0,3977880973896374&0,3977880973896374&0,3977880973896374&0,3977880973896374&0,3977880973896374&0,3977880973896374"
17,20,1,0.8,2,600,0.397788097389637,25996281,2,831,21,"0&0&-0,2633931503610738&-0,2633931503610738&0,20055881262935488&0,2611739688829353&0,35259333280116056&0,3800161185209418&0,33224970948948007&0,38374469704150804&0,38216431919740834&0,3977880973896374&0,3977880973896374&0,3977880973896374&0,3977880973896374&0,3977880973896374&0,3977880973896374&0,3977880973896374&0,3977880973896374&0,3977880973896374&0,3977880973896374&0,3977880973896374&0,3977880973896374&0,3977880973896374&0,3977880973896374&0,3977880973896374&0,3977880973896374&0,3977880973896374&0,3977880973896374&0,3977880973896374&0,3977880973896374&0,3977880973896374"
17,20,1,0.8,2,600,0.397788097389637,26076265,2,831,21,"0&0&-0,2633931503610738&-0,2633931503610738&0,20055881262935488&0,2611739688829353&0,35259333280116056&0,3800161185209418&0,33224970948948007&0,38374469704150804&0,38216431919740834&0,3977880973896374&0,3977880973896374&0,3977880973896374&0,3977880973896374&0,3977880973896374&0,3977880973896374&0,3977880973896374&0,3977880973896374&0,3977880973896374&0,3977880973896374&0,3977880973896374&0,3977880973896374&0,3977880973896374&0,3977880973896374&0,3977880973896374&0,3977880973896374&0,3977880973896374&0,3977880973896374&0,3977880973896374&0,3977880973896374&0,3977880973896374"
17,20,1,0.8,2,600,0.397788097389637,26289383,2,831,21,"0&0&-0,2633931503610738&-0,2633931503610738&0,20055881262935488&0,2611739688829353&0,35259333280116056&0,3800161185209418&0,33224970948948007&0,38374469704150804&0,38216431919740834&0,3977880973896374&0,3977880973896374&0,3977880973896374&0,3977880973896374&0,3977880973896374&0,3977880973896374&0,3977880973896374&0,3977880973896374&0,3977880973896374&0,3977880973896374&0,3977880973896374&0,3977880973896374&0,3977880973896374&0,3977880973896374&0,3977880973896374&0,3977880973896374&0,3977880973896374&0,3977880973896374&0,3977880973896374&0,3977880973896374&0,3977880973896374"
17,20,1,0.8,2,600,0.397788097389637,26292613,2,831,21,"0&0&-0,2633931503610738&-0,2633931503610738&0,20055881262935488&0,2611739688829353&0,35259333280116056&0,3800161185209418&0,33224970948948007&0,38374469704150804&0,38216431919740834&0,3977880973896374&0,3977880973896374&0,3977880973896374&0,3977880973896374&0,3977880973896374&0,3977880973896374&0,3977880973896374&0,3977880973896374&0,3977880973896374&0,3977880973896374&0,3977880973896374&0,3977880973896374&0,3977880973896374&0,3977880973896374&0,3977880973896374&0,3977880973896374&0,3977880973896374&0,3977880973896374&0,3977880973896374&0,3977880973896374&0,3977880973896374"
17,20,1,0.8,2,600,0.397788097389637,12150757,2,831,21,"0&0&-0,2633931503610738&-0,2633931503610738&0,20055881262935488&0,2611739688829353&0,35259333280116056&0,3800161185209418&0,33224970948948007&0,38374469704150804&0,38216431919740834&0,3977880973896374&0,3977880973896374&0,3977880973896374&0,3977880973896374&0,3977880973896374&0,3977880973896374&0,3977880973896374&0,3977880973896374&0,3977880973896374&0,3977880973896374&0,3977880973896374&0,3977880973896374&0,3977880973896374&0,3977880973896374&0,3977880973896374&0,3977880973896374&0,3977880973896374&0,3977880973896374&0,3977880973896374&0,3977880973896374&0,3977880973896374"
17,20,1,0.8,2,600,0.397788097389637,14738954,2,831,21,"0&0&0&0,3800161185209418&0,3800161185209418&0,3800161185209418&0,3800161185209418&0,3800161185209418&0,3962084562120074&0,3962084562120074&0,3962084562120074&0,3962084562120074&0,3962084562120074&0,3962084562120074&0,3962084562120074&0,3977880973896374&0,3962084562120074&0,3977880973896374&0,3977880973896374&0,3977880973896374&0,3977880973896374&0,3962084562120074&0,3962084562120074&0,3977880973896374&0,3977880973896374&0,3977880973896374&0,3977880973896374&0,3977880973896374&0,3977880973896374"
18,100,1,0.8,7,50,0.397788097389637,133452839,2,831,21,"0,3800161185209418&0,3800161185209418&0,3800161185209418&0,3977880973896374&0,3977880973896374&0,3977880973896374&0,3977880973896374&0,3977880973896374&0,3977880973896374&0,3977880973896374&0,3977880973896374&0,3977880973896374&0,3977880973896374&0,3977880973896374&0,3977880973896374&0,3977880973896374&0,3977880973896374&0,3977880973896374&0,3977880973896374&0,3977880973896374&0,3977880973896374&0,3977880973896374&0,3977880973896374&0,3977880973896374"
18,100,1,0.8,7,50,0.397788097389637,133514982,2,831,21,"0,3800161185209418&0,3800161185209418&0,3800161185209418&0,3977880973896374&0,3977880973896374&0,3977880973896374&0,3977880973896374&0,3977880973896374&0,3977880973896374&0,3977880973896374&0,3977880973896374&0,3977880973896374&0,3977880973896374&0,3977880973896374&0,3977880973896374&0,3977880973896374&0,3977880973896374&0,3977880973896374&0,3977880973896374&0,3977880973896374&0,3977880973896374&0,3977880973896374&0,3977880973896374&0,3977880973896374"
18,100,1,0.8,7,50,0.397788097389637,133529989,2,831,21,"0,3800161185209418&0,3800161185209418&0,3800161185209418&0,3977880973896374&0,3977880973896374&0,3977880973896374&0,3977880973896374&0,3977880973896374&0,3977880973896374&0,3977880973896374&0,3977880973896374&0,3977880973896374&0,3977880973896374&0,3977880973896374&0,3977880973896374&0,3977880973896374&0,3977880973896374&0,3977880973896374&0,3977880973896374&0,3977880973896374&0,3977880973896374&0,3977880973896374&0,3977880973896374&0,3977880973896374"
18,100,1,0.8,7,50,0.397788097389637,133692032,2,831,21,"0,3800161185209418&0,3800161185209418&0,3800161185209418&0,3977880973896374&0,3977880973896374&0,3977880973896374&0,3977880973896374&0,3977880973896374&0,3977880973896374&0,3977880973896374&0,3977880973896374&0,3977880973896374&0,3977880973896374&0,3977880973896374&0,3977880973896374&0,3977880973896374&0,3977880973896374&0,3977880973896374&0,3977880973896374&0,3977880973896374&0,3977880973896374&0,3977880973896374&0,3977880973896374&0,3977880973896374"
18,100,1,0.8,7,50,0.397788097389637,133701173,2,831,21,"0,3800161185209418&0,3800161185209418&0,3800161185209418&0,3977880973896374&0,3977880973896374&0,3977880973896374&0,3977880973896374&0,3977880973896374&0,3977880973896374&0,3977880973896374&0,3977880973896374&0,3977880973896374&0,3977880973896374&0,3977880973896374&0,3977880973896374&0,3977880973896374&0,3977880973896374&0,3977880973896374&0,3977880973896374&0,3977880973896374&0,3977880973896374&0,3977880973896374&0,3977880973896374&0,3977880973896374"
18,100,1,0.8,7,50,0.397788097389637,133872169,2,831,21,"0,3800161185209418&0,3800161185209418&0,3800161185209418&0,3977880973896374&0,3977880973896374&0,3977880973896374&0,3977880973896374&0,3977880973896374&0,3977880973896374&0,3977880973896374&0,3977880973896374&0,3977880973896374&0,3977880973896374&0,3977880973896374&0,3977880973896374&0,3977880973896374&0,3977880973896374&0,3977880973896374&0,3977880973896374&0,3977880973896374&0,3977880973896374&0,3977880973896374&0,3977880973896374&0,3977880973896374"
18,100,1,0.8,7,50,0.397788097389637,133917212,2,831,21,"0,3800161185209418&0,3800161185209418&0,3800161185209418&0,3977880973896374&0,3977880973896374&0,3977880973896374&0,3977880973896374&0,3977880973896374&0,3977880973896374&0,3977880973896374&0,3977880973896374&0,3977880973896374&0,3977880973896374&0,3977880973896374&0,3977880973896374&0,3977880973896374&0,3977880973896374&0,3977880973896374&0,3977880973896374&0,3977880973896374&0,3977880973896374&0,3977880973896374&0,3977880973896374&0,3977880973896374"
18,100,1,0.8,7,50,0.397788097389637,134002284,2,831,21,"0,3800161185209418&0,3800161185209418&0,3800161185209418&0,3977880973896374&0,3977880973896374&0,3977880973896374&0,3977880973896374&0,3977880973896374&0,3977880973896374&0,3977880973896374&0,3977880973896374&0,3977880973896374&0,3977880973896374&0,3977880973896374&0,3977880973896374&0,3977880973896374&0,3977880973896374&0,3977880973896374&0,3977880973896374&0,3977880973896374&0,3977880973896374&0,3977880973896374&0,3977880973896374&0,3977880973896374"
18,100,1,0.8,7,50,0.397788097389637,62420590,2,831,21,"0,3800161185209418&0,3800161185209418&0,3800161185209418&0,3977880973896374&0,3977880973896374&0,3977880973896374&0,3977880973896374&0,3977880973896374&0,3977880973896374&0,3977880973896374&0,3977880973896374&0,3977880973896374&0,3977880973896374&0,3977880973896374&0,3977880973896374&0,3977880973896374&0,3977880973896374&0,3977880973896374&0,3977880973896374&0,3977880973896374&0,3977880973896374&0,3977880973896374&0,3977880973896374&0,3977880973896374"
18,100,1,0.8,7,50,0.397788097389637,86316038,2,831,21,"0&0&0&0,3800161185209418&0,3800161185209418&0,3977880973896374&0,3977880973896374&0,3977880973896374&0,3977880973896374&0,3977880973896374&0,3977880973896374&0,3977880973896374&0,3977880973896374&0,3977880973896374&0,3977880973896374&0,3977880973896374&0,3977880973896374&0,3977880973896374&0,3977880973896374&0,3977880973896374&0,3977880973896374&0,3977880973896374&0,3977880973896374&0,3977880973896374&0,3977880973896374&0,3977880973896374"
19,200,0.1,0.1,20,600,0.397788097389637,59538931,2,831,21,"0,3800161185209418&0,3800161185209418&0,3800161185209418&0,3800161185209418&0,3800161185209418&0,3800161185209418&0,3800161185209418&0,3977880973896374&0,3977880973896374&0,3977880973896374&0,3977880973896374&0,3977880973896374&0,3977880973896374&0,3977880973896374&0,3977880973896374&0,3977880973896374&0,3977880973896374&0,3977880973896374&0,3977880973896374&0,3977880973896374&0,3977880973896374&0,3977880973896374&0,3977880973896374&0,3977880973896374&0,3977880973896374&0,3977880973896374&0,3977880973896374&0,3977880973896374"
19,200,0.1,0.1,20,600,0.397788097389637,59658501,2,831,21,"0,3800161185209418&0,3800161185209418&0,3800161185209418&0,3800161185209418&0,3800161185209418&0,3800161185209418&0,3800161185209418&0,3977880973896374&0,3977880973896374&0,3977880973896374&0,3977880973896374&0,3977880973896374&0,3977880973896374&0,3977880973896374&0,3977880973896374&0,3977880973896374&0,3977880973896374&0,3977880973896374&0,3977880973896374&0,3977880973896374&0,3977880973896374&0,3977880973896374&0,3977880973896374&0,3977880973896374&0,3977880973896374&0,3977880973896374&0,3977880973896374&0,3977880973896374"
19,200,0.1,0.1,20,600,0.397788097389637,59698530,2,831,21,"0,3800161185209418&0,3800161185209418&0,3800161185209418&0,3800161185209418&0,3800161185209418&0,3800161185209418&0,3800161185209418&0,3977880973896374&0,3977880973896374&0,3977880973896374&0,3977880973896374&0,3977880973896374&0,3977880973896374&0,3977880973896374&0,3977880973896374&0,3977880973896374&0,3977880973896374&0,3977880973896374&0,3977880973896374&0,3977880973896374&0,3977880973896374&0,3977880973896374&0,3977880973896374&0,3977880973896374&0,3977880973896374&0,3977880973896374&0,3977880973896374&0,3977880973896374"
19,200,0.1,0.1,20,600,0.397788097389637,59784350,2,831,21,"0,3800161185209418&0,3800161185209418&0,3800161185209418&0,3800161185209418&0,3800161185209418&0,3800161185209418&0,3800161185209418&0,3977880973896374&0,3977880973896374&0,3977880973896374&0,3977880973896374&0,3977880973896374&0,3977880973896374&0,3977880973896374&0,3977880973896374&0,3977880973896374&0,3977880973896374&0,3977880973896374&0,3977880973896374&0,3977880973896374&0,3977880973896374&0,3977880973896374&0,3977880973896374&0,3977880973896374&0,3977880973896374&0,3977880973896374&0,3977880973896374&0,3977880973896374"
19,200,0.1,0.1,20,600,0.397788097389637,59781842,2,831,21,"0,3800161185209418&0,3800161185209418&0,3800161185209418&0,3800161185209418&0,3800161185209418&0,3800161185209418&0,3800161185209418&0,3977880973896374&0,3977880973896374&0,3977880973896374&0,3977880973896374&0,3977880973896374&0,3977880973896374&0,3977880973896374&0,3977880973896374&0,3977880973896374&0,3977880973896374&0,3977880973896374&0,3977880973896374&0,3977880973896374&0,3977880973896374&0,3977880973896374&0,3977880973896374&0,3977880973896374&0,3977880973896374&0,3977880973896374&0,3977880973896374&0,3977880973896374"
19,200,0.1,0.1,20,600,0.397788097389637,59820918,2,831,21,"0,3800161185209418&0,3800161185209418&0,3800161185209418&0,3800161185209418&0,3800161185209418&0,3800161185209418&0,3800161185209418&0,3977880973896374&0,3977880973896374&0,3977880973896374&0,3977880973896374&0,3977880973896374&0,3977880973896374&0,3977880973896374&0,3977880973896374&0,3977880973896374&0,3977880973896374&0,3977880973896374&0,3977880973896374&0,3977880973896374&0,3977880973896374&0,3977880973896374&0,3977880973896374&0,3977880973896374&0,3977880973896374&0,3977880973896374&0,3977880973896374&0,3977880973896374"
19,200,0.1,0.1,20,600,0.397788097389637,59840346,2,831,21,"0,3800161185209418&0,3800161185209418&0,3800161185209418&0,3800161185209418&0,3800161185209418&0,3800161185209418&0,3800161185209418&0,3977880973896374&0,3977880973896374&0,3977880973896374&0,3977880973896374&0,3977880973896374&0,3977880973896374&0,3977880973896374&0,3977880973896374&0,3977880973896374&0,3977880973896374&0,3977880973896374&0,3977880973896374&0,3977880973896374&0,3977880973896374&0,3977880973896374&0,3977880973896374&0,3977880973896374&0,3977880973896374&0,3977880973896374&0,3977880973896374&0,3977880973896374"
19,200,0.1,0.1,20,600,0.397788097389637,59885334,2,831,21,"0,3800161185209418&0,3800161185209418&0,3800161185209418&0,3800161185209418&0,3800161185209418&0,3800161185209418&0,3800161185209418&0,3977880973896374&0,3977880973896374&0,3977880973896374&0,3977880973896374&0,3977880973896374&0,3977880973896374&0,3977880973896374&0,3977880973896374&0,3977880973896374&0,3977880973896374&0,3977880973896374&0,3977880973896374&0,3977880973896374&0,3977880973896374&0,3977880973896374&0,3977880973896374&0,3977880973896374&0,3977880973896374&0,3977880973896374&0,3977880973896374&0,3977880973896374"
19,200,0.1,0.1,20,600,0.380016118520942,22556007,2,830,22,"0,3800161185209418&0,3800161185209418&0,3800161185209418&0,3800161185209418&0,3800161185209418&0,3800161185209418&0,3800161185209418&0,3800161185209418&0,3800161185209418&0,3800161185209418&0,3800161185209418&0,3800161185209418&0,3800161185209418&0,3800161185209418&0,3800161185209418&0,3800161185209418&0,3800161185209418&0,3800161185209418&0,3800161185209418&0,3800161185209418"
19,200,0.1,0.1,20,600,0.397788097389637,27159384,2,831,21,"0,3800161185209418&0,3800161185209418&0,3800161185209418&0,3800161185209418&0,3800161185209418&0,3800161185209418&0,3800161185209418&0,3977880973896374&0,3977880973896374&0,3977880973896374&0,3977880973896374&0,3977880973896374&0,3977880973896374&0,3977880973896374&0,3977880973896374&0,3977880973896374&0,3977880973896374&0,3977880973896374&0,3977880973896374&0,3977880973896374&0,3977880973896374&0,3977880973896374&0,3977880973896374&0,3977880973896374&0,3977880973896374&0,3977880973896374&0,3977880973896374&0,3977880973896374"
20,200,0.1,0.4,20,50,0.397788097389637,64660601,2,831,21,"0,3800161185209418&0,3800161185209418&0,3800161185209418&0,3800161185209418&0,3800161185209418&0,3800161185209418&0,39472690451389336&0,39472690451389336&0,395160228347224&0,395160228347224&0,395160228347224&0,3962084562120074&0,3962084562120074&0,3962084562120074&0,3962084562120074&0,3977880973896374&0,3977880973896374&0,3977880973896374&0,3977880973896374&0,3977880973896374&0,3977880973896374&0,3977880973896374&0,3977880973896374&0,3977880973896374&0,3977880973896374&0,3977880973896374&0,3977880973896374"
20,200,0.1,0.4,20,50,0.397788097389637,64834600,2,831,21,"0,3800161185209418&0,3800161185209418&0,3800161185209418&0,3800161185209418&0,3800161185209418&0,3800161185209418&0,39472690451389336&0,39472690451389336&0,395160228347224&0,395160228347224&0,395160228347224&0,3962084562120074&0,3962084562120074&0,3962084562120074&0,3962084562120074&0,3977880973896374&0,3977880973896374&0,3977880973896374&0,3977880973896374&0,3977880973896374&0,3977880973896374&0,3977880973896374&0,3977880973896374&0,3977880973896374&0,3977880973896374&0,3977880973896374&0,3977880973896374"
20,200,0.1,0.4,20,50,0.397788097389637,64845358,2,831,21,"0,3800161185209418&0,3800161185209418&0,3800161185209418&0,3800161185209418&0,3800161185209418&0,3800161185209418&0,39472690451389336&0,39472690451389336&0,395160228347224&0,395160228347224&0,395160228347224&0,3962084562120074&0,3962084562120074&0,3962084562120074&0,3962084562120074&0,3977880973896374&0,3977880973896374&0,3977880973896374&0,3977880973896374&0,3977880973896374&0,3977880973896374&0,3977880973896374&0,3977880973896374&0,3977880973896374&0,3977880973896374&0,3977880973896374&0,3977880973896374"
20,200,0.1,0.4,20,50,0.397788097389637,64941146,2,831,21,"0,3800161185209418&0,3800161185209418&0,3800161185209418&0,3800161185209418&0,3800161185209418&0,3800161185209418&0,39472690451389336&0,39472690451389336&0,395160228347224&0,395160228347224&0,395160228347224&0,3962084562120074&0,3962084562120074&0,3962084562120074&0,3962084562120074&0,3977880973896374&0,3977880973896374&0,3977880973896374&0,3977880973896374&0,3977880973896374&0,3977880973896374&0,3977880973896374&0,3977880973896374&0,3977880973896374&0,3977880973896374&0,3977880973896374&0,3977880973896374"
20,200,0.1,0.4,20,50,0.397788097389637,65018637,2,831,21,"0,3800161185209418&0,3800161185209418&0,3800161185209418&0,3800161185209418&0,3800161185209418&0,3800161185209418&0,39472690451389336&0,39472690451389336&0,395160228347224&0,395160228347224&0,395160228347224&0,3962084562120074&0,3962084562120074&0,3962084562120074&0,3962084562120074&0,3977880973896374&0,3977880973896374&0,3977880973896374&0,3977880973896374&0,3977880973896374&0,3977880973896374&0,3977880973896374&0,3977880973896374&0,3977880973896374&0,3977880973896374&0,3977880973896374&0,3977880973896374"
20,200,0.1,0.4,20,50,0.397788097389637,65033353,2,831,21,"0,3800161185209418&0,3800161185209418&0,3800161185209418&0,3800161185209418&0,3800161185209418&0,3800161185209418&0,39472690451389336&0,39472690451389336&0,395160228347224&0,395160228347224&0,395160228347224&0,3962084562120074&0,3962084562120074&0,3962084562120074&0,3962084562120074&0,3977880973896374&0,3977880973896374&0,3977880973896374&0,3977880973896374&0,3977880973896374&0,3977880973896374&0,3977880973896374&0,3977880973896374&0,3977880973896374&0,3977880973896374&0,3977880973896374&0,3977880973896374"
20,200,0.1,0.4,20,50,0.397788097389637,65086867,2,831,21,"0,3800161185209418&0,3800161185209418&0,3800161185209418&0,3800161185209418&0,3800161185209418&0,3800161185209418&0,39472690451389336&0,39472690451389336&0,395160228347224&0,395160228347224&0,395160228347224&0,3962084562120074&0,3962084562120074&0,3962084562120074&0,3962084562120074&0,3977880973896374&0,3977880973896374&0,3977880973896374&0,3977880973896374&0,3977880973896374&0,3977880973896374&0,3977880973896374&0,3977880973896374&0,3977880973896374&0,3977880973896374&0,3977880973896374&0,3977880973896374"
20,200,0.1,0.4,20,50,0.397788097389637,65190452,2,831,21,"0,3800161185209418&0,3800161185209418&0,3800161185209418&0,3800161185209418&0,3800161185209418&0,3800161185209418&0,39472690451389336&0,39472690451389336&0,395160228347224&0,395160228347224&0,395160228347224&0,3962084562120074&0,3962084562120074&0,3962084562120074&0,3962084562120074&0,3977880973896374&0,3977880973896374&0,3977880973896374&0,3977880973896374&0,3977880973896374&0,3977880973896374&0,3977880973896374&0,3977880973896374&0,3977880973896374&0,3977880973896374&0,3977880973896374&0,3977880973896374"
20,200,0.1,0.4,20,50,0.397788097389637,29556614,2,831,21,"0,3800161185209418&0,3800161185209418&0,3800161185209418&0,3800161185209418&0,3800161185209418&0,3800161185209418&0,39472690451389336&0,39472690451389336&0,395160228347224&0,395160228347224&0,395160228347224&0,3962084562120074&0,3962084562120074&0,3962084562120074&0,3962084562120074&0,3977880973896374&0,3977880973896374&0,3977880973896374&0,3977880973896374&0,3977880973896374&0,3977880973896374&0,3977880973896374&0,3977880973896374&0,3977880973896374&0,3977880973896374&0,3977880973896374&0,3977880973896374"
20,200,0.1,0.4,20,50,0,104593267,10,556,2,0&0&0&0&0&0&0&0&0&0&0&0&0&0&0&0&0&0&0&0
21,200,0.1,0.8,2,600,0.397788097389637,75938188,2,831,21,"0,3800161185209418&0,3800161185209418&0,3800161185209418&0,3977880973896374&0,3977880973896374&0,3977880973896374&0,3977880973896374&0,3977880973896374&0,3977880973896374&0,3977880973896374&0,3977880973896374&0,3977880973896374&0,3977880973896374&0,3977880973896374&0,3977880973896374&0,3977880973896374&0,3977880973896374&0,3977880973896374&0,3977880973896374&0,3977880973896374&0,3977880973896374&0,3977880973896374&0,3977880973896374&0,3977880973896374"
21,200,0.1,0.8,2,600,0.397788097389637,75993837,2,831,21,"0,3800161185209418&0,3800161185209418&0,3800161185209418&0,3977880973896374&0,3977880973896374&0,3977880973896374&0,3977880973896374&0,3977880973896374&0,3977880973896374&0,3977880973896374&0,3977880973896374&0,3977880973896374&0,3977880973896374&0,3977880973896374&0,3977880973896374&0,3977880973896374&0,3977880973896374&0,3977880973896374&0,3977880973896374&0,3977880973896374&0,3977880973896374&0,3977880973896374&0,3977880973896374&0,3977880973896374"
21,200,0.1,0.8,2,600,0.397788097389637,76007300,2,831,21,"0,3800161185209418&0,3800161185209418&0,3800161185209418&0,3977880973896374&0,3977880973896374&0,3977880973896374&0,3977880973896374&0,3977880973896374&0,3977880973896374&0,3977880973896374&0,3977880973896374&0,3977880973896374&0,3977880973896374&0,3977880973896374&0,3977880973896374&0,3977880973896374&0,3977880973896374&0,3977880973896374&0,3977880973896374&0,3977880973896374&0,3977880973896374&0,3977880973896374&0,3977880973896374&0,3977880973896374"
21,200,0.1,0.8,2,600,0.397788097389637,76085621,2,831,21,"0,3800161185209418&0,3800161185209418&0,3800161185209418&0,3977880973896374&0,3977880973896374&0,3977880973896374&0,3977880973896374&0,3977880973896374&0,3977880973896374&0,3977880973896374&0,3977880973896374&0,3977880973896374&0,3977880973896374&0,3977880973896374&0,3977880973896374&0,3977880973896374&0,3977880973896374&0,3977880973896374&0,3977880973896374&0,3977880973896374&0,3977880973896374&0,3977880973896374&0,3977880973896374&0,3977880973896374"
21,200,0.1,0.8,2,600,0.397788097389637,76117149,2,831,21,"0,3800161185209418&0,3800161185209418&0,3800161185209418&0,3977880973896374&0,3977880973896374&0,3977880973896374&0,3977880973896374&0,3977880973896374&0,3977880973896374&0,3977880973896374&0,3977880973896374&0,3977880973896374&0,3977880973896374&0,3977880973896374&0,3977880973896374&0,3977880973896374&0,3977880973896374&0,3977880973896374&0,3977880973896374&0,3977880973896374&0,3977880973896374&0,3977880973896374&0,3977880973896374&0,3977880973896374"
21,200,0.1,0.8,2,600,0.397788097389637,76655115,2,831,21,"0,3800161185209418&0,3800161185209418&0,3800161185209418&0,3977880973896374&0,3977880973896374&0,3977880973896374&0,3977880973896374&0,3977880973896374&0,3977880973896374&0,3977880973896374&0,3977880973896374&0,3977880973896374&0,3977880973896374&0,3977880973896374&0,3977880973896374&0,3977880973896374&0,3977880973896374&0,3977880973896374&0,3977880973896374&0,3977880973896374&0,3977880973896374&0,3977880973896374&0,3977880973896374&0,3977880973896374"
21,200,0.1,0.8,2,600,0.397788097389637,76672147,2,831,21,"0,3800161185209418&0,3800161185209418&0,3800161185209418&0,3977880973896374&0,3977880973896374&0,3977880973896374&0,3977880973896374&0,3977880973896374&0,3977880973896374&0,3977880973896374&0,3977880973896374&0,3977880973896374&0,3977880973896374&0,3977880973896374&0,3977880973896374&0,3977880973896374&0,3977880973896374&0,3977880973896374&0,3977880973896374&0,3977880973896374&0,3977880973896374&0,3977880973896374&0,3977880973896374&0,3977880973896374"
21,200,0.1,0.8,2,600,0.397788097389637,76699714,2,831,21,"0,3800161185209418&0,3800161185209418&0,3800161185209418&0,3977880973896374&0,3977880973896374&0,3977880973896374&0,3977880973896374&0,3977880973896374&0,3977880973896374&0,3977880973896374&0,3977880973896374&0,3977880973896374&0,3977880973896374&0,3977880973896374&0,3977880973896374&0,3977880973896374&0,3977880973896374&0,3977880973896374&0,3977880973896374&0,3977880973896374&0,3977880973896374&0,3977880973896374&0,3977880973896374&0,3977880973896374"
21,200,0.1,0.8,2,600,0.397788097389637,34936674,2,831,21,"0,3800161185209418&0,3800161185209418&0,3800161185209418&0,3977880973896374&0,3977880973896374&0,3977880973896374&0,3977880973896374&0,3977880973896374&0,3977880973896374&0,3977880973896374&0,3977880973896374&0,3977880973896374&0,3977880973896374&0,3977880973896374&0,3977880973896374&0,3977880973896374&0,3977880973896374&0,3977880973896374&0,3977880973896374&0,3977880973896374&0,3977880973896374&0,3977880973896374&0,3977880973896374&0,3977880973896374"
21,200,0.1,0.8,2,600,0.397788097389637,53135684,2,831,21,"0,3800161185209418&0,3800161185209418&0,3800161185209418&0,3117087658707009&0,3800161185209418&0,3800161185209418&0,3800161185209418&0,3800161185209418&0,3800161185209418&0,3977880973896374&0,3977880973896374&0,3977880973896374&0,3977880973896374&0,3977880973896374&0,3977880973896374&0,3977880973896374&0,3977880973896374&0,3977880973896374&0,3977880973896374&0,3977880973896374&0,3977880973896374&0,3977880973896374&0,3977880973896374&0,3977880973896374&0,3977880973896374&0,3977880973896374&0,3977880973896374&0,3977880973896374&0,3977880973896374&0,3977880973896374"
22,200,0.5,0.1,7,250,0.397788097389637,123601170,2,831,21,"0,3800161185209418&0,3800161185209418&0,3800161185209418&0,3800161185209418&0,3800161185209418&0,3977880973896374&0,3977880973896374&0,3977880973896374&0,3977880973896374&0,3977880973896374&0,3977880973896374&0,3977880973896374&0,3977880973896374&0,3977880973896374&0,3977880973896374&0,3977880973896374&0,3977880973896374&0,3977880973896374&0,3977880973896374&0,3977880973896374&0,3977880973896374&0,3977880973896374&0,3977880973896374&0,3977880973896374&0,3977880973896374&0,3977880973896374"
22,200,0.5,0.1,7,250,0.397788097389637,123621523,2,831,21,"0,3800161185209418&0,3800161185209418&0,3800161185209418&0,3800161185209418&0,3800161185209418&0,3977880973896374&0,3977880973896374&0,3977880973896374&0,3977880973896374&0,3977880973896374&0,3977880973896374&0,3977880973896374&0,3977880973896374&0,3977880973896374&0,3977880973896374&0,3977880973896374&0,3977880973896374&0,3977880973896374&0,3977880973896374&0,3977880973896374&0,3977880973896374&0,3977880973896374&0,3977880973896374&0,3977880973896374&0,3977880973896374&0,3977880973896374"
22,200,0.5,0.1,7,250,0.397788097389637,123628052,2,831,21,"0,3800161185209418&0,3800161185209418&0,3800161185209418&0,3800161185209418&0,3800161185209418&0,3977880973896374&0,3977880973896374&0,3977880973896374&0,3977880973896374&0,3977880973896374&0,3977880973896374&0,3977880973896374&0,3977880973896374&0,3977880973896374&0,3977880973896374&0,3977880973896374&0,3977880973896374&0,3977880973896374&0,3977880973896374&0,3977880973896374&0,3977880973896374&0,3977880973896374&0,3977880973896374&0,3977880973896374&0,3977880973896374&0,3977880973896374"
22,200,0.5,0.1,7,250,0.397788097389637,123805397,2,831,21,"0,3800161185209418&0,3800161185209418&0,3800161185209418&0,3800161185209418&0,3800161185209418&0,3977880973896374&0,3977880973896374&0,3977880973896374&0,3977880973896374&0,3977880973896374&0,3977880973896374&0,3977880973896374&0,3977880973896374&0,3977880973896374&0,3977880973896374&0,3977880973896374&0,3977880973896374&0,3977880973896374&0,3977880973896374&0,3977880973896374&0,3977880973896374&0,3977880973896374&0,3977880973896374&0,3977880973896374&0,3977880973896374&0,3977880973896374"
22,200,0.5,0.1,7,250,0.397788097389637,123999853,2,831,21,"0,3800161185209418&0,3800161185209418&0,3800161185209418&0,3800161185209418&0,3800161185209418&0,3977880973896374&0,3977880973896374&0,3977880973896374&0,3977880973896374&0,3977880973896374&0,3977880973896374&0,3977880973896374&0,3977880973896374&0,3977880973896374&0,3977880973896374&0,3977880973896374&0,3977880973896374&0,3977880973896374&0,3977880973896374&0,3977880973896374&0,3977880973896374&0,3977880973896374&0,3977880973896374&0,3977880973896374&0,3977880973896374&0,3977880973896374"
22,200,0.5,0.1,7,250,0.397788097389637,124060755,2,831,21,"0,3800161185209418&0,3800161185209418&0,3800161185209418&0,3800161185209418&0,3800161185209418&0,3977880973896374&0,3977880973896374&0,3977880973896374&0,3977880973896374&0,3977880973896374&0,3977880973896374&0,3977880973896374&0,3977880973896374&0,3977880973896374&0,3977880973896374&0,3977880973896374&0,3977880973896374&0,3977880973896374&0,3977880973896374&0,3977880973896374&0,3977880973896374&0,3977880973896374&0,3977880973896374&0,3977880973896374&0,3977880973896374&0,3977880973896374"
22,200,0.5,0.1,7,250,0.397788097389637,124090745,2,831,21,"0,3800161185209418&0,3800161185209418&0,3800161185209418&0,3800161185209418&0,3800161185209418&0,3977880973896374&0,3977880973896374&0,3977880973896374&0,3977880973896374&0,3977880973896374&0,3977880973896374&0,3977880973896374&0,3977880973896374&0,3977880973896374&0,3977880973896374&0,3977880973896374&0,3977880973896374&0,3977880973896374&0,3977880973896374&0,3977880973896374&0,3977880973896374&0,3977880973896374&0,3977880973896374&0,3977880973896374&0,3977880973896374&0,3977880973896374"
22,200,0.5,0.1,7,250,0.397788097389637,124087561,2,831,21,"0,3800161185209418&0,3800161185209418&0,3800161185209418&0,3800161185209418&0,3800161185209418&0,3977880973896374&0,3977880973896374&0,3977880973896374&0,3977880973896374&0,3977880973896374&0,3977880973896374&0,3977880973896374&0,3977880973896374&0,3977880973896374&0,3977880973896374&0,3977880973896374&0,3977880973896374&0,3977880973896374&0,3977880973896374&0,3977880973896374&0,3977880973896374&0,3977880973896374&0,3977880973896374&0,3977880973896374&0,3977880973896374&0,3977880973896374"
22,200,0.5,0.1,7,250,0.397788097389637,57674600,2,831,21,"0,3800161185209418&0,3800161185209418&0,3800161185209418&0,3800161185209418&0,3800161185209418&0,3977880973896374&0,3977880973896374&0,3977880973896374&0,3977880973896374&0,3977880973896374&0,3977880973896374&0,3977880973896374&0,3977880973896374&0,3977880973896374&0,3977880973896374&0,3977880973896374&0,3977880973896374&0,3977880973896374&0,3977880973896374&0,3977880973896374&0,3977880973896374&0,3977880973896374&0,3977880973896374&0,3977880973896374&0,3977880973896374&0,3977880973896374"
22,200,0.5,0.1,7,250,0.397788097389637,62744706,2,831,21,"0,3800161185209418&0,3800161185209418&0,3800161185209418&0,3800161185209418&0,3977880973896374&0,3977880973896374&0,3977880973896374&0,3977880973896374&0,3977880973896374&0,3977880973896374&0,3977880973896374&0,3977880973896374&0,3977880973896374&0,3977880973896374&0,3977880973896374&0,3977880973896374&0,3977880973896374&0,3977880973896374&0,3977880973896374&0,3977880973896374&0,3977880973896374&0,3977880973896374&0,3977880973896374&0,3977880973896374&0,3977880973896374"
23,200,0.5,0.4,2,250,0.397788097389637,201184252,2,831,21,"0,3800161185209418&0,3977880973896374&0,3800161185209418&0,3800161185209418&0,3800161185209418&0,3800161185209418&0,3800161185209418&0,3977880973896374&0,3977880973896374&0,3977880973896374&0,3977880973896374&0,3977880973896374&0,3977880973896374&0,3977880973896374&0,3977880973896374&0,3977880973896374&0,3977880973896374&0,3977880973896374&0,3977880973896374&0,3977880973896374&0,3977880973896374&0,3977880973896374&0,3977880973896374&0,3977880973896374&0,3977880973896374&0,3977880973896374&0,3977880973896374&0,3977880973896374"
23,200,0.5,0.4,2,250,0.397788097389637,201448069,2,831,21,"0,3800161185209418&0,3977880973896374&0,3800161185209418&0,3800161185209418&0,3800161185209418&0,3800161185209418&0,3800161185209418&0,3977880973896374&0,3977880973896374&0,3977880973896374&0,3977880973896374&0,3977880973896374&0,3977880973896374&0,3977880973896374&0,3977880973896374&0,3977880973896374&0,3977880973896374&0,3977880973896374&0,3977880973896374&0,3977880973896374&0,3977880973896374&0,3977880973896374&0,3977880973896374&0,3977880973896374&0,3977880973896374&0,3977880973896374&0,3977880973896374&0,3977880973896374"
23,200,0.5,0.4,2,250,0.397788097389637,201564747,2,831,21,"0,3800161185209418&0,3977880973896374&0,3800161185209418&0,3800161185209418&0,3800161185209418&0,3800161185209418&0,3800161185209418&0,3977880973896374&0,3977880973896374&0,3977880973896374&0,3977880973896374&0,3977880973896374&0,3977880973896374&0,3977880973896374&0,3977880973896374&0,3977880973896374&0,3977880973896374&0,3977880973896374&0,3977880973896374&0,3977880973896374&0,3977880973896374&0,3977880973896374&0,3977880973896374&0,3977880973896374&0,3977880973896374&0,3977880973896374&0,3977880973896374&0,3977880973896374"
23,200,0.5,0.4,2,250,0.397788097389637,201594084,2,831,21,"0,3800161185209418&0,3977880973896374&0,3800161185209418&0,3800161185209418&0,3800161185209418&0,3800161185209418&0,3800161185209418&0,3977880973896374&0,3977880973896374&0,3977880973896374&0,3977880973896374&0,3977880973896374&0,3977880973896374&0,3977880973896374&0,3977880973896374&0,3977880973896374&0,3977880973896374&0,3977880973896374&0,3977880973896374&0,3977880973896374&0,3977880973896374&0,3977880973896374&0,3977880973896374&0,3977880973896374&0,3977880973896374&0,3977880973896374&0,3977880973896374&0,3977880973896374"
23,200,0.5,0.4,2,250,0.397788097389637,201648903,2,831,21,"0,3800161185209418&0,3977880973896374&0,3800161185209418&0,3800161185209418&0,3800161185209418&0,3800161185209418&0,3800161185209418&0,3977880973896374&0,3977880973896374&0,3977880973896374&0,3977880973896374&0,3977880973896374&0,3977880973896374&0,3977880973896374&0,3977880973896374&0,3977880973896374&0,3977880973896374&0,3977880973896374&0,3977880973896374&0,3977880973896374&0,3977880973896374&0,3977880973896374&0,3977880973896374&0,3977880973896374&0,3977880973896374&0,3977880973896374&0,3977880973896374&0,3977880973896374"
23,200,0.5,0.4,2,250,0.397788097389637,201784751,2,831,21,"0,3800161185209418&0,3977880973896374&0,3800161185209418&0,3800161185209418&0,3800161185209418&0,3800161185209418&0,3800161185209418&0,3977880973896374&0,3977880973896374&0,3977880973896374&0,3977880973896374&0,3977880973896374&0,3977880973896374&0,3977880973896374&0,3977880973896374&0,3977880973896374&0,3977880973896374&0,3977880973896374&0,3977880973896374&0,3977880973896374&0,3977880973896374&0,3977880973896374&0,3977880973896374&0,3977880973896374&0,3977880973896374&0,3977880973896374&0,3977880973896374&0,3977880973896374"
23,200,0.5,0.4,2,250,0.397788097389637,201847069,2,831,21,"0,3800161185209418&0,3977880973896374&0,3800161185209418&0,3800161185209418&0,3800161185209418&0,3800161185209418&0,3800161185209418&0,3977880973896374&0,3977880973896374&0,3977880973896374&0,3977880973896374&0,3977880973896374&0,3977880973896374&0,3977880973896374&0,3977880973896374&0,3977880973896374&0,3977880973896374&0,3977880973896374&0,3977880973896374&0,3977880973896374&0,3977880973896374&0,3977880973896374&0,3977880973896374&0,3977880973896374&0,3977880973896374&0,3977880973896374&0,3977880973896374&0,3977880973896374"
23,200,0.5,0.4,2,250,0.397788097389637,202057992,2,831,21,"0,3800161185209418&0,3977880973896374&0,3800161185209418&0,3800161185209418&0,3800161185209418&0,3800161185209418&0,3800161185209418&0,3977880973896374&0,3977880973896374&0,3977880973896374&0,3977880973896374&0,3977880973896374&0,3977880973896374&0,3977880973896374&0,3977880973896374&0,3977880973896374&0,3977880973896374&0,3977880973896374&0,3977880973896374&0,3977880973896374&0,3977880973896374&0,3977880973896374&0,3977880973896374&0,3977880973896374&0,3977880973896374&0,3977880973896374&0,3977880973896374&0,3977880973896374"
23,200,0.5,0.4,2,250,0.480490392394566,85231652,3,828,3,"0,3800161185209418&0,3800161185209418&0,3800161185209418&0,3800161185209418&0,4250604258294862&0,4250604258294862&0,4552811797712041&0,4552811797712041&0,43249765301708754&0,4552811797712041&0,4552811797712041&0,4552811797712041&0,4627189757392154&0,4778606349497102&0,4627189757392154&0,4627189757392154&0,4627189757392154&0,4804903923945655&0,4804903923945655&0,4804903923945655&0,4804903923945655&0,4804903923945655&0,4804903923945655&0,4804903923945655&0,4804903923945655&0,4804903923945655&0,4804903923945655&0,4804903923945655&0,4804903923945655&0,4804903923945655&0,4804903923945655&0,4804903923945655&0,4804903923945655&0,4804903923945655&0,4804903923945655&0,4804903923945655&0,4804903923945655&0,4804903923945655"
23,200,0.5,0.4,2,250,0.397788097389637,91504715,2,831,21,"0,3800161185209418&0,3977880973896374&0,3800161185209418&0,3800161185209418&0,3800161185209418&0,3800161185209418&0,3800161185209418&0,3977880973896374&0,3977880973896374&0,3977880973896374&0,3977880973896374&0,3977880973896374&0,3977880973896374&0,3977880973896374&0,3977880973896374&0,3977880973896374&0,3977880973896374&0,3977880973896374&0,3977880973896374&0,3977880973896374&0,3977880973896374&0,3977880973896374&0,3977880973896374&0,3977880973896374&0,3977880973896374&0,3977880973896374&0,3977880973896374&0,3977880973896374"
24,200,0.5,0.8,7,50,0.397788097389637,161135623,2,831,21,"0,3800161185209418&0,3800161185209418&0,3800161185209418&0,3977880973896374&0,3977880973896374&0,3977880973896374&0,3977880973896374&0,3977880973896374&0,3977880973896374&0,3977880973896374&0,3977880973896374&0,3977880973896374&0,3977880973896374&0,3977880973896374&0,3977880973896374&0,3977880973896374&0,3977880973896374&0,3977880973896374&0,3977880973896374&0,3977880973896374&0,3977880973896374&0,3977880973896374&0,3977880973896374&0,3977880973896374"
24,200,0.5,0.8,7,50,0.397788097389637,161201197,2,831,21,"0,3800161185209418&0,3800161185209418&0,3800161185209418&0,3977880973896374&0,3977880973896374&0,3977880973896374&0,3977880973896374&0,3977880973896374&0,3977880973896374&0,3977880973896374&0,3977880973896374&0,3977880973896374&0,3977880973896374&0,3977880973896374&0,3977880973896374&0,3977880973896374&0,3977880973896374&0,3977880973896374&0,3977880973896374&0,3977880973896374&0,3977880973896374&0,3977880973896374&0,3977880973896374&0,3977880973896374"
24,200,0.5,0.8,7,50,0.397788097389637,161208200,2,831,21,"0,3800161185209418&0,3800161185209418&0,3800161185209418&0,3977880973896374&0,3977880973896374&0,3977880973896374&0,3977880973896374&0,3977880973896374&0,3977880973896374&0,3977880973896374&0,3977880973896374&0,3977880973896374&0,3977880973896374&0,3977880973896374&0,3977880973896374&0,3977880973896374&0,3977880973896374&0,3977880973896374&0,3977880973896374&0,3977880973896374&0,3977880973896374&0,3977880973896374&0,3977880973896374&0,3977880973896374"
24,200,0.5,0.8,7,50,0.397788097389637,161245704,2,831,21,"0,3800161185209418&0,3800161185209418&0,3800161185209418&0,3977880973896374&0,3977880973896374&0,3977880973896374&0,3977880973896374&0,3977880973896374&0,3977880973896374&0,3977880973896374&0,3977880973896374&0,3977880973896374&0,3977880973896374&0,3977880973896374&0,3977880973896374&0,3977880973896374&0,3977880973896374&0,3977880973896374&0,3977880973896374&0,3977880973896374&0,3977880973896374&0,3977880973896374&0,3977880973896374&0,3977880973896374"
24,200,0.5,0.8,7,50,0.397788097389637,161368720,2,831,21,"0,3800161185209418&0,3800161185209418&0,3800161185209418&0,3977880973896374&0,3977880973896374&0,3977880973896374&0,3977880973896374&0,3977880973896374&0,3977880973896374&0,3977880973896374&0,3977880973896374&0,3977880973896374&0,3977880973896374&0,3977880973896374&0,3977880973896374&0,3977880973896374&0,3977880973896374&0,3977880973896374&0,3977880973896374&0,3977880973896374&0,3977880973896374&0,3977880973896374&0,3977880973896374&0,3977880973896374"
24,200,0.5,0.8,7,50,0.397788097389637,161420359,2,831,21,"0,3800161185209418&0,3800161185209418&0,3800161185209418&0,3977880973896374&0,3977880973896374&0,3977880973896374&0,3977880973896374&0,3977880973896374&0,3977880973896374&0,3977880973896374&0,3977880973896374&0,3977880973896374&0,3977880973896374&0,3977880973896374&0,3977880973896374&0,3977880973896374&0,3977880973896374&0,3977880973896374&0,3977880973896374&0,3977880973896374&0,3977880973896374&0,3977880973896374&0,3977880973896374&0,3977880973896374"
24,200,0.5,0.8,7,50,0.397788097389637,161760248,2,831,21,"0,3800161185209418&0,3800161185209418&0,3800161185209418&0,3977880973896374&0,3977880973896374&0,3977880973896374&0,3977880973896374&0,3977880973896374&0,3977880973896374&0,3977880973896374&0,3977880973896374&0,3977880973896374&0,3977880973896374&0,3977880973896374&0,3977880973896374&0,3977880973896374&0,3977880973896374&0,3977880973896374&0,3977880973896374&0,3977880973896374&0,3977880973896374&0,3977880973896374&0,3977880973896374&0,3977880973896374"
24,200,0.5,0.8,7,50,0.397788097389637,162189298,2,831,21,"0,3800161185209418&0,3800161185209418&0,3800161185209418&0,3977880973896374&0,3977880973896374&0,3977880973896374&0,3977880973896374&0,3977880973896374&0,3977880973896374&0,3977880973896374&0,3977880973896374&0,3977880973896374&0,3977880973896374&0,3977880973896374&0,3977880973896374&0,3977880973896374&0,3977880973896374&0,3977880973896374&0,3977880973896374&0,3977880973896374&0,3977880973896374&0,3977880973896374&0,3977880973896374&0,3977880973896374"
24,200,0.5,0.8,7,50,0.480490392394566,65687766,3,828,3,"0,3800161185209418&0,3800161185209418&0,3977880973896374&0,4552811797712041&0,4552811797712041&0,4627189757392154&0,4627189757392154&0,4730521980126269&0,4804903923945655&0,4804903923945655&0,4804903923945655&0,4804903923945655&0,4804903923945655&0,4804903923945655&0,4804903923945655&0,4804903923945655&0,4804903923945655&0,4804903923945655&0,4804903923945655&0,4804903923945655&0,4804903923945655&0,4804903923945655&0,4804903923945655&0,4804903923945655&0,4804903923945655&0,4804903923945655&0,4804903923945655&0,4804903923945655"
24,200,0.5,0.8,7,50,0.397788097389637,73371083,2,831,21,"0,3800161185209418&0,3800161185209418&0,3800161185209418&0,3977880973896374&0,3977880973896374&0,3977880973896374&0,3977880973896374&0,3977880973896374&0,3977880973896374&0,3977880973896374&0,3977880973896374&0,3977880973896374&0,3977880973896374&0,3977880973896374&0,3977880973896374&0,3977880973896374&0,3977880973896374&0,3977880973896374&0,3977880973896374&0,3977880973896374&0,3977880973896374&0,3977880973896374&0,3977880973896374&0,3977880973896374"
25,200,1,0.1,2,50,0.397788097389637,151922984,2,831,21,"0,3800161185209418&0,4250604258294862&0,4250604258294862&0,3800161185209418&0,3962084562120074&0,3962084562120074&0,3962084562120074&0,3962084562120074&0,3977880973896374&0,3977880973896374&0,3977880973896374&0,3977880973896374&0,3977880973896374&0,3977880973896374&0,3977880973896374&0,3977880973896374&0,3977880973896374&0,3977880973896374&0,3977880973896374&0,3977880973896374&0,3977880973896374&0,3977880973896374&0,3977880973896374&0,3977880973896374&0,3977880973896374"
25,200,1,0.1,2,50,0.397788097389637,152641124,2,831,21,"0,3800161185209418&0,4250604258294862&0,4250604258294862&0,3800161185209418&0,3962084562120074&0,3962084562120074&0,3962084562120074&0,3962084562120074&0,3977880973896374&0,3977880973896374&0,3977880973896374&0,3977880973896374&0,3977880973896374&0,3977880973896374&0,3977880973896374&0,3977880973896374&0,3977880973896374&0,3977880973896374&0,3977880973896374&0,3977880973896374&0,3977880973896374&0,3977880973896374&0,3977880973896374&0,3977880973896374&0,3977880973896374"
25,200,1,0.1,2,50,0.397788097389637,152990388,2,831,21,"0,3800161185209418&0,4250604258294862&0,4250604258294862&0,3800161185209418&0,3962084562120074&0,3962084562120074&0,3962084562120074&0,3962084562120074&0,3977880973896374&0,3977880973896374&0,3977880973896374&0,3977880973896374&0,3977880973896374&0,3977880973896374&0,3977880973896374&0,3977880973896374&0,3977880973896374&0,3977880973896374&0,3977880973896374&0,3977880973896374&0,3977880973896374&0,3977880973896374&0,3977880973896374&0,3977880973896374&0,3977880973896374"
25,200,1,0.1,2,50,0.397788097389637,153002467,2,831,21,"0,3800161185209418&0,4250604258294862&0,4250604258294862&0,3800161185209418&0,3962084562120074&0,3962084562120074&0,3962084562120074&0,3962084562120074&0,3977880973896374&0,3977880973896374&0,3977880973896374&0,3977880973896374&0,3977880973896374&0,3977880973896374&0,3977880973896374&0,3977880973896374&0,3977880973896374&0,3977880973896374&0,3977880973896374&0,3977880973896374&0,3977880973896374&0,3977880973896374&0,3977880973896374&0,3977880973896374&0,3977880973896374"
25,200,1,0.1,2,50,0.397788097389637,153133939,2,831,21,"0,3800161185209418&0,4250604258294862&0,4250604258294862&0,3800161185209418&0,3962084562120074&0,3962084562120074&0,3962084562120074&0,3962084562120074&0,3977880973896374&0,3977880973896374&0,3977880973896374&0,3977880973896374&0,3977880973896374&0,3977880973896374&0,3977880973896374&0,3977880973896374&0,3977880973896374&0,3977880973896374&0,3977880973896374&0,3977880973896374&0,3977880973896374&0,3977880973896374&0,3977880973896374&0,3977880973896374&0,3977880973896374"
25,200,1,0.1,2,50,0.397788097389637,153196917,2,831,21,"0,3800161185209418&0,4250604258294862&0,4250604258294862&0,3800161185209418&0,3962084562120074&0,3962084562120074&0,3962084562120074&0,3962084562120074&0,3977880973896374&0,3977880973896374&0,3977880973896374&0,3977880973896374&0,3977880973896374&0,3977880973896374&0,3977880973896374&0,3977880973896374&0,3977880973896374&0,3977880973896374&0,3977880973896374&0,3977880973896374&0,3977880973896374&0,3977880973896374&0,3977880973896374&0,3977880973896374&0,3977880973896374"
25,200,1,0.1,2,50,0.397788097389637,153250946,2,831,21,"0,3800161185209418&0,4250604258294862&0,4250604258294862&0,3800161185209418&0,3962084562120074&0,3962084562120074&0,3962084562120074&0,3962084562120074&0,3977880973896374&0,3977880973896374&0,3977880973896374&0,3977880973896374&0,3977880973896374&0,3977880973896374&0,3977880973896374&0,3977880973896374&0,3977880973896374&0,3977880973896374&0,3977880973896374&0,3977880973896374&0,3977880973896374&0,3977880973896374&0,3977880973896374&0,3977880973896374&0,3977880973896374"
25,200,1,0.1,2,50,0.397788097389637,153390944,2,831,21,"0,3800161185209418&0,4250604258294862&0,4250604258294862&0,3800161185209418&0,3962084562120074&0,3962084562120074&0,3962084562120074&0,3962084562120074&0,3977880973896374&0,3977880973896374&0,3977880973896374&0,3977880973896374&0,3977880973896374&0,3977880973896374&0,3977880973896374&0,3977880973896374&0,3977880973896374&0,3977880973896374&0,3977880973896374&0,3977880973896374&0,3977880973896374&0,3977880973896374&0,3977880973896374&0,3977880973896374&0,3977880973896374"
25,200,1,0.1,2,50,0.397788097389637,73438247,2,831,21,"0,3800161185209418&0,4250604258294862&0,4250604258294862&0,3800161185209418&0,3962084562120074&0,3962084562120074&0,3962084562120074&0,3962084562120074&0,3977880973896374&0,3977880973896374&0,3977880973896374&0,3977880973896374&0,3977880973896374&0,3977880973896374&0,3977880973896374&0,3977880973896374&0,3977880973896374&0,3977880973896374&0,3977880973896374&0,3977880973896374&0,3977880973896374&0,3977880973896374&0,3977880973896374&0,3977880973896374&0,3977880973896374"
25,200,1,0.1,2,50,0.480490392394566,91989535,3,828,3,"0,3800161185209418&0,3725777711306464&0,3745217982177925&0,3745217982177925&0,4154053483230311&0,4154053483230311&0,4154053483230311&0,4154053483230311&0,4154053483230311&0,4154053483230311&0,4154053483230311&0,4228440088812285&0,4228440088812285&0,4228440088812285&0,4228440088812285&0,4154053483230311&0,44283076250297815&0,44283076250297815&0,4456277727227349&0,4456277727227349&0,4456277727227349&0,45026839333118396&0,45026839333118396&0,4530669890501841&0,4804903923945655&0,4804903923945655&0,4804903923945655&0,4804903923945655&0,4804903923945655&0,4804903923945655&0,4804903923945655&0,4804903923945655&0,4804903923945655&0,4804903923945655&0,4804903923945655&0,4804903923945655&0,4804903923945655&0,4804903923945655&0,4804903923945655&0,4804903923945655&0,4804903923945655&0,4804903923945655&0,4804903923945655&0,4804903923945655&0,4804903923945655"
26,200,1,0.4,7,600,0.480490392394566,192543452,3,828,3,"0,3800161185209418&0,3800161185209418&0,4250604258294862&0,4250604258294862&0,4250604258294862&0,44283076250297815&0,4552811797712041&0,4730521980126269&0,4804903923945655&0,4804903923945655&0,4804903923945655&0,4804903923945655&0,4804903923945655&0,4804903923945655&0,4804903923945655&0,4804903923945655&0,4804903923945655&0,4804903923945655&0,4804903923945655&0,4804903923945655&0,4804903923945655&0,4804903923945655&0,4804903923945655&0,4804903923945655&0,4804903923945655&0,4804903923945655&0,4804903923945655&0,4804903923945655"
26,200,1,0.4,7,600,0.480490392394566,193355961,3,828,3,"0,3800161185209418&0,3800161185209418&0,4250604258294862&0,4250604258294862&0,4250604258294862&0,44283076250297815&0,4552811797712041&0,4730521980126269&0,4804903923945655&0,4804903923945655&0,4804903923945655&0,4804903923945655&0,4804903923945655&0,4804903923945655&0,4804903923945655&0,4804903923945655&0,4804903923945655&0,4804903923945655&0,4804903923945655&0,4804903923945655&0,4804903923945655&0,4804903923945655&0,4804903923945655&0,4804903923945655&0,4804903923945655&0,4804903923945655&0,4804903923945655&0,4804903923945655"
26,200,1,0.4,7,600,0.480490392394566,193378810,3,828,3,"0,3800161185209418&0,3800161185209418&0,4250604258294862&0,4250604258294862&0,4250604258294862&0,44283076250297815&0,4552811797712041&0,4730521980126269&0,4804903923945655&0,4804903923945655&0,4804903923945655&0,4804903923945655&0,4804903923945655&0,4804903923945655&0,4804903923945655&0,4804903923945655&0,4804903923945655&0,4804903923945655&0,4804903923945655&0,4804903923945655&0,4804903923945655&0,4804903923945655&0,4804903923945655&0,4804903923945655&0,4804903923945655&0,4804903923945655&0,4804903923945655&0,4804903923945655"
26,200,1,0.4,7,600,0.480490392394566,193668183,3,828,3,"0,3800161185209418&0,3800161185209418&0,4250604258294862&0,4250604258294862&0,4250604258294862&0,44283076250297815&0,4552811797712041&0,4730521980126269&0,4804903923945655&0,4804903923945655&0,4804903923945655&0,4804903923945655&0,4804903923945655&0,4804903923945655&0,4804903923945655&0,4804903923945655&0,4804903923945655&0,4804903923945655&0,4804903923945655&0,4804903923945655&0,4804903923945655&0,4804903923945655&0,4804903923945655&0,4804903923945655&0,4804903923945655&0,4804903923945655&0,4804903923945655&0,4804903923945655"
26,200,1,0.4,7,600,0.480490392394566,193808614,3,828,3,"0,3800161185209418&0,3800161185209418&0,4250604258294862&0,4250604258294862&0,4250604258294862&0,44283076250297815&0,4552811797712041&0,4730521980126269&0,4804903923945655&0,4804903923945655&0,4804903923945655&0,4804903923945655&0,4804903923945655&0,4804903923945655&0,4804903923945655&0,4804903923945655&0,4804903923945655&0,4804903923945655&0,4804903923945655&0,4804903923945655&0,4804903923945655&0,4804903923945655&0,4804903923945655&0,4804903923945655&0,4804903923945655&0,4804903923945655&0,4804903923945655&0,4804903923945655"
26,200,1,0.4,7,600,0.480490392394566,193937462,3,828,3,"0,3800161185209418&0,3800161185209418&0,4250604258294862&0,4250604258294862&0,4250604258294862&0,44283076250297815&0,4552811797712041&0,4730521980126269&0,4804903923945655&0,4804903923945655&0,4804903923945655&0,4804903923945655&0,4804903923945655&0,4804903923945655&0,4804903923945655&0,4804903923945655&0,4804903923945655&0,4804903923945655&0,4804903923945655&0,4804903923945655&0,4804903923945655&0,4804903923945655&0,4804903923945655&0,4804903923945655&0,4804903923945655&0,4804903923945655&0,4804903923945655&0,4804903923945655"
26,200,1,0.4,7,600,0.480490392394566,193981985,3,828,3,"0,3800161185209418&0,3800161185209418&0,4250604258294862&0,4250604258294862&0,4250604258294862&0,44283076250297815&0,4552811797712041&0,4730521980126269&0,4804903923945655&0,4804903923945655&0,4804903923945655&0,4804903923945655&0,4804903923945655&0,4804903923945655&0,4804903923945655&0,4804903923945655&0,4804903923945655&0,4804903923945655&0,4804903923945655&0,4804903923945655&0,4804903923945655&0,4804903923945655&0,4804903923945655&0,4804903923945655&0,4804903923945655&0,4804903923945655&0,4804903923945655&0,4804903923945655"
26,200,1,0.4,7,600,0.480490392394566,194005650,3,828,3,"0,3800161185209418&0,3800161185209418&0,4250604258294862&0,4250604258294862&0,4250604258294862&0,44283076250297815&0,4552811797712041&0,4730521980126269&0,4804903923945655&0,4804903923945655&0,4804903923945655&0,4804903923945655&0,4804903923945655&0,4804903923945655&0,4804903923945655&0,4804903923945655&0,4804903923945655&0,4804903923945655&0,4804903923945655&0,4804903923945655&0,4804903923945655&0,4804903923945655&0,4804903923945655&0,4804903923945655&0,4804903923945655&0,4804903923945655&0,4804903923945655&0,4804903923945655"
26,200,1,0.4,7,600,0.480490392394566,91114907,3,828,3,"0,3800161185209418&0,3800161185209418&0,441238455297411&0,4552811797712041&0,4552811797712041&0,4730521980126269&0,4804903923945655&0,4804903923945655&0,4804903923945655&0,4804903923945655&0,4804903923945655&0,4804903923945655&0,4804903923945655&0,4804903923945655&0,4804903923945655&0,4804903923945655&0,4804903923945655&0,4804903923945655&0,4804903923945655&0,4804903923945655&0,4804903923945655&0,4804903923945655&0,4804903923945655&0,4804903923945655&0,4804903923945655&0,4804903923945655"
26,200,1,0.4,7,600,0.480490392394566,92891010,3,828,3,"0,3800161185209418&0,3800161185209418&0,4250604258294862&0,4250604258294862&0,4250604258294862&0,44283076250297815&0,4552811797712041&0,4730521980126269&0,4804903923945655&0,4804903923945655&0,4804903923945655&0,4804903923945655&0,4804903923945655&0,4804903923945655&0,4804903923945655&0,4804903923945655&0,4804903923945655&0,4804903923945655&0,4804903923945655&0,4804903923945655&0,4804903923945655&0,4804903923945655&0,4804903923945655&0,4804903923945655&0,4804903923945655&0,4804903923945655&0,4804903923945655&0,4804903923945655"
27,200,1,0.8,20,250,0.397788097389637,216605666,2,831,21,"0,3800161185209418&0,3977880973896374&0,3977880973896374&0,3977880973896374&0,3977880973896374&0,3977880973896374&0,3977880973896374&0,3977880973896374&0,3977880973896374&0,3977880973896374&0,3977880973896374&0,3977880973896374&0,3977880973896374&0,3977880973896374&0,3977880973896374&0,3977880973896374&0,3977880973896374&0,3977880973896374&0,3977880973896374&0,3977880973896374&0,3977880973896374&0,3977880973896374"
27,200,1,0.8,20,250,0.397788097389637,217248602,2,831,21,"0,3800161185209418&0,3977880973896374&0,3977880973896374&0,3977880973896374&0,3977880973896374&0,3977880973896374&0,3977880973896374&0,3977880973896374&0,3977880973896374&0,3977880973896374&0,3977880973896374&0,3977880973896374&0,3977880973896374&0,3977880973896374&0,3977880973896374&0,3977880973896374&0,3977880973896374&0,3977880973896374&0,3977880973896374&0,3977880973896374&0,3977880973896374&0,3977880973896374"
27,200,1,0.8,20,250,0.397788097389637,217960400,2,831,21,"0,3800161185209418&0,3977880973896374&0,3977880973896374&0,3977880973896374&0,3977880973896374&0,3977880973896374&0,3977880973896374&0,3977880973896374&0,3977880973896374&0,3977880973896374&0,3977880973896374&0,3977880973896374&0,3977880973896374&0,3977880973896374&0,3977880973896374&0,3977880973896374&0,3977880973896374&0,3977880973896374&0,3977880973896374&0,3977880973896374&0,3977880973896374&0,3977880973896374"
27,200,1,0.8,20,250,0.397788097389637,218373851,2,831,21,"0,3800161185209418&0,3977880973896374&0,3977880973896374&0,3977880973896374&0,3977880973896374&0,3977880973896374&0,3977880973896374&0,3977880973896374&0,3977880973896374&0,3977880973896374&0,3977880973896374&0,3977880973896374&0,3977880973896374&0,3977880973896374&0,3977880973896374&0,3977880973896374&0,3977880973896374&0,3977880973896374&0,3977880973896374&0,3977880973896374&0,3977880973896374&0,3977880973896374"
27,200,1,0.8,20,250,0.397788097389637,218510959,2,831,21,"0,3800161185209418&0,3977880973896374&0,3977880973896374&0,3977880973896374&0,3977880973896374&0,3977880973896374&0,3977880973896374&0,3977880973896374&0,3977880973896374&0,3977880973896374&0,3977880973896374&0,3977880973896374&0,3977880973896374&0,3977880973896374&0,3977880973896374&0,3977880973896374&0,3977880973896374&0,3977880973896374&0,3977880973896374&0,3977880973896374&0,3977880973896374&0,3977880973896374"
27,200,1,0.8,20,250,0.397788097389637,218602728,2,831,21,"0,3800161185209418&0,3977880973896374&0,3977880973896374&0,3977880973896374&0,3977880973896374&0,3977880973896374&0,3977880973896374&0,3977880973896374&0,3977880973896374&0,3977880973896374&0,3977880973896374&0,3977880973896374&0,3977880973896374&0,3977880973896374&0,3977880973896374&0,3977880973896374&0,3977880973896374&0,3977880973896374&0,3977880973896374&0,3977880973896374&0,3977880973896374&0,3977880973896374"
27,200,1,0.8,20,250,0.397788097389637,218648488,2,831,21,"0,3800161185209418&0,3977880973896374&0,3977880973896374&0,3977880973896374&0,3977880973896374&0,3977880973896374&0,3977880973896374&0,3977880973896374&0,3977880973896374&0,3977880973896374&0,3977880973896374&0,3977880973896374&0,3977880973896374&0,3977880973896374&0,3977880973896374&0,3977880973896374&0,3977880973896374&0,3977880973896374&0,3977880973896374&0,3977880973896374&0,3977880973896374&0,3977880973896374"
27,200,1,0.8,20,250,0.397788097389637,218861945,2,831,21,"0,3800161185209418&0,3977880973896374&0,3977880973896374&0,3977880973896374&0,3977880973896374&0,3977880973896374&0,3977880973896374&0,3977880973896374&0,3977880973896374&0,3977880973896374&0,3977880973896374&0,3977880973896374&0,3977880973896374&0,3977880973896374&0,3977880973896374&0,3977880973896374&0,3977880973896374&0,3977880973896374&0,3977880973896374&0,3977880973896374&0,3977880973896374&0,3977880973896374"
27,200,1,0.8,20,250,0.397788097389637,104303441,2,831,21,"0,3800161185209418&0,3977880973896374&0,3977880973896374&0,3977880973896374&0,3977880973896374&0,3977880973896374&0,3977880973896374&0,3977880973896374&0,3977880973896374&0,3977880973896374&0,3977880973896374&0,3977880973896374&0,3977880973896374&0,3977880973896374&0,3977880973896374&0,3977880973896374&0,3977880973896374&0,3977880973896374&0,3977880973896374&0,3977880973896374&0,3977880973896374&0,3977880973896374"
27,200,1,0.8,20,250,0.397788097389637,139075538,2,831,21,"0&0,005913997239060609&0,3800161185209418&0,3903493558287639&0,3977880973896374&0,3977880973896374&0,3977880973896374&0,3977880973896374&0,3977880973896374&0,3977880973896374&0,3977880973896374&0,3977880973896374&0,3977880973896374&0,3977880973896374&0,3977880973896374&0,3977880973896374&0,3977880973896374&0,3977880973896374&0,3977880973896374&0,3977880973896374&0,3977880973896374&0,3977880973896374&0,3977880973896374&0,3977880973896374"
