Exp,PopulationSize,CrossoverRate,MutationRate,SelectionPressure,MaxGenerations,BestFitness,ExecutionTimeMs,ComponentCount,MaxComponentCount,MinComponentCount,GenerationResults
1,20,0.1,0.1,2,50,4.61344530085361,2395,2,11,8,"4,613445300853613&4,613445300853613&4,613445300853613&4,613445300853613&4,613445300853613&4,613445300853613&4,613445300853613&4,613445300853613&4,613445300853613&4,613445300853613&4,613445300853613&4,613445300853613&4,613445300853613&4,613445300853613&4,613445300853613&4,613445300853613&4,613445300853613&4,613445300853613&4,613445300853613&4,613445300853613"
1,20,0.1,0.1,2,50,4.61344530085361,2363,2,11,8,"4,613445300853613&4,613445300853613&4,613445300853613&4,613445300853613&4,613445300853613&4,613445300853613&4,613445300853613&4,613445300853613&4,613445300853613&4,613445300853613&4,613445300853613&4,613445300853613&4,613445300853613&4,613445300853613&4,613445300853613&4,613445300853613&4,613445300853613&4,613445300853613&4,613445300853613&4,613445300853613"
1,20,0.1,0.1,2,50,4.61344530085361,2403,2,11,8,"4,613445300853613&4,613445300853613&4,613445300853613&4,613445300853613&4,613445300853613&4,613445300853613&4,613445300853613&4,613445300853613&4,613445300853613&4,613445300853613&4,613445300853613&4,613445300853613&4,613445300853613&4,613445300853613&4,613445300853613&4,613445300853613&4,613445300853613&4,613445300853613&4,613445300853613&4,613445300853613"
1,20,0.1,0.1,2,50,4.61344530085361,2403,2,11,8,"4,613445300853613&4,613445300853613&4,613445300853613&4,613445300853613&4,613445300853613&4,613445300853613&4,613445300853613&4,613445300853613&4,613445300853613&4,613445300853613&4,613445300853613&4,613445300853613&4,613445300853613&4,613445300853613&4,613445300853613&4,613445300853613&4,613445300853613&4,613445300853613&4,613445300853613&4,613445300853613"
1,20,0.1,0.1,2,50,4.61344530085361,2389,2,11,8,"4,613445300853613&4,613445300853613&4,613445300853613&4,613445300853613&4,613445300853613&4,613445300853613&4,613445300853613&4,613445300853613&4,613445300853613&4,613445300853613&4,613445300853613&4,613445300853613&4,613445300853613&4,613445300853613&4,613445300853613&4,613445300853613&4,613445300853613&4,613445300853613&4,613445300853613&4,613445300853613"
1,20,0.1,0.1,2,50,4.61344530085361,2415,2,11,8,"4,613445300853613&4,613445300853613&4,613445300853613&4,613445300853613&4,613445300853613&4,613445300853613&4,613445300853613&4,613445300853613&4,613445300853613&4,613445300853613&4,613445300853613&4,613445300853613&4,613445300853613&4,613445300853613&4,613445300853613&4,613445300853613&4,613445300853613&4,613445300853613&4,613445300853613&4,613445300853613"
1,20,0.1,0.1,2,50,4.61344530085361,2411,2,11,8,"4,613445300853613&4,613445300853613&4,613445300853613&4,613445300853613&4,613445300853613&4,613445300853613&4,613445300853613&4,613445300853613&4,613445300853613&4,613445300853613&4,613445300853613&4,613445300853613&4,613445300853613&4,613445300853613&4,613445300853613&4,613445300853613&4,613445300853613&4,613445300853613&4,613445300853613&4,613445300853613"
1,20,0.1,0.1,2,50,4.61344530085361,2424,2,11,8,"4,613445300853613&4,613445300853613&4,613445300853613&4,613445300853613&4,613445300853613&4,613445300853613&4,613445300853613&4,613445300853613&4,613445300853613&4,613445300853613&4,613445300853613&4,613445300853613&4,613445300853613&4,613445300853613&4,613445300853613&4,613445300853613&4,613445300853613&4,613445300853613&4,613445300853613&4,613445300853613"
1,20,0.1,0.1,2,50,4.61344530085361,578,2,11,8,"4,613445300853613&4,613445300853613&4,613445300853613&4,613445300853613&4,613445300853613&4,613445300853613&4,613445300853613&4,613445300853613&4,613445300853613&4,613445300853613&4,613445300853613&4,613445300853613&4,613445300853613&4,613445300853613&4,613445300853613&4,613445300853613&4,613445300853613&4,613445300853613&4,613445300853613&4,613445300853613"
1,20,0.1,0.1,2,50,11.8949718045113,616,3,14,2,"10,287987895705665&12,622389874141874&11,894971804511275&11,894971804511275&11,894971804511275&11,894971804511275&11,894971804511275&11,894971804511275&11,894971804511275&11,894971804511275&11,894971804511275&11,894971804511275&11,894971804511275&11,894971804511275&11,894971804511275&11,894971804511275&11,894971804511275&11,894971804511275&11,894971804511275&11,894971804511275&11,894971804511275&11,894971804511275&11,894971804511275"
2,100,0.1,0.1,7,250,12.3625214530892,6244,3,11,3,"12,362521453089244&12,362521453089244&12,362521453089244&12,362521453089244&12,362521453089244&12,362521453089244&12,362521453089244&12,362521453089244&12,362521453089244&12,362521453089244&12,362521453089244&12,362521453089244&12,362521453089244&12,362521453089244&12,362521453089244&12,362521453089244&12,362521453089244&12,362521453089244&12,362521453089244&12,362521453089244"
2,100,0.1,0.1,7,250,12.3625214530892,6213,3,11,3,"12,362521453089244&12,362521453089244&12,362521453089244&12,362521453089244&12,362521453089244&12,362521453089244&12,362521453089244&12,362521453089244&12,362521453089244&12,362521453089244&12,362521453089244&12,362521453089244&12,362521453089244&12,362521453089244&12,362521453089244&12,362521453089244&12,362521453089244&12,362521453089244&12,362521453089244&12,362521453089244"
2,100,0.1,0.1,7,250,12.3625214530892,6516,3,11,3,"12,362521453089244&12,362521453089244&12,362521453089244&12,362521453089244&12,362521453089244&12,362521453089244&12,362521453089244&12,362521453089244&12,362521453089244&12,362521453089244&12,362521453089244&12,362521453089244&12,362521453089244&12,362521453089244&12,362521453089244&12,362521453089244&12,362521453089244&12,362521453089244&12,362521453089244&12,362521453089244"
2,100,0.1,0.1,7,250,12.3625214530892,7048,3,11,3,"12,362521453089244&12,362521453089244&12,362521453089244&12,362521453089244&12,362521453089244&12,362521453089244&12,362521453089244&12,362521453089244&12,362521453089244&12,362521453089244&12,362521453089244&12,362521453089244&12,362521453089244&12,362521453089244&12,362521453089244&12,362521453089244&12,362521453089244&12,362521453089244&12,362521453089244&12,362521453089244"
2,100,0.1,0.1,7,250,12.3625214530892,7217,3,11,3,"12,362521453089244&12,362521453089244&12,362521453089244&12,362521453089244&12,362521453089244&12,362521453089244&12,362521453089244&12,362521453089244&12,362521453089244&12,362521453089244&12,362521453089244&12,362521453089244&12,362521453089244&12,362521453089244&12,362521453089244&12,362521453089244&12,362521453089244&12,362521453089244&12,362521453089244&12,362521453089244"
2,100,0.1,0.1,7,250,12.3625214530892,7229,3,11,3,"12,362521453089244&12,362521453089244&12,362521453089244&12,362521453089244&12,362521453089244&12,362521453089244&12,362521453089244&12,362521453089244&12,362521453089244&12,362521453089244&12,362521453089244&12,362521453089244&12,362521453089244&12,362521453089244&12,362521453089244&12,362521453089244&12,362521453089244&12,362521453089244&12,362521453089244&12,362521453089244"
2,100,0.1,0.1,7,250,13.3179402834008,7658,4,11,2,"12,362521453089244&12,362521453089244&12,362521453089244&12,362521453089244&12,362521453089244&12,362521453089244&12,362521453089244&12,362521453089244&12,362521453089244&12,362521453089244&12,362521453089244&12,362521453089244&12,362521453089244&12,362521453089244&12,362521453089244&13,317940283400809&13,317940283400809&13,317940283400809&13,317940283400809&13,317940283400809&13,317940283400809&13,317940283400809&13,317940283400809&13,317940283400809&13,317940283400809&13,317940283400809&13,317940283400809&13,317940283400809&13,317940283400809&13,317940283400809&13,317940283400809&13,317940283400809&13,317940283400809&13,317940283400809&13,317940283400809&13,317940283400809"
2,100,0.1,0.1,7,250,13.3179402834008,7729,4,11,2,"12,362521453089244&12,362521453089244&12,362521453089244&12,362521453089244&12,362521453089244&12,362521453089244&12,362521453089244&12,362521453089244&12,362521453089244&12,362521453089244&12,362521453089244&12,362521453089244&12,362521453089244&12,362521453089244&13,317940283400809&13,317940283400809&13,317940283400809&13,317940283400809&13,317940283400809&13,317940283400809&13,317940283400809&13,317940283400809&13,317940283400809&13,317940283400809&13,317940283400809&13,317940283400809&13,317940283400809&13,317940283400809&13,317940283400809&13,317940283400809&13,317940283400809&13,317940283400809&13,317940283400809&13,317940283400809&13,317940283400809"
2,100,0.1,0.1,7,250,12.3625214530892,3045,3,11,3,"12,362521453089244&12,362521453089244&12,362521453089244&12,362521453089244&12,362521453089244&12,362521453089244&12,362521453089244&12,362521453089244&12,362521453089244&12,362521453089244&12,362521453089244&12,362521453089244&12,362521453089244&12,362521453089244&12,362521453089244&12,362521453089244&12,362521453089244&12,362521453089244&12,362521453089244&12,362521453089244"
2,100,0.1,0.1,7,250,13.3179402834008,3313,4,11,2,"12,362521453089244&12,362521453089244&12,362521453089244&12,362521453089244&12,362521453089244&12,362521453089244&12,872596153846153&13,317940283400809&13,317940283400809&13,317940283400809&13,317940283400809&13,317940283400809&13,317940283400809&13,317940283400809&13,317940283400809&13,317940283400809&13,317940283400809&13,317940283400809&13,317940283400809&13,317940283400809&13,317940283400809&13,317940283400809&13,317940283400809&13,317940283400809&13,317940283400809&13,317940283400809&13,317940283400809&13,317940283400809"
3,20,0.1,0.4,2,250,10.2879878957057,1419,4,9,2,"10,287987895705665&12,622389874141874&10,287987895705665&10,287987895705665&10,287987895705665&10,287987895705665&10,287987895705665&10,287987895705665&10,287987895705665&10,287987895705665&10,287987895705665&10,287987895705665&10,287987895705665&10,287987895705665&10,287987895705665&10,287987895705665&10,287987895705665&10,287987895705665&10,287987895705665&10,287987895705665&10,287987895705665&10,287987895705665&10,287987895705665"
3,20,0.1,0.4,2,250,10.2879878957057,1445,4,9,2,"10,287987895705665&12,622389874141874&10,287987895705665&10,287987895705665&10,287987895705665&10,287987895705665&10,287987895705665&10,287987895705665&10,287987895705665&10,287987895705665&10,287987895705665&10,287987895705665&10,287987895705665&10,287987895705665&10,287987895705665&10,287987895705665&10,287987895705665&10,287987895705665&10,287987895705665&10,287987895705665&10,287987895705665&10,287987895705665&10,287987895705665"
3,20,0.1,0.4,2,250,10.2879878957057,1463,4,9,2,"10,287987895705665&12,622389874141874&10,287987895705665&10,287987895705665&10,287987895705665&10,287987895705665&10,287987895705665&10,287987895705665&10,287987895705665&10,287987895705665&10,287987895705665&10,287987895705665&10,287987895705665&10,287987895705665&10,287987895705665&10,287987895705665&10,287987895705665&10,287987895705665&10,287987895705665&10,287987895705665&10,287987895705665&10,287987895705665&10,287987895705665"
3,20,0.1,0.4,2,250,12.4585077751196,1857,3,14,2,"4,613445300853613&4,613445300853613&4,613445300853613&10,287987895705665&10,287987895705665&10,287987895705665&10,287987895705665&10,287987895705665&10,287987895705665&10,8475063861577&10,8475063861577&10,8475063861577&10,8475063861577&10,8475063861577&10,8475063861577&10,8475063861577&10,8475063861577&11,485426866585069&10,8475063861577&10,8475063861577&11,485426866585069&11,485426866585069&11,485426866585069&11,743693184231763&11,743693184231763&11,743693184231763&11,743693184231763&11,743693184231763&11,743693184231763&11,743693184231763&11,743693184231763&11,743693184231763&12,458507775119614&12,458507775119614&12,458507775119614&12,458507775119614&12,458507775119614&12,458507775119614&12,458507775119614&12,458507775119614&12,458507775119614&12,458507775119614&12,458507775119614&12,458507775119614&12,458507775119614&12,458507775119614&12,458507775119614&12,458507775119614&12,458507775119614&12,458507775119614&12,458507775119614&12,458507775119614&12,458507775119614"
3,20,0.1,0.4,2,250,12.4585077751196,1907,3,14,2,"4,613445300853613&4,613445300853613&4,613445300853613&10,287987895705665&10,287987895705665&10,287987895705665&10,287987895705665&10,287987895705665&10,287987895705665&10,8475063861577&10,8475063861577&10,8475063861577&10,8475063861577&10,8475063861577&10,8475063861577&10,8475063861577&10,8475063861577&11,485426866585069&10,8475063861577&10,8475063861577&11,485426866585069&11,485426866585069&11,485426866585069&11,743693184231763&11,743693184231763&11,743693184231763&11,743693184231763&11,743693184231763&11,743693184231763&11,743693184231763&11,743693184231763&11,743693184231763&11,743693184231763&11,743693184231763&11,743693184231763&11,743693184231763&12,458507775119614&12,458507775119614&12,458507775119614&12,458507775119614&12,458507775119614&12,458507775119614&12,458507775119614&12,458507775119614&12,458507775119614&12,458507775119614&12,458507775119614&12,458507775119614&12,458507775119614&12,458507775119614&12,458507775119614&12,458507775119614&12,458507775119614&12,458507775119614&12,458507775119614&12,458507775119614&12,458507775119614"
3,20,0.1,0.4,2,250,12.4585077751196,1889,3,14,2,"4,613445300853613&4,613445300853613&4,613445300853613&10,287987895705665&10,287987895705665&10,287987895705665&10,287987895705665&10,287987895705665&10,287987895705665&10,8475063861577&10,8475063861577&10,8475063861577&10,8475063861577&10,8475063861577&10,8475063861577&10,8475063861577&10,8475063861577&11,485426866585069&10,8475063861577&10,8475063861577&11,485426866585069&11,485426866585069&11,485426866585069&11,743693184231763&11,743693184231763&11,743693184231763&11,743693184231763&11,743693184231763&11,743693184231763&11,743693184231763&11,743693184231763&11,743693184231763&12,458507775119614&12,458507775119614&12,458507775119614&12,458507775119614&12,458507775119614&12,458507775119614&12,458507775119614&12,458507775119614&12,458507775119614&12,458507775119614&12,458507775119614&12,458507775119614&12,458507775119614&12,458507775119614&12,458507775119614&12,458507775119614&12,458507775119614&12,458507775119614&12,458507775119614&12,458507775119614&12,458507775119614"
3,20,0.1,0.4,2,250,12.4585077751196,1903,3,14,2,"4,613445300853613&4,613445300853613&4,613445300853613&10,287987895705665&10,287987895705665&10,287987895705665&10,287987895705665&10,287987895705665&10,287987895705665&10,8475063861577&10,8475063861577&10,8475063861577&10,8475063861577&10,8475063861577&10,8475063861577&10,8475063861577&10,8475063861577&11,485426866585069&10,8475063861577&10,8475063861577&11,485426866585069&11,485426866585069&11,485426866585069&11,743693184231763&11,743693184231763&11,743693184231763&11,743693184231763&11,743693184231763&11,743693184231763&11,743693184231763&11,743693184231763&11,743693184231763&12,458507775119614&12,458507775119614&12,458507775119614&12,458507775119614&12,458507775119614&12,458507775119614&12,458507775119614&12,458507775119614&12,458507775119614&12,458507775119614&12,458507775119614&12,458507775119614&12,458507775119614&12,458507775119614&12,458507775119614&12,458507775119614&12,458507775119614&12,458507775119614&12,458507775119614&12,458507775119614&12,458507775119614"
3,20,0.1,0.4,2,250,11.7436931842318,2040,4,8,2,"4,613445300853613&4,613445300853613&4,613445300853613&10,287987895705665&10,287987895705665&10,287987895705665&10,287987895705665&10,287987895705665&10,287987895705665&10,8475063861577&10,8475063861577&10,8475063861577&10,8475063861577&10,8475063861577&10,8475063861577&10,8475063861577&10,8475063861577&11,485426866585069&10,8475063861577&10,8475063861577&11,485426866585069&11,485426866585069&11,485426866585069&11,743693184231763&11,743693184231763&11,743693184231763&11,743693184231763&11,743693184231763&11,743693184231763&11,743693184231763&11,743693184231763&11,743693184231763&11,743693184231763&11,743693184231763&12,458507775119614&12,458507775119614&12,458507775119614&11,743693184231763&12,458507775119614&11,743693184231763&11,743693184231763&11,743693184231763&11,743693184231763&11,743693184231763&11,743693184231763&11,743693184231763&11,743693184231763&11,743693184231763&11,743693184231763&11,743693184231763&11,743693184231763&11,743693184231763&11,743693184231763&11,743693184231763&11,743693184231763&11,743693184231763&11,743693184231763&11,743693184231763&11,743693184231763&11,743693184231763"
3,20,0.1,0.4,2,250,10.2879878957057,862,4,9,2,"10,287987895705665&12,622389874141874&10,287987895705665&10,287987895705665&10,287987895705665&10,287987895705665&10,287987895705665&10,287987895705665&10,287987895705665&10,287987895705665&10,287987895705665&10,287987895705665&10,287987895705665&10,287987895705665&10,287987895705665&10,287987895705665&10,287987895705665&10,287987895705665&10,287987895705665&10,287987895705665&10,287987895705665&10,287987895705665&10,287987895705665"
3,20,0.1,0.4,2,250,12.4585077751196,1046,3,14,2,"4,613445300853613&4,613445300853613&4,613445300853613&10,287987895705665&10,287987895705665&10,287987895705665&10,287987895705665&10,287987895705665&10,287987895705665&10,8475063861577&10,8475063861577&10,8475063861577&10,8475063861577&10,8475063861577&10,8475063861577&10,8475063861577&10,8475063861577&11,485426866585069&10,8475063861577&10,8475063861577&11,485426866585069&11,485426866585069&11,485426866585069&11,743693184231763&11,743693184231763&11,743693184231763&11,743693184231763&11,743693184231763&11,743693184231763&11,743693184231763&11,743693184231763&11,743693184231763&11,743693184231763&11,743693184231763&11,743693184231763&11,743693184231763&12,458507775119614&12,458507775119614&12,458507775119614&12,458507775119614&12,458507775119614&12,458507775119614&12,458507775119614&12,458507775119614&12,458507775119614&12,458507775119614&12,458507775119614&12,458507775119614&12,458507775119614&12,458507775119614&12,458507775119614&12,458507775119614&12,458507775119614&12,458507775119614&12,458507775119614&12,458507775119614&12,458507775119614"
4,100,0.1,0.4,7,600,13.3179402834008,6875,4,11,2,"12,362521453089244&12,362521453089244&12,362521453089244&13,317940283400809&13,317940283400809&13,317940283400809&13,317940283400809&13,317940283400809&13,317940283400809&13,317940283400809&13,317940283400809&13,317940283400809&13,317940283400809&13,317940283400809&13,317940283400809&13,317940283400809&13,317940283400809&13,317940283400809&13,317940283400809&13,317940283400809&13,317940283400809&13,317940283400809&13,317940283400809&13,317940283400809"
4,100,0.1,0.4,7,600,13.3179402834008,7010,4,11,2,"12,362521453089244&12,362521453089244&12,362521453089244&13,317940283400809&13,317940283400809&13,317940283400809&13,317940283400809&13,317940283400809&13,317940283400809&13,317940283400809&13,317940283400809&13,317940283400809&13,317940283400809&13,317940283400809&13,317940283400809&13,317940283400809&13,317940283400809&13,317940283400809&13,317940283400809&13,317940283400809&13,317940283400809&13,317940283400809&13,317940283400809&13,317940283400809"
4,100,0.1,0.4,7,600,13.3179402834008,7090,4,11,2,"12,362521453089244&12,362521453089244&12,362521453089244&13,317940283400809&13,317940283400809&13,317940283400809&13,317940283400809&13,317940283400809&13,317940283400809&13,317940283400809&13,317940283400809&13,317940283400809&13,317940283400809&13,317940283400809&13,317940283400809&13,317940283400809&13,317940283400809&13,317940283400809&13,317940283400809&13,317940283400809&13,317940283400809&13,317940283400809&13,317940283400809&13,317940283400809"
4,100,0.1,0.4,7,600,13.3179402834008,7067,4,11,2,"12,362521453089244&12,362521453089244&12,362521453089244&13,317940283400809&13,317940283400809&13,317940283400809&13,317940283400809&13,317940283400809&13,317940283400809&13,317940283400809&13,317940283400809&13,317940283400809&13,317940283400809&13,317940283400809&13,317940283400809&13,317940283400809&13,317940283400809&13,317940283400809&13,317940283400809&13,317940283400809&13,317940283400809&13,317940283400809&13,317940283400809&13,317940283400809"
4,100,0.1,0.4,7,600,13.3179402834008,7148,4,11,2,"12,362521453089244&12,362521453089244&12,362521453089244&13,317940283400809&13,317940283400809&13,317940283400809&13,317940283400809&13,317940283400809&13,317940283400809&13,317940283400809&13,317940283400809&13,317940283400809&13,317940283400809&13,317940283400809&13,317940283400809&13,317940283400809&13,317940283400809&13,317940283400809&13,317940283400809&13,317940283400809&13,317940283400809&13,317940283400809&13,317940283400809&13,317940283400809"
4,100,0.1,0.4,7,600,13.3179402834008,7116,4,11,2,"12,362521453089244&12,362521453089244&12,362521453089244&13,317940283400809&13,317940283400809&13,317940283400809&13,317940283400809&13,317940283400809&13,317940283400809&13,317940283400809&13,317940283400809&13,317940283400809&13,317940283400809&13,317940283400809&13,317940283400809&13,317940283400809&13,317940283400809&13,317940283400809&13,317940283400809&13,317940283400809&13,317940283400809&13,317940283400809&13,317940283400809&13,317940283400809"
4,100,0.1,0.4,7,600,13.3179402834008,7119,4,11,2,"12,362521453089244&12,362521453089244&12,362521453089244&13,317940283400809&13,317940283400809&13,317940283400809&13,317940283400809&13,317940283400809&13,317940283400809&13,317940283400809&13,317940283400809&13,317940283400809&13,317940283400809&13,317940283400809&13,317940283400809&13,317940283400809&13,317940283400809&13,317940283400809&13,317940283400809&13,317940283400809&13,317940283400809&13,317940283400809&13,317940283400809&13,317940283400809"
4,100,0.1,0.4,7,600,13.3179402834008,7171,4,11,2,"12,362521453089244&12,362521453089244&12,362521453089244&13,317940283400809&13,317940283400809&13,317940283400809&13,317940283400809&13,317940283400809&13,317940283400809&13,317940283400809&13,317940283400809&13,317940283400809&13,317940283400809&13,317940283400809&13,317940283400809&13,317940283400809&13,317940283400809&13,317940283400809&13,317940283400809&13,317940283400809&13,317940283400809&13,317940283400809&13,317940283400809&13,317940283400809"
4,100,0.1,0.4,7,600,13.3179402834008,2615,4,11,2,"12,362521453089244&12,362521453089244&12,362521453089244&13,317940283400809&13,317940283400809&13,317940283400809&13,317940283400809&13,317940283400809&13,317940283400809&13,317940283400809&13,317940283400809&13,317940283400809&13,317940283400809&13,317940283400809&13,317940283400809&13,317940283400809&13,317940283400809&13,317940283400809&13,317940283400809&13,317940283400809&13,317940283400809&13,317940283400809&13,317940283400809&13,317940283400809"
4,100,0.1,0.4,7,600,13.5778087044534,2861,5,9,2,"12,362521453089244&12,622389874141874&12,622389874141874&12,622389874141874&12,622389874141874&12,622389874141874&12,622389874141874&12,622389874141874&12,622389874141874&13,577808704453439&13,577808704453439&13,577808704453439&13,577808704453439&13,577808704453439&13,577808704453439&13,577808704453439&13,577808704453439&13,577808704453439&13,577808704453439&13,577808704453439&13,577808704453439&13,577808704453439&13,577808704453439&13,577808704453439&13,577808704453439&13,577808704453439&13,577808704453439&13,577808704453439&13,577808704453439&13,577808704453439"
5,20,0.1,0.8,7,50,11.4854268665851,1521,2,16,3,"4,613445300853613&10,8475063861577&10,8475063861577&10,8475063861577&10,8475063861577&10,8475063861577&10,8475063861577&11,485426866585069&11,485426866585069&11,485426866585069&11,485426866585069&11,485426866585069&11,485426866585069&11,485426866585069&11,485426866585069&11,485426866585069&11,485426866585069&11,485426866585069&11,485426866585069&11,485426866585069&11,485426866585069&11,485426866585069&11,485426866585069&11,485426866585069&11,485426866585069&11,485426866585069&11,485426866585069&11,485426866585069"
5,20,0.1,0.8,7,50,11.4854268665851,1538,2,16,3,"4,613445300853613&10,8475063861577&10,8475063861577&10,8475063861577&10,8475063861577&10,8475063861577&10,8475063861577&11,485426866585069&11,485426866585069&11,485426866585069&11,485426866585069&11,485426866585069&11,485426866585069&11,485426866585069&11,485426866585069&11,485426866585069&11,485426866585069&11,485426866585069&11,485426866585069&11,485426866585069&11,485426866585069&11,485426866585069&11,485426866585069&11,485426866585069&11,485426866585069&11,485426866585069&11,485426866585069&11,485426866585069"
5,20,0.1,0.8,7,50,11.4854268665851,1556,2,16,3,"4,613445300853613&10,8475063861577&10,8475063861577&10,8475063861577&10,8475063861577&10,8475063861577&10,8475063861577&11,485426866585069&11,485426866585069&11,485426866585069&11,485426866585069&11,485426866585069&11,485426866585069&11,485426866585069&11,485426866585069&11,485426866585069&11,485426866585069&11,485426866585069&11,485426866585069&11,485426866585069&11,485426866585069&11,485426866585069&11,485426866585069&11,485426866585069&11,485426866585069&11,485426866585069&11,485426866585069&11,485426866585069"
5,20,0.1,0.8,7,50,11.4854268665851,1579,2,16,3,"4,613445300853613&10,8475063861577&10,8475063861577&10,8475063861577&10,8475063861577&10,8475063861577&10,8475063861577&11,485426866585069&11,485426866585069&11,485426866585069&11,485426866585069&11,485426866585069&11,485426866585069&11,485426866585069&11,485426866585069&11,485426866585069&11,485426866585069&11,485426866585069&11,485426866585069&11,485426866585069&11,485426866585069&11,485426866585069&11,485426866585069&11,485426866585069&11,485426866585069&11,485426866585069&11,485426866585069&11,485426866585069"
5,20,0.1,0.8,7,50,11.4854268665851,1591,2,16,3,"4,613445300853613&10,8475063861577&10,8475063861577&10,8475063861577&10,8475063861577&10,8475063861577&10,8475063861577&11,485426866585069&11,485426866585069&11,485426866585069&11,485426866585069&11,485426866585069&11,485426866585069&11,485426866585069&11,485426866585069&11,485426866585069&11,485426866585069&11,485426866585069&11,485426866585069&11,485426866585069&11,485426866585069&11,485426866585069&11,485426866585069&11,485426866585069&11,485426866585069&11,485426866585069&11,485426866585069&11,485426866585069"
5,20,0.1,0.8,7,50,11.4854268665851,1533,2,16,3,"4,613445300853613&10,8475063861577&10,8475063861577&10,8475063861577&10,8475063861577&10,8475063861577&10,8475063861577&11,485426866585069&11,485426866585069&11,485426866585069&11,485426866585069&11,485426866585069&11,485426866585069&11,485426866585069&11,485426866585069&11,485426866585069&11,485426866585069&11,485426866585069&11,485426866585069&11,485426866585069&11,485426866585069&11,485426866585069&11,485426866585069&11,485426866585069&11,485426866585069&11,485426866585069&11,485426866585069&11,485426866585069"
5,20,0.1,0.8,7,50,11.4854268665851,1566,2,16,3,"4,613445300853613&10,8475063861577&10,8475063861577&10,8475063861577&10,8475063861577&10,8475063861577&10,8475063861577&11,485426866585069&11,485426866585069&11,485426866585069&11,485426866585069&11,485426866585069&11,485426866585069&11,485426866585069&11,485426866585069&11,485426866585069&11,485426866585069&11,485426866585069&11,485426866585069&11,485426866585069&11,485426866585069&11,485426866585069&11,485426866585069&11,485426866585069&11,485426866585069&11,485426866585069&11,485426866585069&11,485426866585069"
5,20,0.1,0.8,7,50,12.4585077751196,1843,3,14,2,"4,613445300853613&10,8475063861577&10,8475063861577&10,8475063861577&10,8475063861577&10,8475063861577&10,8475063861577&11,485426866585069&11,485426866585069&11,485426866585069&11,485426866585069&11,485426866585069&11,485426866585069&11,485426866585069&11,485426866585069&11,485426866585069&11,485426866585069&11,485426866585069&11,485426866585069&11,485426866585069&11,485426866585069&11,485426866585069&11,485426866585069&11,485426866585069&11,485426866585069&11,485426866585069&11,743693184231763&11,743693184231763&11,743693184231763&11,743693184231763&12,458507775119614&12,458507775119614&12,458507775119614&12,458507775119614&12,458507775119614&12,458507775119614&12,458507775119614&12,458507775119614&12,458507775119614&12,458507775119614&12,458507775119614&12,458507775119614&12,458507775119614&12,458507775119614&12,458507775119614&12,458507775119614&12,458507775119614&12,458507775119614&12,458507775119614&12,458507775119614"
5,20,0.1,0.8,7,50,11.4854268665851,723,2,16,3,"4,613445300853613&10,8475063861577&10,8475063861577&10,8475063861577&10,8475063861577&10,8475063861577&10,8475063861577&11,485426866585069&11,485426866585069&11,485426866585069&11,485426866585069&11,485426866585069&11,485426866585069&11,485426866585069&11,485426866585069&11,485426866585069&11,485426866585069&11,485426866585069&11,485426866585069&11,485426866585069&11,485426866585069&11,485426866585069&11,485426866585069&11,485426866585069&11,485426866585069&11,485426866585069&11,485426866585069&11,485426866585069"
5,20,0.1,0.8,7,50,12.4585077751196,802,3,14,2,"10,287987895705665&11,485426866585069&11,485426866585069&11,485426866585069&11,743693184231763&11,743693184231763&11,743693184231763&11,743693184231763&11,743693184231763&11,743693184231763&11,743693184231763&11,743693184231763&11,743693184231763&11,743693184231763&11,743693184231763&11,743693184231763&11,743693184231763&11,743693184231763&11,743693184231763&12,458507775119614&12,458507775119614&12,458507775119614&12,458507775119614&12,458507775119614&12,458507775119614&12,458507775119614&12,458507775119614&12,458507775119614&12,458507775119614&12,458507775119614&12,458507775119614&12,458507775119614&12,458507775119614&12,458507775119614&12,458507775119614&12,458507775119614&12,458507775119614&12,458507775119614&12,458507775119614&12,458507775119614"
6,100,0.1,0.8,20,250,13.3179402834008,6783,4,11,2,"12,362521453089244&12,362521453089244&12,362521453089244&12,362521453089244&13,317940283400809&13,317940283400809&13,317940283400809&13,317940283400809&13,317940283400809&13,317940283400809&13,317940283400809&13,317940283400809&13,317940283400809&13,317940283400809&13,317940283400809&13,317940283400809&13,317940283400809&13,317940283400809&13,317940283400809&13,317940283400809&13,317940283400809&13,317940283400809&13,317940283400809&13,317940283400809&13,317940283400809"
6,100,0.1,0.8,20,250,13.3179402834008,7115,4,11,2,"12,362521453089244&12,362521453089244&12,362521453089244&12,362521453089244&13,317940283400809&13,317940283400809&13,317940283400809&13,317940283400809&13,317940283400809&13,317940283400809&13,317940283400809&13,317940283400809&13,317940283400809&13,317940283400809&13,317940283400809&13,317940283400809&13,317940283400809&13,317940283400809&13,317940283400809&13,317940283400809&13,317940283400809&13,317940283400809&13,317940283400809&13,317940283400809&13,317940283400809"
6,100,0.1,0.8,20,250,13.3179402834008,7153,4,11,2,"12,362521453089244&12,362521453089244&12,362521453089244&12,362521453089244&13,317940283400809&13,317940283400809&13,317940283400809&13,317940283400809&13,317940283400809&13,317940283400809&13,317940283400809&13,317940283400809&13,317940283400809&13,317940283400809&13,317940283400809&13,317940283400809&13,317940283400809&13,317940283400809&13,317940283400809&13,317940283400809&13,317940283400809&13,317940283400809&13,317940283400809&13,317940283400809&13,317940283400809"
6,100,0.1,0.8,20,250,13.3179402834008,7223,4,11,2,"12,362521453089244&12,362521453089244&12,362521453089244&12,362521453089244&13,317940283400809&13,317940283400809&13,317940283400809&13,317940283400809&13,317940283400809&13,317940283400809&13,317940283400809&13,317940283400809&13,317940283400809&13,317940283400809&13,317940283400809&13,317940283400809&13,317940283400809&13,317940283400809&13,317940283400809&13,317940283400809&13,317940283400809&13,317940283400809&13,317940283400809&13,317940283400809&13,317940283400809"
6,100,0.1,0.8,20,250,13.3179402834008,7232,4,11,2,"12,362521453089244&12,362521453089244&12,362521453089244&12,362521453089244&13,317940283400809&13,317940283400809&13,317940283400809&13,317940283400809&13,317940283400809&13,317940283400809&13,317940283400809&13,317940283400809&13,317940283400809&13,317940283400809&13,317940283400809&13,317940283400809&13,317940283400809&13,317940283400809&13,317940283400809&13,317940283400809&13,317940283400809&13,317940283400809&13,317940283400809&13,317940283400809&13,317940283400809"
6,100,0.1,0.8,20,250,13.3179402834008,7240,4,11,2,"12,362521453089244&12,362521453089244&12,362521453089244&12,362521453089244&13,317940283400809&13,317940283400809&13,317940283400809&13,317940283400809&13,317940283400809&13,317940283400809&13,317940283400809&13,317940283400809&13,317940283400809&13,317940283400809&13,317940283400809&13,317940283400809&13,317940283400809&13,317940283400809&13,317940283400809&13,317940283400809&13,317940283400809&13,317940283400809&13,317940283400809&13,317940283400809&13,317940283400809"
6,100,0.1,0.8,20,250,13.3179402834008,7249,4,11,2,"12,362521453089244&12,362521453089244&12,362521453089244&12,362521453089244&13,317940283400809&13,317940283400809&13,317940283400809&13,317940283400809&13,317940283400809&13,317940283400809&13,317940283400809&13,317940283400809&13,317940283400809&13,317940283400809&13,317940283400809&13,317940283400809&13,317940283400809&13,317940283400809&13,317940283400809&13,317940283400809&13,317940283400809&13,317940283400809&13,317940283400809&13,317940283400809&13,317940283400809"
6,100,0.1,0.8,20,250,13.3179402834008,7233,4,11,2,"12,362521453089244&12,362521453089244&12,362521453089244&12,362521453089244&13,317940283400809&13,317940283400809&13,317940283400809&13,317940283400809&13,317940283400809&13,317940283400809&13,317940283400809&13,317940283400809&13,317940283400809&13,317940283400809&13,317940283400809&13,317940283400809&13,317940283400809&13,317940283400809&13,317940283400809&13,317940283400809&13,317940283400809&13,317940283400809&13,317940283400809&13,317940283400809&13,317940283400809"
6,100,0.1,0.8,20,250,13.3179402834008,2623,4,11,2,"12,362521453089244&12,362521453089244&12,362521453089244&12,362521453089244&13,317940283400809&13,317940283400809&13,317940283400809&13,317940283400809&13,317940283400809&13,317940283400809&13,317940283400809&13,317940283400809&13,317940283400809&13,317940283400809&13,317940283400809&13,317940283400809&13,317940283400809&13,317940283400809&13,317940283400809&13,317940283400809&13,317940283400809&13,317940283400809&13,317940283400809&13,317940283400809&13,317940283400809"
6,100,0.1,0.8,20,250,13.3179402834008,3046,4,11,2,"12,362521453089244&12,362521453089244&12,42700729927007&12,42700729927007&12,458507775119614&13,317940283400809&13,317940283400809&13,317940283400809&13,317940283400809&13,317940283400809&13,317940283400809&13,317940283400809&13,317940283400809&13,317940283400809&13,317940283400809&13,317940283400809&13,317940283400809&13,317940283400809&13,317940283400809&13,317940283400809&13,317940283400809&13,317940283400809&13,317940283400809&13,317940283400809&13,317940283400809&13,317940283400809"
7,20,0.5,0.1,20,600,15.6810385338346,2718,6,6,2,"4,613445300853613&4,613445300853613&6,263938090418353&6,263938090418353&6,263938090418353&9,540413533834585&9,540413533834585&9,540413533834585&14,114974937343355&14,114974937343355&14,114974937343355&14,114974937343355&14,114974937343355&14,114974937343355&14,114974937343355&14,114974937343355&14,114974937343355&14,114974937343355&14,114974937343355&14,114974937343355&14,114974937343355&14,114974937343355&14,114974937343355&14,114974937343355&15,681038533834581&15,681038533834581&15,681038533834581&15,681038533834581&15,681038533834581&15,681038533834581&15,681038533834581&15,681038533834581&15,681038533834581&15,681038533834581&15,681038533834581&15,681038533834581&15,681038533834581&15,681038533834581&15,681038533834581&15,681038533834581&15,681038533834581&15,681038533834581&15,681038533834581&15,681038533834581&15,681038533834581"
7,20,0.5,0.1,20,600,15.6810385338346,2735,6,6,2,"4,613445300853613&4,613445300853613&6,263938090418353&6,263938090418353&6,263938090418353&9,540413533834585&9,540413533834585&9,540413533834585&14,114974937343355&14,114974937343355&14,114974937343355&14,114974937343355&14,114974937343355&14,114974937343355&14,114974937343355&14,114974937343355&14,114974937343355&14,114974937343355&14,114974937343355&14,114974937343355&14,114974937343355&14,114974937343355&14,114974937343355&14,114974937343355&15,681038533834581&15,681038533834581&15,681038533834581&15,681038533834581&15,681038533834581&15,681038533834581&15,681038533834581&15,681038533834581&15,681038533834581&15,681038533834581&15,681038533834581&15,681038533834581&15,681038533834581&15,681038533834581&15,681038533834581&15,681038533834581&15,681038533834581&15,681038533834581&15,681038533834581&15,681038533834581&15,681038533834581"
7,20,0.5,0.1,20,600,15.6810385338346,2782,6,6,2,"4,613445300853613&4,613445300853613&6,263938090418353&6,263938090418353&6,263938090418353&9,540413533834585&9,540413533834585&9,540413533834585&14,114974937343355&14,114974937343355&14,114974937343355&14,114974937343355&14,114974937343355&14,114974937343355&14,114974937343355&14,114974937343355&14,114974937343355&14,114974937343355&14,114974937343355&14,114974937343355&14,114974937343355&14,114974937343355&14,114974937343355&14,114974937343355&15,681038533834581&15,681038533834581&15,681038533834581&15,681038533834581&15,681038533834581&15,681038533834581&15,681038533834581&15,681038533834581&15,681038533834581&15,681038533834581&15,681038533834581&15,681038533834581&15,681038533834581&15,681038533834581&15,681038533834581&15,681038533834581&15,681038533834581&15,681038533834581&15,681038533834581&15,681038533834581&15,681038533834581"
7,20,0.5,0.1,20,600,15.6810385338346,2740,6,6,2,"4,613445300853613&4,613445300853613&6,263938090418353&6,263938090418353&6,263938090418353&9,540413533834585&9,540413533834585&9,540413533834585&14,114974937343355&14,114974937343355&14,114974937343355&14,114974937343355&14,114974937343355&14,114974937343355&14,114974937343355&14,114974937343355&14,114974937343355&14,114974937343355&14,114974937343355&14,114974937343355&14,114974937343355&14,114974937343355&14,114974937343355&14,114974937343355&15,681038533834581&15,681038533834581&15,681038533834581&15,681038533834581&15,681038533834581&15,681038533834581&15,681038533834581&15,681038533834581&15,681038533834581&15,681038533834581&15,681038533834581&15,681038533834581&15,681038533834581&15,681038533834581&15,681038533834581&15,681038533834581&15,681038533834581&15,681038533834581&15,681038533834581&15,681038533834581&15,681038533834581"
7,20,0.5,0.1,20,600,15.6810385338346,2832,6,6,2,"4,613445300853613&4,613445300853613&6,263938090418353&6,263938090418353&6,263938090418353&9,540413533834585&9,540413533834585&9,540413533834585&14,114974937343355&14,114974937343355&14,114974937343355&14,114974937343355&14,114974937343355&14,114974937343355&14,114974937343355&14,114974937343355&14,114974937343355&14,114974937343355&14,114974937343355&14,114974937343355&14,114974937343355&14,114974937343355&14,114974937343355&14,114974937343355&15,681038533834581&15,681038533834581&15,681038533834581&15,681038533834581&15,681038533834581&15,681038533834581&15,681038533834581&15,681038533834581&15,681038533834581&15,681038533834581&15,681038533834581&15,681038533834581&15,681038533834581&15,681038533834581&15,681038533834581&15,681038533834581&15,681038533834581&15,681038533834581&15,681038533834581&15,681038533834581&15,681038533834581"
7,20,0.5,0.1,20,600,15.6810385338346,2794,6,6,2,"4,613445300853613&4,613445300853613&6,263938090418353&6,263938090418353&6,263938090418353&9,540413533834585&9,540413533834585&9,540413533834585&14,114974937343355&14,114974937343355&14,114974937343355&14,114974937343355&14,114974937343355&14,114974937343355&14,114974937343355&14,114974937343355&14,114974937343355&14,114974937343355&14,114974937343355&14,114974937343355&14,114974937343355&14,114974937343355&14,114974937343355&14,114974937343355&15,681038533834581&15,681038533834581&15,681038533834581&15,681038533834581&15,681038533834581&15,681038533834581&15,681038533834581&15,681038533834581&15,681038533834581&15,681038533834581&15,681038533834581&15,681038533834581&15,681038533834581&15,681038533834581&15,681038533834581&15,681038533834581&15,681038533834581&15,681038533834581&15,681038533834581&15,681038533834581&15,681038533834581"
7,20,0.5,0.1,20,600,15.6810385338346,2839,6,6,2,"4,613445300853613&4,613445300853613&6,263938090418353&6,263938090418353&6,263938090418353&9,540413533834585&9,540413533834585&9,540413533834585&14,114974937343355&14,114974937343355&14,114974937343355&14,114974937343355&14,114974937343355&14,114974937343355&14,114974937343355&14,114974937343355&14,114974937343355&14,114974937343355&14,114974937343355&14,114974937343355&14,114974937343355&14,114974937343355&14,114974937343355&14,114974937343355&15,681038533834581&15,681038533834581&15,681038533834581&15,681038533834581&15,681038533834581&15,681038533834581&15,681038533834581&15,681038533834581&15,681038533834581&15,681038533834581&15,681038533834581&15,681038533834581&15,681038533834581&15,681038533834581&15,681038533834581&15,681038533834581&15,681038533834581&15,681038533834581&15,681038533834581&15,681038533834581&15,681038533834581"
7,20,0.5,0.1,20,600,15.6810385338346,2848,6,6,2,"4,613445300853613&4,613445300853613&6,263938090418353&6,263938090418353&6,263938090418353&9,540413533834585&9,540413533834585&9,540413533834585&14,114974937343355&14,114974937343355&14,114974937343355&14,114974937343355&14,114974937343355&14,114974937343355&14,114974937343355&14,114974937343355&14,114974937343355&14,114974937343355&14,114974937343355&14,114974937343355&14,114974937343355&14,114974937343355&14,114974937343355&14,114974937343355&15,681038533834581&15,681038533834581&15,681038533834581&15,681038533834581&15,681038533834581&15,681038533834581&15,681038533834581&15,681038533834581&15,681038533834581&15,681038533834581&15,681038533834581&15,681038533834581&15,681038533834581&15,681038533834581&15,681038533834581&15,681038533834581&15,681038533834581&15,681038533834581&15,681038533834581&15,681038533834581&15,681038533834581"
7,20,0.5,0.1,20,600,10.8475063861577,825,3,10,3,"10,287987895705665&10,287987895705665&10,287987895705665&10,287987895705665&10,287987895705665&10,287987895705665&10,287987895705665&10,287987895705665&10,287987895705665&10,287987895705665&10,8475063861577&10,8475063861577&10,8475063861577&10,8475063861577&10,8475063861577&10,8475063861577&10,8475063861577&10,8475063861577&10,8475063861577&10,8475063861577&10,8475063861577&10,8475063861577&10,8475063861577&10,8475063861577&10,8475063861577&10,8475063861577&10,8475063861577&10,8475063861577&10,8475063861577&10,8475063861577&10,8475063861577"
7,20,0.5,0.1,20,600,15.6810385338346,1015,6,6,2,"4,613445300853613&4,613445300853613&6,263938090418353&6,263938090418353&6,263938090418353&9,540413533834585&9,540413533834585&9,540413533834585&14,114974937343355&14,114974937343355&14,114974937343355&14,114974937343355&14,114974937343355&14,114974937343355&14,114974937343355&14,114974937343355&14,114974937343355&14,114974937343355&14,114974937343355&14,114974937343355&14,114974937343355&14,114974937343355&14,114974937343355&14,114974937343355&15,681038533834581&15,681038533834581&15,681038533834581&15,681038533834581&15,681038533834581&15,681038533834581&15,681038533834581&15,681038533834581&15,681038533834581&15,681038533834581&15,681038533834581&15,681038533834581&15,681038533834581&15,681038533834581&15,681038533834581&15,681038533834581&15,681038533834581&15,681038533834581&15,681038533834581&15,681038533834581&15,681038533834581"
8,100,0.5,0.1,2,50,12.8725961538462,14278,4,11,2,"12,362521453089244&12,362521453089244&12,362521453089244&11,485426866585069&11,597599088446923&11,597599088446923&11,597599088446923&11,597599088446923&11,597599088446923&11,597599088446923&11,597599088446923&11,597599088446923&11,597599088446923&13,205789817531631&13,205789817531631&13,205789817531631&13,205789817531631&13,205789817531631&12,362521453089244&12,362521453089244&12,362521453089244&12,362521453089244&12,362521453089244&13,317940283400809&13,317940283400809&13,317940283400809&13,317940283400809&13,317940283400809&12,872596153846153&12,872596153846153&12,872596153846153&12,872596153846153&12,872596153846153&12,872596153846153&12,872596153846153&12,872596153846153&12,872596153846153&12,872596153846153&12,872596153846153&12,872596153846153&12,872596153846153&12,872596153846153&12,872596153846153&12,872596153846153&12,872596153846153&12,872596153846153&12,872596153846153&12,872596153846153&12,872596153846153"
8,100,0.5,0.1,2,50,12.8725961538462,14451,4,11,2,"12,362521453089244&12,362521453089244&12,362521453089244&11,485426866585069&11,597599088446923&11,597599088446923&11,597599088446923&11,597599088446923&11,597599088446923&11,597599088446923&11,597599088446923&11,597599088446923&11,597599088446923&13,205789817531631&13,205789817531631&13,205789817531631&13,205789817531631&13,205789817531631&12,362521453089244&12,362521453089244&12,362521453089244&12,362521453089244&12,362521453089244&13,317940283400809&13,317940283400809&13,317940283400809&13,317940283400809&13,317940283400809&12,872596153846153&12,872596153846153&12,872596153846153&12,872596153846153&12,872596153846153&12,872596153846153&12,872596153846153&12,872596153846153&12,872596153846153&12,872596153846153&12,872596153846153&12,872596153846153&12,872596153846153&12,872596153846153&12,872596153846153&12,872596153846153&12,872596153846153&12,872596153846153&12,872596153846153&12,872596153846153&12,872596153846153"
8,100,0.5,0.1,2,50,12.8725961538462,14594,4,11,2,"12,362521453089244&12,362521453089244&12,362521453089244&11,485426866585069&11,597599088446923&11,597599088446923&11,597599088446923&11,597599088446923&11,597599088446923&11,597599088446923&11,597599088446923&11,597599088446923&11,597599088446923&13,205789817531631&13,205789817531631&13,205789817531631&13,205789817531631&13,205789817531631&12,362521453089244&12,362521453089244&12,362521453089244&12,362521453089244&12,362521453089244&13,317940283400809&13,317940283400809&13,317940283400809&13,317940283400809&13,317940283400809&12,872596153846153&12,872596153846153&12,872596153846153&12,872596153846153&12,872596153846153&12,872596153846153&12,872596153846153&12,872596153846153&12,872596153846153&12,872596153846153&12,872596153846153&12,872596153846153&12,872596153846153&12,872596153846153&12,872596153846153&12,872596153846153&12,872596153846153&12,872596153846153&12,872596153846153&12,872596153846153&12,872596153846153"
8,100,0.5,0.1,2,50,12.8725961538462,14628,4,11,2,"12,362521453089244&12,362521453089244&12,362521453089244&11,485426866585069&11,597599088446923&11,597599088446923&11,597599088446923&11,597599088446923&11,597599088446923&11,597599088446923&11,597599088446923&11,597599088446923&11,597599088446923&13,205789817531631&13,205789817531631&13,205789817531631&13,205789817531631&13,205789817531631&12,362521453089244&12,362521453089244&12,362521453089244&12,362521453089244&12,362521453089244&13,317940283400809&13,317940283400809&13,317940283400809&13,317940283400809&13,317940283400809&12,872596153846153&12,872596153846153&12,872596153846153&12,872596153846153&12,872596153846153&12,872596153846153&12,872596153846153&12,872596153846153&12,872596153846153&12,872596153846153&12,872596153846153&12,872596153846153&12,872596153846153&12,872596153846153&12,872596153846153&12,872596153846153&12,872596153846153&12,872596153846153&12,872596153846153&12,872596153846153&12,872596153846153"
8,100,0.5,0.1,2,50,12.8725961538462,14656,4,11,2,"12,362521453089244&12,362521453089244&12,362521453089244&11,485426866585069&11,597599088446923&11,597599088446923&11,597599088446923&11,597599088446923&11,597599088446923&11,597599088446923&11,597599088446923&11,597599088446923&11,597599088446923&13,205789817531631&13,205789817531631&13,205789817531631&13,205789817531631&13,205789817531631&12,362521453089244&12,362521453089244&12,362521453089244&12,362521453089244&12,362521453089244&13,317940283400809&13,317940283400809&13,317940283400809&13,317940283400809&13,317940283400809&12,872596153846153&12,872596153846153&12,872596153846153&12,872596153846153&12,872596153846153&12,872596153846153&12,872596153846153&12,872596153846153&12,872596153846153&12,872596153846153&12,872596153846153&12,872596153846153&12,872596153846153&12,872596153846153&12,872596153846153&12,872596153846153&12,872596153846153&12,872596153846153&12,872596153846153&12,872596153846153&12,872596153846153"
8,100,0.5,0.1,2,50,13.3179402834008,14742,4,11,2,"12,362521453089244&12,362521453089244&12,362521453089244&11,485426866585069&11,597599088446923&11,597599088446923&11,597599088446923&11,597599088446923&11,597599088446923&11,597599088446923&11,597599088446923&11,597599088446923&11,597599088446923&13,205789817531631&13,205789817531631&13,205789817531631&13,205789817531631&13,205789817531631&12,362521453089244&12,362521453089244&12,362521453089244&12,362521453089244&12,362521453089244&13,317940283400809&13,317940283400809&13,317940283400809&13,317940283400809&13,317940283400809&12,872596153846153&12,872596153846153&12,872596153846153&12,872596153846153&12,872596153846153&12,872596153846153&12,872596153846153&12,872596153846153&12,872596153846153&12,872596153846153&12,872596153846153&12,872596153846153&12,872596153846153&12,872596153846153&12,872596153846153&12,872596153846153&12,872596153846153&12,872596153846153&12,872596153846153&12,872596153846153&13,317940283400809&13,317940283400809"
8,100,0.5,0.1,2,50,13.3179402834008,14744,4,11,2,"12,362521453089244&12,362521453089244&12,362521453089244&11,485426866585069&11,597599088446923&11,597599088446923&11,597599088446923&11,597599088446923&11,597599088446923&11,597599088446923&11,597599088446923&11,597599088446923&11,597599088446923&13,205789817531631&13,205789817531631&13,205789817531631&13,205789817531631&13,205789817531631&12,362521453089244&12,362521453089244&12,362521453089244&12,362521453089244&12,362521453089244&13,317940283400809&13,317940283400809&13,317940283400809&13,317940283400809&13,317940283400809&12,872596153846153&12,872596153846153&12,872596153846153&12,872596153846153&12,872596153846153&12,872596153846153&12,872596153846153&12,872596153846153&12,872596153846153&12,872596153846153&12,872596153846153&12,872596153846153&12,872596153846153&12,872596153846153&12,872596153846153&12,872596153846153&12,872596153846153&12,872596153846153&12,872596153846153&12,872596153846153&13,317940283400809&13,317940283400809"
8,100,0.5,0.1,2,50,13.3179402834008,14757,4,11,2,"12,362521453089244&12,362521453089244&12,362521453089244&11,485426866585069&11,597599088446923&11,597599088446923&11,597599088446923&11,597599088446923&11,597599088446923&11,597599088446923&11,597599088446923&11,597599088446923&11,597599088446923&13,205789817531631&13,205789817531631&13,205789817531631&13,205789817531631&13,205789817531631&12,362521453089244&12,362521453089244&12,362521453089244&12,362521453089244&12,362521453089244&13,317940283400809&13,317940283400809&13,317940283400809&13,317940283400809&13,317940283400809&12,872596153846153&12,872596153846153&12,872596153846153&12,872596153846153&12,872596153846153&12,872596153846153&12,872596153846153&12,872596153846153&12,872596153846153&12,872596153846153&12,872596153846153&12,872596153846153&12,872596153846153&12,872596153846153&12,872596153846153&12,872596153846153&12,872596153846153&12,872596153846153&12,872596153846153&12,872596153846153&13,317940283400809&13,317940283400809"
8,100,0.5,0.1,2,50,13.5778087044534,4616,5,9,2,"12,362521453089244&12,622389874141874&12,622389874141874&12,622389874141874&12,622389874141874&12,622389874141874&12,622389874141874&12,622389874141874&12,622389874141874&13,577808704453439&13,577808704453439&12,622389874141874&12,622389874141874&12,622389874141874&12,622389874141874&12,622389874141874&12,622389874141874&13,577808704453439&13,577808704453439&13,577808704453439&13,577808704453439&13,577808704453439&13,577808704453439&13,577808704453439&13,577808704453439&13,577808704453439&13,577808704453439&13,577808704453439&13,577808704453439&13,577808704453439&13,577808704453439&13,577808704453439&13,577808704453439&13,577808704453439&13,577808704453439&13,577808704453439&13,577808704453439&13,577808704453439"
8,100,0.5,0.1,2,50,12.8725961538462,5140,4,11,2,"12,362521453089244&12,362521453089244&12,362521453089244&11,485426866585069&11,597599088446923&11,597599088446923&11,597599088446923&11,597599088446923&11,597599088446923&11,597599088446923&11,597599088446923&11,597599088446923&11,597599088446923&13,205789817531631&13,205789817531631&13,205789817531631&13,205789817531631&13,205789817531631&12,362521453089244&12,362521453089244&12,362521453089244&12,362521453089244&12,362521453089244&13,317940283400809&13,317940283400809&13,317940283400809&13,317940283400809&13,317940283400809&12,872596153846153&12,872596153846153&12,872596153846153&12,872596153846153&12,872596153846153&12,872596153846153&12,872596153846153&12,872596153846153&12,872596153846153&12,872596153846153&12,872596153846153&12,872596153846153&12,872596153846153&12,872596153846153&12,872596153846153&12,872596153846153&12,872596153846153&12,872596153846153&12,872596153846153&12,872596153846153&12,872596153846153"
9,20,0.5,0.4,7,600,14.5494662805518,4892,6,4,2,"4,613445300853613&4,613445300853613&6,263938090418353&6,263938090418353&6,263938090418353&6,263938090418353&6,263938090418353&6,263938090418353&6,263938090418353&6,263938090418353&6,263938090418353&6,263938090418353&10,838499493927124&10,838499493927124&10,838499493927124&10,838499493927124&11,45895001018511&11,45895001018511&11,45895001018511&11,45895001018511&11,45895001018511&11,45895001018511&11,45895001018511&11,45895001018511&11,45895001018511&11,45895001018511&11,45895001018511&11,45895001018511&11,45895001018511&11,45895001018511&11,45895001018511&11,45895001018511&11,539119799917849&11,539119799917849&11,539119799917849&12,049194500674759&12,049194500674759&12,049194500674759&12,049194500674759&12,494538630229414&12,494538630229414&12,77929411062835&12,77929411062835&12,77929411062835&12,77929411062835&12,77929411062835&12,77929411062835&12,77929411062835&12,77929411062835&12,77929411062835&12,77929411062835&12,77929411062835&12,77929411062835&12,77929411062835&13,762124662618078&13,762124662618078&13,762124662618078&14,549466280551805&14,549466280551805&14,549466280551805&14,549466280551805&14,549466280551805&14,549466280551805&14,549466280551805&14,549466280551805&14,549466280551805&14,549466280551805&14,549466280551805&14,549466280551805&14,549466280551805&14,549466280551805&14,549466280551805&14,549466280551805&14,549466280551805&14,549466280551805&14,549466280551805&14,549466280551805&14,549466280551805"
9,20,0.5,0.4,7,600,14.5494662805518,5012,6,4,2,"4,613445300853613&4,613445300853613&6,263938090418353&6,263938090418353&6,263938090418353&6,263938090418353&6,263938090418353&6,263938090418353&6,263938090418353&6,263938090418353&6,263938090418353&6,263938090418353&10,838499493927124&10,838499493927124&10,838499493927124&10,838499493927124&11,45895001018511&11,45895001018511&11,45895001018511&11,45895001018511&11,45895001018511&11,45895001018511&11,45895001018511&11,45895001018511&11,45895001018511&11,45895001018511&11,45895001018511&11,45895001018511&11,45895001018511&11,45895001018511&11,45895001018511&11,45895001018511&11,539119799917849&11,539119799917849&11,539119799917849&12,049194500674759&12,049194500674759&12,049194500674759&12,049194500674759&12,494538630229414&12,494538630229414&12,77929411062835&12,77929411062835&12,77929411062835&12,77929411062835&12,77929411062835&12,77929411062835&12,77929411062835&12,77929411062835&12,77929411062835&12,77929411062835&12,77929411062835&12,77929411062835&12,77929411062835&13,762124662618078&13,762124662618078&13,762124662618078&14,549466280551805&14,549466280551805&14,549466280551805&14,549466280551805&14,549466280551805&14,549466280551805&14,549466280551805&14,549466280551805&14,549466280551805&14,549466280551805&14,549466280551805&14,549466280551805&14,549466280551805&14,549466280551805&14,549466280551805&14,549466280551805&14,549466280551805&14,549466280551805&14,549466280551805&14,549466280551805&14,549466280551805"
9,20,0.5,0.4,7,600,14.5494662805518,5066,6,4,2,"4,613445300853613&4,613445300853613&6,263938090418353&6,263938090418353&6,263938090418353&6,263938090418353&6,263938090418353&6,263938090418353&6,263938090418353&6,263938090418353&6,263938090418353&6,263938090418353&10,838499493927124&10,838499493927124&10,838499493927124&10,838499493927124&11,45895001018511&11,45895001018511&11,45895001018511&11,45895001018511&11,45895001018511&11,45895001018511&11,45895001018511&11,45895001018511&11,45895001018511&11,45895001018511&11,45895001018511&11,45895001018511&11,45895001018511&11,45895001018511&11,45895001018511&11,45895001018511&11,539119799917849&11,539119799917849&11,539119799917849&12,049194500674759&12,049194500674759&12,049194500674759&12,049194500674759&12,494538630229414&12,494538630229414&12,77929411062835&12,77929411062835&12,77929411062835&12,77929411062835&12,77929411062835&12,77929411062835&12,77929411062835&12,77929411062835&12,77929411062835&12,77929411062835&12,77929411062835&12,77929411062835&12,77929411062835&13,762124662618078&13,762124662618078&13,762124662618078&14,549466280551805&14,549466280551805&14,549466280551805&14,549466280551805&14,549466280551805&14,549466280551805&14,549466280551805&14,549466280551805&14,549466280551805&14,549466280551805&14,549466280551805&14,549466280551805&14,549466280551805&14,549466280551805&14,549466280551805&14,549466280551805&14,549466280551805&14,549466280551805&14,549466280551805&14,549466280551805&14,549466280551805"
9,20,0.5,0.4,7,600,14.5494662805518,5058,6,4,2,"4,613445300853613&4,613445300853613&6,263938090418353&6,263938090418353&6,263938090418353&6,263938090418353&6,263938090418353&6,263938090418353&6,263938090418353&6,263938090418353&6,263938090418353&6,263938090418353&10,838499493927124&10,838499493927124&10,838499493927124&10,838499493927124&11,45895001018511&11,45895001018511&11,45895001018511&11,45895001018511&11,45895001018511&11,45895001018511&11,45895001018511&11,45895001018511&11,45895001018511&11,45895001018511&11,45895001018511&11,45895001018511&11,45895001018511&11,45895001018511&11,45895001018511&11,45895001018511&11,539119799917849&11,539119799917849&11,539119799917849&12,049194500674759&12,049194500674759&12,049194500674759&12,049194500674759&12,494538630229414&12,494538630229414&12,77929411062835&12,77929411062835&12,77929411062835&12,77929411062835&12,77929411062835&12,77929411062835&12,77929411062835&12,77929411062835&12,77929411062835&12,77929411062835&12,77929411062835&12,77929411062835&12,77929411062835&13,762124662618078&13,762124662618078&13,762124662618078&14,549466280551805&14,549466280551805&14,549466280551805&14,549466280551805&14,549466280551805&14,549466280551805&14,549466280551805&14,549466280551805&14,549466280551805&14,549466280551805&14,549466280551805&14,549466280551805&14,549466280551805&14,549466280551805&14,549466280551805&14,549466280551805&14,549466280551805&14,549466280551805&14,549466280551805&14,549466280551805&14,549466280551805"
9,20,0.5,0.4,7,600,14.5494662805518,5130,6,4,2,"4,613445300853613&4,613445300853613&6,263938090418353&6,263938090418353&6,263938090418353&6,263938090418353&6,263938090418353&6,263938090418353&6,263938090418353&6,263938090418353&6,263938090418353&6,263938090418353&10,838499493927124&10,838499493927124&10,838499493927124&10,838499493927124&11,45895001018511&11,45895001018511&11,45895001018511&11,45895001018511&11,45895001018511&11,45895001018511&11,45895001018511&11,45895001018511&11,45895001018511&11,45895001018511&11,45895001018511&11,45895001018511&11,45895001018511&11,45895001018511&11,45895001018511&11,45895001018511&11,539119799917849&11,539119799917849&11,539119799917849&12,049194500674759&12,049194500674759&12,049194500674759&12,049194500674759&12,494538630229414&12,494538630229414&12,77929411062835&12,77929411062835&12,77929411062835&12,77929411062835&12,77929411062835&12,77929411062835&12,77929411062835&12,77929411062835&12,77929411062835&12,77929411062835&12,77929411062835&12,77929411062835&12,77929411062835&13,762124662618078&13,762124662618078&13,762124662618078&14,549466280551805&14,549466280551805&14,549466280551805&14,549466280551805&14,549466280551805&14,549466280551805&14,549466280551805&14,549466280551805&14,549466280551805&14,549466280551805&14,549466280551805&14,549466280551805&14,549466280551805&14,549466280551805&14,549466280551805&14,549466280551805&14,549466280551805&14,549466280551805&14,549466280551805&14,549466280551805&14,549466280551805"
9,20,0.5,0.4,7,600,14.5494662805518,5149,6,4,2,"4,613445300853613&4,613445300853613&6,263938090418353&6,263938090418353&6,263938090418353&6,263938090418353&6,263938090418353&6,263938090418353&6,263938090418353&6,263938090418353&6,263938090418353&6,263938090418353&10,838499493927124&10,838499493927124&10,838499493927124&10,838499493927124&11,45895001018511&11,45895001018511&11,45895001018511&11,45895001018511&11,45895001018511&11,45895001018511&11,45895001018511&11,45895001018511&11,45895001018511&11,45895001018511&11,45895001018511&11,45895001018511&11,45895001018511&11,45895001018511&11,45895001018511&11,45895001018511&11,539119799917849&11,539119799917849&11,539119799917849&12,049194500674759&12,049194500674759&12,049194500674759&12,049194500674759&12,494538630229414&12,494538630229414&12,77929411062835&12,77929411062835&12,77929411062835&12,77929411062835&12,77929411062835&12,77929411062835&12,77929411062835&12,77929411062835&12,77929411062835&12,77929411062835&12,77929411062835&12,77929411062835&12,77929411062835&13,762124662618078&13,762124662618078&13,762124662618078&14,549466280551805&14,549466280551805&14,549466280551805&14,549466280551805&14,549466280551805&14,549466280551805&14,549466280551805&14,549466280551805&14,549466280551805&14,549466280551805&14,549466280551805&14,549466280551805&14,549466280551805&14,549466280551805&14,549466280551805&14,549466280551805&14,549466280551805&14,549466280551805&14,549466280551805&14,549466280551805&14,549466280551805"
9,20,0.5,0.4,7,600,14.5494662805518,5231,6,4,2,"4,613445300853613&4,613445300853613&6,263938090418353&6,263938090418353&6,263938090418353&6,263938090418353&6,263938090418353&6,263938090418353&6,263938090418353&6,263938090418353&6,263938090418353&6,263938090418353&10,838499493927124&10,838499493927124&10,838499493927124&10,838499493927124&11,45895001018511&11,45895001018511&11,45895001018511&11,45895001018511&11,45895001018511&11,45895001018511&11,45895001018511&11,45895001018511&11,45895001018511&11,45895001018511&11,45895001018511&11,45895001018511&11,45895001018511&11,45895001018511&11,45895001018511&11,45895001018511&11,539119799917849&11,539119799917849&11,539119799917849&12,049194500674759&12,049194500674759&12,049194500674759&12,049194500674759&12,494538630229414&12,494538630229414&12,77929411062835&12,77929411062835&12,77929411062835&12,77929411062835&12,77929411062835&12,77929411062835&12,77929411062835&12,77929411062835&12,77929411062835&12,77929411062835&12,77929411062835&12,77929411062835&12,77929411062835&13,762124662618078&13,762124662618078&13,762124662618078&14,549466280551805&14,549466280551805&14,549466280551805&14,549466280551805&14,549466280551805&14,549466280551805&14,549466280551805&14,549466280551805&14,549466280551805&14,549466280551805&14,549466280551805&14,549466280551805&14,549466280551805&14,549466280551805&14,549466280551805&14,549466280551805&14,549466280551805&14,549466280551805&14,549466280551805&14,549466280551805&14,549466280551805"
9,20,0.5,0.4,7,600,14.5494662805518,5295,6,4,2,"4,613445300853613&4,613445300853613&6,263938090418353&6,263938090418353&6,263938090418353&6,263938090418353&6,263938090418353&6,263938090418353&6,263938090418353&6,263938090418353&6,263938090418353&6,263938090418353&10,838499493927124&10,838499493927124&10,838499493927124&10,838499493927124&11,45895001018511&11,45895001018511&11,45895001018511&11,45895001018511&11,45895001018511&11,45895001018511&11,45895001018511&11,45895001018511&11,45895001018511&11,45895001018511&11,45895001018511&11,45895001018511&11,45895001018511&11,45895001018511&11,45895001018511&11,45895001018511&11,539119799917849&11,539119799917849&11,539119799917849&12,049194500674759&12,049194500674759&12,049194500674759&12,049194500674759&12,494538630229414&12,494538630229414&12,77929411062835&12,77929411062835&12,77929411062835&12,77929411062835&12,77929411062835&12,77929411062835&12,77929411062835&12,77929411062835&12,77929411062835&12,77929411062835&12,77929411062835&12,77929411062835&12,77929411062835&13,762124662618078&13,762124662618078&13,762124662618078&14,549466280551805&14,549466280551805&14,549466280551805&14,549466280551805&14,549466280551805&14,549466280551805&14,549466280551805&14,549466280551805&14,549466280551805&14,549466280551805&14,549466280551805&14,549466280551805&14,549466280551805&14,549466280551805&14,549466280551805&14,549466280551805&14,549466280551805&14,549466280551805&14,549466280551805&14,549466280551805&14,549466280551805"
9,20,0.5,0.4,7,600,13.3007498884924,1787,5,8,2,"10,287987895705665&10,287987895705665&10,287987895705665&10,287987895705665&10,287987895705665&10,287987895705665&10,287987895705665&10,287987895705665&10,287987895705665&10,287987895705665&10,287987895705665&11,570180610724922&11,570180610724922&11,650350400457661&11,650350400457661&11,650350400457661&11,650350400457661&11,650350400457661&11,650350400457661&12,160425101214571&12,160425101214571&12,160425101214571&12,160425101214571&12,160425101214571&12,160425101214571&12,160425101214571&12,160425101214571&12,160425101214571&12,160425101214571&12,160425101214571&12,160425101214571&12,160425101214571&12,190551866298009&12,190551866298009&12,190551866298009&12,190551866298009&12,190551866298009&12,190551866298009&12,190551866298009&12,190551866298009&12,190551866298009&12,190551866298009&12,190551866298009&12,190551866298009&12,190551866298009&12,190551866298009&13,300749888492412&13,300749888492412&13,300749888492412&13,300749888492412&13,300749888492412&13,300749888492412&13,300749888492412&13,300749888492412&13,300749888492412&13,300749888492412&13,300749888492412&13,300749888492412&13,300749888492412&13,300749888492412&13,300749888492412&13,300749888492412&13,300749888492412&13,300749888492412&13,300749888492412&13,300749888492412&13,300749888492412"
9,20,0.5,0.4,7,600,14.5494662805518,1817,6,4,2,"4,613445300853613&4,613445300853613&6,263938090418353&6,263938090418353&6,263938090418353&6,263938090418353&6,263938090418353&6,263938090418353&6,263938090418353&6,263938090418353&6,263938090418353&6,263938090418353&10,838499493927124&10,838499493927124&10,838499493927124&10,838499493927124&11,45895001018511&11,45895001018511&11,45895001018511&11,45895001018511&11,45895001018511&11,45895001018511&11,45895001018511&11,45895001018511&11,45895001018511&11,45895001018511&11,45895001018511&11,45895001018511&11,45895001018511&11,45895001018511&11,45895001018511&11,45895001018511&11,539119799917849&11,539119799917849&11,539119799917849&12,049194500674759&12,049194500674759&12,049194500674759&12,049194500674759&12,494538630229414&12,494538630229414&12,77929411062835&12,77929411062835&12,77929411062835&12,77929411062835&12,77929411062835&12,77929411062835&12,77929411062835&12,77929411062835&12,77929411062835&12,77929411062835&12,77929411062835&12,77929411062835&12,77929411062835&13,762124662618078&13,762124662618078&13,762124662618078&14,549466280551805&14,549466280551805&14,549466280551805&14,549466280551805&14,549466280551805&14,549466280551805&14,549466280551805&14,549466280551805&14,549466280551805&14,549466280551805&14,549466280551805&14,549466280551805&14,549466280551805&14,549466280551805&14,549466280551805&14,549466280551805&14,549466280551805&14,549466280551805&14,549466280551805&14,549466280551805&14,549466280551805"
10,100,0.5,0.4,20,50,13.3179402834008,9972,4,11,2,"12,362521453089244&12,362521453089244&12,872596153846153&13,317940283400809&13,317940283400809&13,317940283400809&13,317940283400809&13,317940283400809&13,317940283400809&13,317940283400809&13,317940283400809&13,317940283400809&13,317940283400809&13,317940283400809&13,317940283400809&13,317940283400809&13,317940283400809&13,317940283400809&13,317940283400809&13,317940283400809&13,317940283400809&13,317940283400809&13,317940283400809&13,317940283400809"
10,100,0.5,0.4,20,50,13.3179402834008,10129,4,11,2,"12,362521453089244&12,362521453089244&12,872596153846153&13,317940283400809&13,317940283400809&13,317940283400809&13,317940283400809&13,317940283400809&13,317940283400809&13,317940283400809&13,317940283400809&13,317940283400809&13,317940283400809&13,317940283400809&13,317940283400809&13,317940283400809&13,317940283400809&13,317940283400809&13,317940283400809&13,317940283400809&13,317940283400809&13,317940283400809&13,317940283400809&13,317940283400809"
10,100,0.5,0.4,20,50,13.3179402834008,10136,4,11,2,"12,362521453089244&12,362521453089244&12,872596153846153&13,317940283400809&13,317940283400809&13,317940283400809&13,317940283400809&13,317940283400809&13,317940283400809&13,317940283400809&13,317940283400809&13,317940283400809&13,317940283400809&13,317940283400809&13,317940283400809&13,317940283400809&13,317940283400809&13,317940283400809&13,317940283400809&13,317940283400809&13,317940283400809&13,317940283400809&13,317940283400809&13,317940283400809"
10,100,0.5,0.4,20,50,13.3179402834008,10152,4,11,2,"12,362521453089244&12,362521453089244&12,872596153846153&13,317940283400809&13,317940283400809&13,317940283400809&13,317940283400809&13,317940283400809&13,317940283400809&13,317940283400809&13,317940283400809&13,317940283400809&13,317940283400809&13,317940283400809&13,317940283400809&13,317940283400809&13,317940283400809&13,317940283400809&13,317940283400809&13,317940283400809&13,317940283400809&13,317940283400809&13,317940283400809&13,317940283400809"
10,100,0.5,0.4,20,50,13.3179402834008,10258,4,11,2,"12,362521453089244&12,362521453089244&12,872596153846153&13,317940283400809&13,317940283400809&13,317940283400809&13,317940283400809&13,317940283400809&13,317940283400809&13,317940283400809&13,317940283400809&13,317940283400809&13,317940283400809&13,317940283400809&13,317940283400809&13,317940283400809&13,317940283400809&13,317940283400809&13,317940283400809&13,317940283400809&13,317940283400809&13,317940283400809&13,317940283400809&13,317940283400809"
10,100,0.5,0.4,20,50,13.3179402834008,10310,4,11,2,"12,362521453089244&12,362521453089244&12,872596153846153&13,317940283400809&13,317940283400809&13,317940283400809&13,317940283400809&13,317940283400809&13,317940283400809&13,317940283400809&13,317940283400809&13,317940283400809&13,317940283400809&13,317940283400809&13,317940283400809&13,317940283400809&13,317940283400809&13,317940283400809&13,317940283400809&13,317940283400809&13,317940283400809&13,317940283400809&13,317940283400809&13,317940283400809"
10,100,0.5,0.4,20,50,13.3179402834008,10347,4,11,2,"12,362521453089244&12,362521453089244&12,872596153846153&13,317940283400809&13,317940283400809&13,317940283400809&13,317940283400809&13,317940283400809&13,317940283400809&13,317940283400809&13,317940283400809&13,317940283400809&13,317940283400809&13,317940283400809&13,317940283400809&13,317940283400809&13,317940283400809&13,317940283400809&13,317940283400809&13,317940283400809&13,317940283400809&13,317940283400809&13,317940283400809&13,317940283400809"
10,100,0.5,0.4,20,50,13.3179402834008,10369,4,11,2,"12,362521453089244&12,362521453089244&12,872596153846153&13,317940283400809&13,317940283400809&13,317940283400809&13,317940283400809&13,317940283400809&13,317940283400809&13,317940283400809&13,317940283400809&13,317940283400809&13,317940283400809&13,317940283400809&13,317940283400809&13,317940283400809&13,317940283400809&13,317940283400809&13,317940283400809&13,317940283400809&13,317940283400809&13,317940283400809&13,317940283400809&13,317940283400809"
10,100,0.5,0.4,20,50,13.3179402834008,3915,4,11,2,"12,362521453089244&12,362521453089244&12,872596153846153&13,317940283400809&13,317940283400809&13,317940283400809&13,317940283400809&13,317940283400809&13,317940283400809&13,317940283400809&13,317940283400809&13,317940283400809&13,317940283400809&13,317940283400809&13,317940283400809&13,317940283400809&13,317940283400809&13,317940283400809&13,317940283400809&13,317940283400809&13,317940283400809&13,317940283400809&13,317940283400809&13,317940283400809"
10,100,0.5,0.4,20,50,13.3179402834008,4101,4,11,2,"12,362521453089244&12,362521453089244&12,872596153846153&12,872596153846153&12,872596153846153&12,872596153846153&13,317940283400809&13,317940283400809&13,317940283400809&13,317940283400809&13,317940283400809&13,317940283400809&13,317940283400809&13,317940283400809&13,317940283400809&13,317940283400809&13,317940283400809&13,317940283400809&13,317940283400809&13,317940283400809&13,317940283400809&13,317940283400809&13,317940283400809&13,317940283400809&13,317940283400809&13,317940283400809&13,317940283400809"
11,20,0.5,0.8,20,250,14.5494662805518,3464,6,4,2,"4,613445300853613&8,394315263956145&8,394315263956145&10,188352772023975&10,188352772023975&10,188352772023975&14,180002569594826&14,185093810916172&14,185093810916172&14,185093810916172&14,185093810916172&14,185093810916172&14,185093810916172&14,185093810916172&14,185093810916172&14,185093810916172&14,185093810916172&14,185093810916172&14,185093810916172&14,185093810916172&14,549466280551805&14,549466280551805&14,549466280551805&14,549466280551805&14,549466280551805&14,549466280551805&14,549466280551805&14,549466280551805&14,549466280551805&14,549466280551805&14,549466280551805&14,549466280551805&14,549466280551805&14,549466280551805&14,549466280551805&14,549466280551805&14,549466280551805&14,549466280551805&14,549466280551805&14,549466280551805&14,549466280551805"
11,20,0.5,0.8,20,250,14.5494662805518,3519,6,4,2,"4,613445300853613&8,394315263956145&8,394315263956145&10,188352772023975&10,188352772023975&10,188352772023975&14,180002569594826&14,185093810916172&14,185093810916172&14,185093810916172&14,185093810916172&14,185093810916172&14,185093810916172&14,185093810916172&14,185093810916172&14,185093810916172&14,185093810916172&14,185093810916172&14,185093810916172&14,185093810916172&14,549466280551805&14,549466280551805&14,549466280551805&14,549466280551805&14,549466280551805&14,549466280551805&14,549466280551805&14,549466280551805&14,549466280551805&14,549466280551805&14,549466280551805&14,549466280551805&14,549466280551805&14,549466280551805&14,549466280551805&14,549466280551805&14,549466280551805&14,549466280551805&14,549466280551805&14,549466280551805&14,549466280551805"
11,20,0.5,0.8,20,250,14.5494662805518,3574,6,4,2,"4,613445300853613&8,394315263956145&8,394315263956145&10,188352772023975&10,188352772023975&10,188352772023975&14,180002569594826&14,185093810916172&14,185093810916172&14,185093810916172&14,185093810916172&14,185093810916172&14,185093810916172&14,185093810916172&14,185093810916172&14,185093810916172&14,185093810916172&14,185093810916172&14,185093810916172&14,185093810916172&14,549466280551805&14,549466280551805&14,549466280551805&14,549466280551805&14,549466280551805&14,549466280551805&14,549466280551805&14,549466280551805&14,549466280551805&14,549466280551805&14,549466280551805&14,549466280551805&14,549466280551805&14,549466280551805&14,549466280551805&14,549466280551805&14,549466280551805&14,549466280551805&14,549466280551805&14,549466280551805&14,549466280551805"
11,20,0.5,0.8,20,250,14.5494662805518,3624,6,4,2,"4,613445300853613&8,394315263956145&8,394315263956145&10,188352772023975&10,188352772023975&10,188352772023975&14,180002569594826&14,185093810916172&14,185093810916172&14,185093810916172&14,185093810916172&14,185093810916172&14,185093810916172&14,185093810916172&14,185093810916172&14,185093810916172&14,185093810916172&14,185093810916172&14,185093810916172&14,185093810916172&14,549466280551805&14,549466280551805&14,549466280551805&14,549466280551805&14,549466280551805&14,549466280551805&14,549466280551805&14,549466280551805&14,549466280551805&14,549466280551805&14,549466280551805&14,549466280551805&14,549466280551805&14,549466280551805&14,549466280551805&14,549466280551805&14,549466280551805&14,549466280551805&14,549466280551805&14,549466280551805&14,549466280551805"
11,20,0.5,0.8,20,250,14.5494662805518,3620,6,4,2,"4,613445300853613&8,394315263956145&8,394315263956145&10,188352772023975&10,188352772023975&10,188352772023975&14,180002569594826&14,185093810916172&14,185093810916172&14,185093810916172&14,185093810916172&14,185093810916172&14,185093810916172&14,185093810916172&14,185093810916172&14,185093810916172&14,185093810916172&14,185093810916172&14,185093810916172&14,185093810916172&14,549466280551805&14,549466280551805&14,549466280551805&14,549466280551805&14,549466280551805&14,549466280551805&14,549466280551805&14,549466280551805&14,549466280551805&14,549466280551805&14,549466280551805&14,549466280551805&14,549466280551805&14,549466280551805&14,549466280551805&14,549466280551805&14,549466280551805&14,549466280551805&14,549466280551805&14,549466280551805&14,549466280551805"
11,20,0.5,0.8,20,250,14.5494662805518,3607,6,4,2,"4,613445300853613&8,394315263956145&8,394315263956145&10,188352772023975&10,188352772023975&10,188352772023975&14,180002569594826&14,185093810916172&14,185093810916172&14,185093810916172&14,185093810916172&14,185093810916172&14,185093810916172&14,185093810916172&14,185093810916172&14,185093810916172&14,185093810916172&14,185093810916172&14,185093810916172&14,185093810916172&14,549466280551805&14,549466280551805&14,549466280551805&14,549466280551805&14,549466280551805&14,549466280551805&14,549466280551805&14,549466280551805&14,549466280551805&14,549466280551805&14,549466280551805&14,549466280551805&14,549466280551805&14,549466280551805&14,549466280551805&14,549466280551805&14,549466280551805&14,549466280551805&14,549466280551805&14,549466280551805&14,549466280551805"
11,20,0.5,0.8,20,250,14.5494662805518,3583,6,4,2,"4,613445300853613&8,394315263956145&8,394315263956145&10,188352772023975&10,188352772023975&10,188352772023975&14,180002569594826&14,185093810916172&14,185093810916172&14,185093810916172&14,185093810916172&14,185093810916172&14,185093810916172&14,185093810916172&14,185093810916172&14,185093810916172&14,185093810916172&14,185093810916172&14,185093810916172&14,185093810916172&14,549466280551805&14,549466280551805&14,549466280551805&14,549466280551805&14,549466280551805&14,549466280551805&14,549466280551805&14,549466280551805&14,549466280551805&14,549466280551805&14,549466280551805&14,549466280551805&14,549466280551805&14,549466280551805&14,549466280551805&14,549466280551805&14,549466280551805&14,549466280551805&14,549466280551805&14,549466280551805&14,549466280551805"
11,20,0.5,0.8,20,250,14.5494662805518,3653,6,4,2,"4,613445300853613&8,394315263956145&8,394315263956145&10,188352772023975&10,188352772023975&10,188352772023975&14,180002569594826&14,185093810916172&14,185093810916172&14,185093810916172&14,185093810916172&14,185093810916172&14,185093810916172&14,185093810916172&14,185093810916172&14,185093810916172&14,185093810916172&14,185093810916172&14,185093810916172&14,185093810916172&14,549466280551805&14,549466280551805&14,549466280551805&14,549466280551805&14,549466280551805&14,549466280551805&14,549466280551805&14,549466280551805&14,549466280551805&14,549466280551805&14,549466280551805&14,549466280551805&14,549466280551805&14,549466280551805&14,549466280551805&14,549466280551805&14,549466280551805&14,549466280551805&14,549466280551805&14,549466280551805&14,549466280551805"
11,20,0.5,0.8,20,250,14.6606968810916,1321,7,4,2,"10,287987895705665&10,287987895705665&11,570180610724922&11,570180610724922&11,601720647773277&12,890524711168162&12,890524711168162&12,890524711168162&13,87335526315789&13,87335526315789&13,87335526315789&13,87335526315789&14,66069688109161&14,66069688109161&14,66069688109161&14,66069688109161&14,66069688109161&14,66069688109161&14,66069688109161&14,66069688109161&14,66069688109161&14,66069688109161&14,66069688109161&14,66069688109161&14,66069688109161&14,66069688109161&14,66069688109161&14,66069688109161&14,66069688109161&14,66069688109161&14,66069688109161&14,66069688109161&14,66069688109161"
11,20,0.5,0.8,20,250,14.5494662805518,1358,6,4,2,"4,613445300853613&8,394315263956145&8,394315263956145&10,188352772023975&10,188352772023975&10,188352772023975&14,180002569594826&14,185093810916172&14,185093810916172&14,185093810916172&14,185093810916172&14,185093810916172&14,185093810916172&14,185093810916172&14,185093810916172&14,185093810916172&14,185093810916172&14,185093810916172&14,185093810916172&14,185093810916172&14,549466280551805&14,549466280551805&14,549466280551805&14,549466280551805&14,549466280551805&14,549466280551805&14,549466280551805&14,549466280551805&14,549466280551805&14,549466280551805&14,549466280551805&14,549466280551805&14,549466280551805&14,549466280551805&14,549466280551805&14,549466280551805&14,549466280551805&14,549466280551805&14,549466280551805&14,549466280551805&14,549466280551805"
12,100,0.5,0.8,2,600,12.4585077751196,13497,3,14,2,"12,362521453089244&12,362521453089244&11,597599088446923&11,570180610724922&11,570180610724922&12,458507775119614&12,362521453089244&12,362521453089244&12,362521453089244&12,362521453089244&12,362521453089244&11,743693184231763&11,894971804511275&12,458507775119614&12,458507775119614&12,458507775119614&12,458507775119614&12,458507775119614&12,458507775119614&12,458507775119614&12,458507775119614&12,458507775119614&12,458507775119614&12,458507775119614&12,458507775119614&12,458507775119614&12,458507775119614&12,458507775119614&12,458507775119614&12,458507775119614&12,458507775119614&12,458507775119614&12,458507775119614&12,458507775119614"
12,100,0.5,0.8,2,600,12.4585077751196,13590,3,14,2,"12,362521453089244&12,362521453089244&11,597599088446923&11,570180610724922&11,570180610724922&12,458507775119614&12,362521453089244&12,362521453089244&12,362521453089244&12,362521453089244&12,362521453089244&11,743693184231763&11,894971804511275&12,458507775119614&12,458507775119614&12,458507775119614&12,458507775119614&12,458507775119614&12,458507775119614&12,458507775119614&12,458507775119614&12,458507775119614&12,458507775119614&12,458507775119614&12,458507775119614&12,458507775119614&12,458507775119614&12,458507775119614&12,458507775119614&12,458507775119614&12,458507775119614&12,458507775119614&12,458507775119614&12,458507775119614"
12,100,0.5,0.8,2,600,12.4585077751196,14151,3,14,2,"12,362521453089244&12,362521453089244&11,597599088446923&11,570180610724922&11,570180610724922&12,458507775119614&12,362521453089244&12,362521453089244&12,362521453089244&12,362521453089244&12,362521453089244&11,743693184231763&11,894971804511275&12,458507775119614&12,458507775119614&12,458507775119614&12,458507775119614&12,458507775119614&12,458507775119614&12,458507775119614&12,458507775119614&12,458507775119614&12,458507775119614&12,458507775119614&12,458507775119614&12,458507775119614&12,458507775119614&12,458507775119614&12,458507775119614&12,458507775119614&12,458507775119614&12,458507775119614&12,458507775119614&12,458507775119614"
12,100,0.5,0.8,2,600,12.4585077751196,14178,3,14,2,"12,362521453089244&12,362521453089244&11,597599088446923&11,570180610724922&11,570180610724922&12,458507775119614&12,362521453089244&12,362521453089244&12,362521453089244&12,362521453089244&12,362521453089244&11,743693184231763&11,894971804511275&12,458507775119614&12,458507775119614&12,458507775119614&12,458507775119614&12,458507775119614&12,458507775119614&12,458507775119614&12,458507775119614&12,458507775119614&12,458507775119614&12,458507775119614&12,458507775119614&12,458507775119614&12,458507775119614&12,458507775119614&12,458507775119614&12,458507775119614&12,458507775119614&12,458507775119614&12,458507775119614&12,458507775119614"
12,100,0.5,0.8,2,600,12.4585077751196,14177,3,14,2,"12,362521453089244&12,362521453089244&11,597599088446923&11,570180610724922&11,570180610724922&12,458507775119614&12,362521453089244&12,362521453089244&12,362521453089244&12,362521453089244&12,362521453089244&11,743693184231763&11,894971804511275&12,458507775119614&12,458507775119614&12,458507775119614&12,458507775119614&12,458507775119614&12,458507775119614&12,458507775119614&12,458507775119614&12,458507775119614&12,458507775119614&12,458507775119614&12,458507775119614&12,458507775119614&12,458507775119614&12,458507775119614&12,458507775119614&12,458507775119614&12,458507775119614&12,458507775119614&12,458507775119614&12,458507775119614"
12,100,0.5,0.8,2,600,12.4585077751196,14233,3,14,2,"12,362521453089244&12,362521453089244&11,597599088446923&11,570180610724922&11,570180610724922&12,458507775119614&12,362521453089244&12,362521453089244&12,362521453089244&12,362521453089244&12,362521453089244&11,743693184231763&11,894971804511275&12,458507775119614&12,458507775119614&12,458507775119614&12,458507775119614&12,458507775119614&12,458507775119614&12,458507775119614&12,458507775119614&12,458507775119614&12,458507775119614&12,458507775119614&12,458507775119614&12,458507775119614&12,458507775119614&12,458507775119614&12,458507775119614&12,458507775119614&12,458507775119614&12,458507775119614&12,458507775119614&12,458507775119614"
12,100,0.5,0.8,2,600,12.4585077751196,14300,3,14,2,"12,362521453089244&12,362521453089244&11,597599088446923&11,570180610724922&11,570180610724922&12,458507775119614&12,362521453089244&12,362521453089244&12,362521453089244&12,362521453089244&12,362521453089244&11,743693184231763&11,894971804511275&12,458507775119614&12,458507775119614&12,458507775119614&12,458507775119614&12,458507775119614&12,458507775119614&12,458507775119614&12,458507775119614&12,458507775119614&12,458507775119614&12,458507775119614&12,458507775119614&12,458507775119614&12,458507775119614&12,458507775119614&12,458507775119614&12,458507775119614&12,458507775119614&12,458507775119614&12,458507775119614&12,458507775119614"
12,100,0.5,0.8,2,600,12.4585077751196,19694,3,14,2,"12,362521453089244&12,362521453089244&11,597599088446923&11,570180610724922&11,570180610724922&12,458507775119614&12,362521453089244&12,362521453089244&12,362521453089244&12,362521453089244&12,362521453089244&11,743693184231763&11,894971804511275&12,458507775119614&12,458507775119614&12,458507775119614&12,458507775119614&12,458507775119614&12,458507775119614&12,458507775119614&12,458507775119614&12,458507775119614&12,458507775119614&12,458507775119614&12,458507775119614&12,458507775119614&12,458507775119614&12,458507775119614&12,458507775119614&12,458507775119614&12,458507775119614&12,458507775119614&13,300749888492412&12,458507775119614&12,458507775119614&12,458507775119614&12,458507775119614&12,458507775119614&12,458507775119614&12,458507775119614&13,72058971698958&12,458507775119614&12,458507775119614&12,458507775119614&12,458507775119614&12,458507775119614&12,458507775119614&12,458507775119614&12,458507775119614&12,458507775119614&12,458507775119614&12,458507775119614&12,458507775119614&12,458507775119614&12,458507775119614&12,458507775119614&12,458507775119614&12,458507775119614&12,458507775119614&12,458507775119614&12,458507775119614&13,300749888492412&13,300749888492412&12,458507775119614&12,458507775119614&12,458507775119614&12,458507775119614&12,458507775119614&12,458507775119614&12,458507775119614&12,458507775119614&12,458507775119614&12,458507775119614&12,458507775119614&12,458507775119614&12,458507775119614&12,458507775119614&12,458507775119614&12,458507775119614&12,458507775119614&12,458507775119614&12,458507775119614&12,458507775119614&12,458507775119614"
12,100,0.5,0.8,2,600,12.4585077751196,6593,3,14,2,"12,362521453089244&12,362521453089244&11,597599088446923&11,570180610724922&11,570180610724922&12,458507775119614&12,362521453089244&12,362521453089244&12,362521453089244&12,362521453089244&12,362521453089244&11,743693184231763&11,894971804511275&12,458507775119614&12,458507775119614&12,458507775119614&12,458507775119614&12,458507775119614&12,458507775119614&12,458507775119614&12,458507775119614&12,458507775119614&12,458507775119614&12,458507775119614&12,458507775119614&12,458507775119614&12,458507775119614&12,458507775119614&12,458507775119614&12,458507775119614&12,458507775119614&12,458507775119614&12,458507775119614&12,458507775119614"
12,100,0.5,0.8,2,600,15.6810385338346,16935,6,6,2,"12,362521453089244&12,362521453089244&12,362521453089244&12,622389874141874&12,622389874141874&12,872596153846153&12,872596153846153&11,894971804511275&12,599769036954086&11,894971804511275&12,458507775119614&12,458507775119614&12,458507775119614&12,458507775119614&12,458507775119614&12,458507775119614&12,458507775119614&12,458507775119614&12,481862698861846&12,481862698861846&12,458507775119614&11,894971804511275&12,481862698861846&12,458507775119614&12,458507775119614&12,458507775119614&12,458507775119614&12,622389874141874&12,622389874141874&12,622389874141874&12,622389874141874&12,458507775119614&12,458507775119614&12,458507775119614&12,458507775119614&12,458507775119614&12,458507775119614&12,458507775119614&12,458507775119614&12,458507775119614&12,458507775119614&11,894971804511275&13,30271181001283&13,30271181001283&13,30271181001283&13,30271181001283&13,30271181001283&13,72058971698958&13,72058971698958&13,72058971698958&13,72058971698958&13,72058971698958&13,72058971698958&13,72058971698958&13,72058971698958&13,72058971698958&13,72058971698958&14,291233170134632&13,72058971698958&13,72058971698958&13,72058971698958&14,123981829573928&13,72058971698958&13,613259378499436&13,613259378499436&14,653338006902501&14,653338006902501&14,653338006902501&14,653338006902501&14,653338006902501&14,653338006902501&15,521824469529925&15,521824469529925&14,653338006902501&14,653338006902501&14,653338006902501&14,653338006902501&14,653338006902501&14,653338006902501&14,653338006902501&15,681038533834581&14,653338006902501&14,653338006902501&14,653338006902501&14,653338006902501&14,653338006902501&14,653338006902501&15,681038533834581&15,681038533834581&15,681038533834581&15,681038533834581&15,681038533834581&15,681038533834581&15,681038533834581&15,681038533834581&15,681038533834581&15,681038533834581&15,681038533834581&15,681038533834581&15,681038533834581&15,681038533834581&15,681038533834581&15,681038533834581&14,653338006902501&14,653338006902501&14,653338006902501&15,681038533834581&15,681038533834581&14,653338006902501&14,653338006902501&15,521824469529925&14,653338006902501&14,653338006902501&14,653338006902501&14,653338006902501&14,653338006902501&14,653338006902501&14,653338006902501&15,681038533834581&14,653338006902501&14,653338006902501&15,681038533834581&14,653338006902501&14,653338006902501&15,681038533834581&15,681038533834581&15,681038533834581&15,681038533834581&15,681038533834581&15,681038533834581&15,681038533834581&15,681038533834581&15,681038533834581&15,681038533834581&15,681038533834581&15,681038533834581&15,681038533834581&15,681038533834581&15,681038533834581&15,681038533834581&15,681038533834581&15,681038533834581&15,681038533834581&15,681038533834581&15,681038533834581"
13,20,1,0.1,7,250,12.4045630904184,2772,4,10,2,"4,613445300853613&9,274874727482334&10,838499493927124&10,838499493927124&10,8475063861577&10,8475063861577&10,8475063861577&12,40456309041835&12,40456309041835&12,40456309041835&12,40456309041835&12,40456309041835&12,40456309041835&12,40456309041835&12,40456309041835&12,40456309041835&12,40456309041835&12,40456309041835&12,40456309041835&12,40456309041835&12,40456309041835&12,40456309041835&12,40456309041835&12,40456309041835&12,40456309041835&12,40456309041835&12,40456309041835&12,40456309041835"
13,20,1,0.1,7,250,12.4045630904184,3842,4,10,2,"4,613445300853613&9,274874727482334&10,838499493927124&10,838499493927124&10,8475063861577&10,8475063861577&10,8475063861577&12,40456309041835&12,40456309041835&12,40456309041835&12,40456309041835&12,40456309041835&12,40456309041835&12,40456309041835&12,40456309041835&12,40456309041835&12,40456309041835&12,40456309041835&12,40456309041835&12,40456309041835&12,40456309041835&12,40456309041835&12,40456309041835&12,40456309041835&12,40456309041835&12,40456309041835&12,40456309041835&12,40456309041835"
13,20,1,0.1,7,250,12.4045630904184,4190,4,10,2,"4,613445300853613&9,274874727482334&10,838499493927124&10,838499493927124&10,8475063861577&10,8475063861577&10,8475063861577&12,40456309041835&12,40456309041835&12,40456309041835&12,40456309041835&12,40456309041835&12,40456309041835&12,40456309041835&12,40456309041835&12,40456309041835&12,40456309041835&12,40456309041835&12,40456309041835&12,40456309041835&12,40456309041835&12,40456309041835&12,40456309041835&12,40456309041835&12,40456309041835&12,40456309041835&12,40456309041835&12,40456309041835"
13,20,1,0.1,7,250,12.4045630904184,4156,4,10,2,"4,613445300853613&9,274874727482334&10,838499493927124&10,838499493927124&10,8475063861577&10,8475063861577&10,8475063861577&12,40456309041835&12,40456309041835&12,40456309041835&12,40456309041835&12,40456309041835&12,40456309041835&12,40456309041835&12,40456309041835&12,40456309041835&12,40456309041835&12,40456309041835&12,40456309041835&12,40456309041835&12,40456309041835&12,40456309041835&12,40456309041835&12,40456309041835&12,40456309041835&12,40456309041835&12,40456309041835&12,40456309041835"
13,20,1,0.1,7,250,12.4045630904184,4186,4,10,2,"4,613445300853613&9,274874727482334&10,838499493927124&10,838499493927124&10,8475063861577&10,8475063861577&10,8475063861577&12,40456309041835&12,40456309041835&12,40456309041835&12,40456309041835&12,40456309041835&12,40456309041835&12,40456309041835&12,40456309041835&12,40456309041835&12,40456309041835&12,40456309041835&12,40456309041835&12,40456309041835&12,40456309041835&12,40456309041835&12,40456309041835&12,40456309041835&12,40456309041835&12,40456309041835&12,40456309041835&12,40456309041835"
13,20,1,0.1,7,250,12.4045630904184,4203,4,10,2,"4,613445300853613&9,274874727482334&10,838499493927124&10,838499493927124&10,8475063861577&10,8475063861577&10,8475063861577&12,40456309041835&12,40456309041835&12,40456309041835&12,40456309041835&12,40456309041835&12,40456309041835&12,40456309041835&12,40456309041835&12,40456309041835&12,40456309041835&12,40456309041835&12,40456309041835&12,40456309041835&12,40456309041835&12,40456309041835&12,40456309041835&12,40456309041835&12,40456309041835&12,40456309041835&12,40456309041835&12,40456309041835"
13,20,1,0.1,7,250,12.4045630904184,4207,4,10,2,"4,613445300853613&9,274874727482334&10,838499493927124&10,838499493927124&10,8475063861577&10,8475063861577&10,8475063861577&12,40456309041835&12,40456309041835&12,40456309041835&12,40456309041835&12,40456309041835&12,40456309041835&12,40456309041835&12,40456309041835&12,40456309041835&12,40456309041835&12,40456309041835&12,40456309041835&12,40456309041835&12,40456309041835&12,40456309041835&12,40456309041835&12,40456309041835&12,40456309041835&12,40456309041835&12,40456309041835&12,40456309041835"
13,20,1,0.1,7,250,12.4045630904184,4200,4,10,2,"4,613445300853613&9,274874727482334&10,838499493927124&10,838499493927124&10,8475063861577&10,8475063861577&10,8475063861577&12,40456309041835&12,40456309041835&12,40456309041835&12,40456309041835&12,40456309041835&12,40456309041835&12,40456309041835&12,40456309041835&12,40456309041835&12,40456309041835&12,40456309041835&12,40456309041835&12,40456309041835&12,40456309041835&12,40456309041835&12,40456309041835&12,40456309041835&12,40456309041835&12,40456309041835&12,40456309041835&12,40456309041835"
13,20,1,0.1,7,250,12.4045630904184,1420,4,10,2,"4,613445300853613&9,274874727482334&10,838499493927124&10,838499493927124&10,8475063861577&10,8475063861577&10,8475063861577&12,40456309041835&12,40456309041835&12,40456309041835&12,40456309041835&12,40456309041835&12,40456309041835&12,40456309041835&12,40456309041835&12,40456309041835&12,40456309041835&12,40456309041835&12,40456309041835&12,40456309041835&12,40456309041835&12,40456309041835&12,40456309041835&12,40456309041835&12,40456309041835&12,40456309041835&12,40456309041835&12,40456309041835"
13,20,1,0.1,7,250,14.5494662805518,2821,6,4,2,"4,613445300853613&9,274874727482334&10,838499493927124&10,838499493927124&11,45895001018511&11,45895001018511&11,45895001018511&11,45895001018511&11,45895001018511&11,45895001018511&11,45895001018511&11,45895001018511&11,45895001018511&11,490490047233465&11,490490047233465&11,490490047233465&11,490490047233465&11,490490047233465&12,167643668466035&12,167643668466035&12,167643668466035&12,167643668466035&12,167643668466035&13,762124662618078&13,762124662618078&13,762124662618078&13,762124662618078&13,762124662618078&13,762124662618078&13,762124662618078&14,549466280551805&14,549466280551805&14,549466280551805&14,549466280551805&14,549466280551805&14,549466280551805&14,549466280551805&14,549466280551805&14,549466280551805&14,549466280551805&14,549466280551805&14,549466280551805&14,549466280551805&14,549466280551805&14,549466280551805&14,549466280551805&14,549466280551805&14,549466280551805&14,549466280551805&14,549466280551805&14,549466280551805"
14,100,1,0.1,20,600,13.3179402834008,12889,4,11,2,"12,362521453089244&12,362521453089244&12,872596153846153&13,317940283400809&13,317940283400809&13,317940283400809&13,317940283400809&13,317940283400809&13,317940283400809&13,317940283400809&13,317940283400809&13,317940283400809&13,317940283400809&13,317940283400809&13,317940283400809&13,317940283400809&13,317940283400809&13,317940283400809&13,317940283400809&13,317940283400809&13,317940283400809&13,317940283400809&13,317940283400809&13,317940283400809"
14,100,1,0.1,20,600,13.3179402834008,15234,4,11,2,"12,362521453089244&12,362521453089244&12,872596153846153&13,317940283400809&13,317940283400809&13,317940283400809&13,317940283400809&13,317940283400809&13,317940283400809&13,317940283400809&13,317940283400809&13,317940283400809&13,317940283400809&13,317940283400809&13,317940283400809&13,317940283400809&13,317940283400809&13,317940283400809&13,317940283400809&13,317940283400809&13,317940283400809&13,317940283400809&13,317940283400809&13,317940283400809"
14,100,1,0.1,20,600,13.3179402834008,15191,4,11,2,"12,362521453089244&12,362521453089244&12,872596153846153&13,317940283400809&13,317940283400809&13,317940283400809&13,317940283400809&13,317940283400809&13,317940283400809&13,317940283400809&13,317940283400809&13,317940283400809&13,317940283400809&13,317940283400809&13,317940283400809&13,317940283400809&13,317940283400809&13,317940283400809&13,317940283400809&13,317940283400809&13,317940283400809&13,317940283400809&13,317940283400809&13,317940283400809"
14,100,1,0.1,20,600,13.3179402834008,15651,4,11,2,"12,362521453089244&12,362521453089244&12,872596153846153&13,317940283400809&13,317940283400809&13,317940283400809&13,317940283400809&13,317940283400809&13,317940283400809&13,317940283400809&13,317940283400809&13,317940283400809&13,317940283400809&13,317940283400809&13,317940283400809&13,317940283400809&13,317940283400809&13,317940283400809&13,317940283400809&13,317940283400809&13,317940283400809&13,317940283400809&13,317940283400809&13,317940283400809"
14,100,1,0.1,20,600,13.3179402834008,15724,4,11,2,"12,362521453089244&12,362521453089244&12,872596153846153&13,317940283400809&13,317940283400809&13,317940283400809&13,317940283400809&13,317940283400809&13,317940283400809&13,317940283400809&13,317940283400809&13,317940283400809&13,317940283400809&13,317940283400809&13,317940283400809&13,317940283400809&13,317940283400809&13,317940283400809&13,317940283400809&13,317940283400809&13,317940283400809&13,317940283400809&13,317940283400809&13,317940283400809"
14,100,1,0.1,20,600,13.3179402834008,15783,4,11,2,"12,362521453089244&12,362521453089244&12,872596153846153&13,317940283400809&13,317940283400809&13,317940283400809&13,317940283400809&13,317940283400809&13,317940283400809&13,317940283400809&13,317940283400809&13,317940283400809&13,317940283400809&13,317940283400809&13,317940283400809&13,317940283400809&13,317940283400809&13,317940283400809&13,317940283400809&13,317940283400809&13,317940283400809&13,317940283400809&13,317940283400809&13,317940283400809"
14,100,1,0.1,20,600,13.3179402834008,15885,4,11,2,"12,362521453089244&12,362521453089244&12,872596153846153&13,317940283400809&13,317940283400809&13,317940283400809&13,317940283400809&13,317940283400809&13,317940283400809&13,317940283400809&13,317940283400809&13,317940283400809&13,317940283400809&13,317940283400809&13,317940283400809&13,317940283400809&13,317940283400809&13,317940283400809&13,317940283400809&13,317940283400809&13,317940283400809&13,317940283400809&13,317940283400809&13,317940283400809"
14,100,1,0.1,20,600,13.3179402834008,16090,4,11,2,"12,362521453089244&12,362521453089244&12,872596153846153&13,317940283400809&13,317940283400809&13,317940283400809&13,317940283400809&13,317940283400809&13,317940283400809&13,317940283400809&13,317940283400809&13,317940283400809&13,317940283400809&13,317940283400809&13,317940283400809&13,317940283400809&13,317940283400809&13,317940283400809&13,317940283400809&13,317940283400809&13,317940283400809&13,317940283400809&13,317940283400809&13,317940283400809"
14,100,1,0.1,20,600,12.4585077751196,8354,3,14,2,"11,485426866585069&11,485426866585069&11,485426866585069&11,485426866585069&11,485426866585069&11,743693184231763&12,458507775119614&12,458507775119614&12,458507775119614&12,458507775119614&12,458507775119614&12,458507775119614&12,458507775119614&12,458507775119614&12,458507775119614&12,458507775119614&12,458507775119614&12,458507775119614&12,458507775119614&12,458507775119614&12,458507775119614&12,458507775119614&12,458507775119614&12,458507775119614&12,458507775119614&12,458507775119614&12,458507775119614"
14,100,1,0.1,20,600,13.3179402834008,6591,4,11,2,"12,362521453089244&12,362521453089244&12,872596153846153&13,317940283400809&13,317940283400809&13,317940283400809&13,317940283400809&13,317940283400809&13,317940283400809&13,317940283400809&13,317940283400809&13,317940283400809&13,317940283400809&13,317940283400809&13,317940283400809&13,317940283400809&13,317940283400809&13,317940283400809&13,317940283400809&13,317940283400809&13,317940283400809&13,317940283400809&13,317940283400809&13,317940283400809"
15,20,1,0.4,20,50,14.6606968810916,4221,7,4,2,"4,613445300853613&4,633768259281801&10,287987895705665&10,287987895705665&10,31952793275402&10,31952793275402&13,009040455115382&13,37850416607236&13,37850416607236&13,37850416607236&13,37850416607236&13,37850416607236&13,37850416607236&13,37850416607236&13,37850416607236&14,66069688109161&14,66069688109161&14,66069688109161&14,66069688109161&14,66069688109161&14,66069688109161&14,66069688109161&14,66069688109161&14,66069688109161&14,66069688109161&14,66069688109161&14,66069688109161&14,66069688109161&14,66069688109161&14,66069688109161&14,66069688109161&14,66069688109161&14,66069688109161&14,66069688109161&14,66069688109161&14,66069688109161"
15,20,1,0.4,20,50,14.6606968810916,5032,7,4,2,"4,613445300853613&4,633768259281801&10,287987895705665&10,287987895705665&10,31952793275402&10,31952793275402&13,009040455115382&13,37850416607236&13,37850416607236&13,37850416607236&13,37850416607236&13,37850416607236&13,37850416607236&13,37850416607236&13,37850416607236&14,66069688109161&14,66069688109161&14,66069688109161&14,66069688109161&14,66069688109161&14,66069688109161&14,66069688109161&14,66069688109161&14,66069688109161&14,66069688109161&14,66069688109161&14,66069688109161&14,66069688109161&14,66069688109161&14,66069688109161&14,66069688109161&14,66069688109161&14,66069688109161&14,66069688109161&14,66069688109161&14,66069688109161"
15,20,1,0.4,20,50,14.6606968810916,5043,7,4,2,"4,613445300853613&4,633768259281801&10,287987895705665&10,287987895705665&10,31952793275402&10,31952793275402&13,009040455115382&13,37850416607236&13,37850416607236&13,37850416607236&13,37850416607236&13,37850416607236&13,37850416607236&13,37850416607236&13,37850416607236&14,66069688109161&14,66069688109161&14,66069688109161&14,66069688109161&14,66069688109161&14,66069688109161&14,66069688109161&14,66069688109161&14,66069688109161&14,66069688109161&14,66069688109161&14,66069688109161&14,66069688109161&14,66069688109161&14,66069688109161&14,66069688109161&14,66069688109161&14,66069688109161&14,66069688109161&14,66069688109161&14,66069688109161"
15,20,1,0.4,20,50,14.6606968810916,5098,7,4,2,"4,613445300853613&4,633768259281801&10,287987895705665&10,287987895705665&10,31952793275402&10,31952793275402&13,009040455115382&13,37850416607236&13,37850416607236&13,37850416607236&13,37850416607236&13,37850416607236&13,37850416607236&13,37850416607236&13,37850416607236&14,66069688109161&14,66069688109161&14,66069688109161&14,66069688109161&14,66069688109161&14,66069688109161&14,66069688109161&14,66069688109161&14,66069688109161&14,66069688109161&14,66069688109161&14,66069688109161&14,66069688109161&14,66069688109161&14,66069688109161&14,66069688109161&14,66069688109161&14,66069688109161&14,66069688109161&14,66069688109161&14,66069688109161"
15,20,1,0.4,20,50,14.6606968810916,5039,7,4,2,"4,613445300853613&4,633768259281801&10,287987895705665&10,287987895705665&10,31952793275402&10,31952793275402&13,009040455115382&13,37850416607236&13,37850416607236&13,37850416607236&13,37850416607236&13,37850416607236&13,37850416607236&13,37850416607236&13,37850416607236&14,66069688109161&14,66069688109161&14,66069688109161&14,66069688109161&14,66069688109161&14,66069688109161&14,66069688109161&14,66069688109161&14,66069688109161&14,66069688109161&14,66069688109161&14,66069688109161&14,66069688109161&14,66069688109161&14,66069688109161&14,66069688109161&14,66069688109161&14,66069688109161&14,66069688109161&14,66069688109161&14,66069688109161"
15,20,1,0.4,20,50,14.6606968810916,5196,7,4,2,"4,613445300853613&4,633768259281801&10,287987895705665&10,287987895705665&10,31952793275402&10,31952793275402&13,009040455115382&13,37850416607236&13,37850416607236&13,37850416607236&13,37850416607236&13,37850416607236&13,37850416607236&13,37850416607236&13,37850416607236&14,66069688109161&14,66069688109161&14,66069688109161&14,66069688109161&14,66069688109161&14,66069688109161&14,66069688109161&14,66069688109161&14,66069688109161&14,66069688109161&14,66069688109161&14,66069688109161&14,66069688109161&14,66069688109161&14,66069688109161&14,66069688109161&14,66069688109161&14,66069688109161&14,66069688109161&14,66069688109161&14,66069688109161"
15,20,1,0.4,20,50,14.6606968810916,5353,7,4,2,"4,613445300853613&4,633768259281801&10,287987895705665&10,287987895705665&10,31952793275402&10,31952793275402&13,009040455115382&13,37850416607236&13,37850416607236&13,37850416607236&13,37850416607236&13,37850416607236&13,37850416607236&13,37850416607236&13,37850416607236&14,66069688109161&14,66069688109161&14,66069688109161&14,66069688109161&14,66069688109161&14,66069688109161&14,66069688109161&14,66069688109161&14,66069688109161&14,66069688109161&14,66069688109161&14,66069688109161&14,66069688109161&14,66069688109161&14,66069688109161&14,66069688109161&14,66069688109161&14,66069688109161&14,66069688109161&14,66069688109161&14,66069688109161"
15,20,1,0.4,20,50,15.5218244695299,5799,6,6,2,"4,613445300853613&4,633768259281801&10,287987895705665&10,287987895705665&10,31952793275402&10,31952793275402&13,009040455115382&13,37850416607236&13,37850416607236&13,37850416607236&13,37850416607236&13,37850416607236&13,37850416607236&13,37850416607236&13,37850416607236&14,66069688109161&14,66069688109161&14,66069688109161&14,66069688109161&14,66069688109161&14,66069688109161&14,66069688109161&14,66069688109161&14,66069688109161&14,66069688109161&14,66069688109161&14,66069688109161&14,66069688109161&14,66069688109161&14,66069688109161&14,66069688109161&14,66069688109161&15,521824469529925&15,521824469529925&15,521824469529925&15,521824469529925&15,521824469529925&15,521824469529925&15,521824469529925&15,521824469529925&15,521824469529925&15,521824469529925&15,521824469529925&15,521824469529925&15,521824469529925&15,521824469529925&15,521824469529925&15,521824469529925&15,521824469529925&15,521824469529925"
15,20,1,0.4,20,50,14.5494662805518,3271,6,4,2,"10,287987895705665&10,287987895705665&10,287987895705665&10,287987895705665&10,287987895705665&11,45895001018511&11,45895001018511&11,45895001018511&11,45895001018511&11,45895001018511&11,45895001018511&11,45895001018511&11,45895001018511&11,45895001018511&11,45895001018511&11,45895001018511&11,45895001018511&11,45895001018511&11,490490047233465&11,490490047233465&12,167643668466035&12,167643668466035&14,549466280551805&14,549466280551805&14,549466280551805&14,549466280551805&14,549466280551805&14,549466280551805&14,549466280551805&14,549466280551805&14,549466280551805&14,549466280551805&14,549466280551805&14,549466280551805&14,549466280551805&14,549466280551805&14,549466280551805&14,549466280551805&14,549466280551805&14,549466280551805&14,549466280551805&14,549466280551805&14,549466280551805"
15,20,1,0.4,20,50,14.6606968810916,2537,7,4,2,"4,613445300853613&4,633768259281801&10,287987895705665&10,287987895705665&10,31952793275402&10,31952793275402&13,009040455115382&13,37850416607236&13,37850416607236&13,37850416607236&13,37850416607236&13,37850416607236&13,37850416607236&13,37850416607236&13,37850416607236&14,66069688109161&14,66069688109161&14,66069688109161&14,66069688109161&14,66069688109161&14,66069688109161&14,66069688109161&14,66069688109161&14,66069688109161&14,66069688109161&14,66069688109161&14,66069688109161&14,66069688109161&14,66069688109161&14,66069688109161&14,66069688109161&14,66069688109161&14,66069688109161&14,66069688109161&14,66069688109161&14,66069688109161"
16,100,1,0.4,2,250,12.8849656904358,92981,4,12,2,"12,362521453089244&14,114974937343355&11,894971804511275&11,894971804511275&12,362521453089244&11,894971804511275&12,42700729927007&12,458507775119614&12,622389874141874&12,458507775119614&11,894971804511275&11,894971804511275&12,362521453089244&12,362521453089244&12,884965690435763&12,362521453089244&12,362521453089244&12,42700729927007&12,42700729927007&12,362521453089244&11,894971804511275&12,40456309041835&11,894971804511275&11,894971804511275&11,894971804511275&11,894971804511275&11,894971804511275&11,894971804511275&11,894971804511275&11,894971804511275&11,894971804511275&11,894971804511275&11,894971804511275&12,884965690435763&12,884965690435763&12,090188601767046&12,090188601767046&11,894971804511275&11,894971804511275&12,090188601767046&12,090188601767046&12,622389874141874&12,458507775119614&12,458507775119614&12,458507775119614&12,458507775119614&12,090188601767046&12,884965690435763&12,884965690435763&11,894971804511275&11,894971804511275&11,894971804511275&11,894971804511275&11,894971804511275&12,090188601767046&12,090188601767046&12,090188601767046&12,458507775119614&12,458507775119614&12,458507775119614&12,458507775119614&11,894971804511275&11,894971804511275&12,090188601767046&12,090188601767046&12,884965690435763&12,884965690435763&14,090053427946557&12,090188601767046&13,132464574898783&13,132464574898783&13,132464574898783&13,132464574898783&12,090188601767046&12,090188601767046&12,458507775119614&12,458507775119614&12,458507775119614&12,458507775119614&12,458507775119614&12,458507775119614&12,458507775119614&12,458507775119614&12,458507775119614&12,458507775119614&12,458507775119614&12,458507775119614&12,458507775119614&12,458507775119614&11,894971804511275&11,894971804511275&11,894971804511275&11,894971804511275&12,884965690435763&12,884965690435763&12,458507775119614&12,458507775119614&11,894971804511275&12,090188601767046&12,090188601767046&12,090188601767046&12,090188601767046&11,894971804511275&11,894971804511275&11,894971804511275&11,894971804511275&12,090188601767046&11,894971804511275&12,090188601767046&12,090188601767046&12,090188601767046&12,090188601767046&14,30296661793372&12,278874269005847&12,884965690435763&12,884965690435763&12,884965690435763&12,884965690435763&12,884965690435763&12,884965690435763&12,884965690435763&12,884965690435763&12,884965690435763&12,884965690435763&12,884965690435763&12,884965690435763&12,884965690435763&12,884965690435763&12,884965690435763&12,884965690435763&12,884965690435763&12,884965690435763&14,090053427946557&13,205789817531631&12,884965690435763&12,458507775119614&12,458507775119614&12,458507775119614&11,894971804511275&11,894971804511275&12,090188601767046&12,090188601767046&12,090188601767046&12,090188601767046&11,894971804511275&11,894971804511275&11,894971804511275&11,894971804511275&11,894971804511275&12,090188601767046&11,894971804511275&11,894971804511275&11,894971804511275&12,090188601767046&12,090188601767046&11,894971804511275&11,894971804511275&12,090188601767046&12,458507775119614&12,884965690435763&12,884965690435763&12,884965690435763&12,884965690435763&12,884965690435763&12,884965690435763&12,884965690435763&12,884965690435763&12,884965690435763&11,894971804511275&12,090188601767046&12,090188601767046&12,884965690435763&12,884965690435763&12,884965690435763&12,884965690435763&12,090188601767046&11,894971804511275&11,894971804511275&11,894971804511275&11,894971804511275&12,884965690435763&12,884965690435763&12,884965690435763&12,884965690435763&12,884965690435763&12,884965690435763&12,884965690435763&12,884965690435763&12,884965690435763&12,884965690435763&12,884965690435763&12,884965690435763&12,884965690435763&12,884965690435763&12,884965690435763&12,884965690435763&12,884965690435763&12,884965690435763&12,884965690435763&12,884965690435763&12,884965690435763"
16,100,1,0.4,2,250,12.090188601767,126254,5,7,2,"12,362521453089244&12,622389874141874&12,622389874141874&12,622389874141874&12,458507775119614&12,458507775119614&12,458507775119614&11,894971804511275&11,894971804511275&11,894971804511275&11,894971804511275&12,884965690435763&11,894971804511275&11,894971804511275&11,894971804511275&11,894971804511275&11,894971804511275&11,894971804511275&11,894971804511275&11,894971804511275&11,894971804511275&11,894971804511275&11,894971804511275&11,894971804511275&11,894971804511275&11,894971804511275&11,894971804511275&11,894971804511275&11,894971804511275&11,894971804511275&11,894971804511275&12,090188601767046&12,40456309041835&11,894971804511275&11,894971804511275&11,894971804511275&11,894971804511275&11,894971804511275&12,090188601767046&12,090188601767046&12,090188601767046&12,884965690435763&12,884965690435763&12,40456309041835&12,40456309041835&12,40456309041835&12,40456309041835&12,40456309041835&12,090188601767046&12,090188601767046&11,894971804511275&11,894971804511275&11,894971804511275&11,894971804511275&12,090188601767046&14,090053427946557&12,884965690435763&12,884965690435763&12,884965690435763&12,884965690435763&12,090188601767046&12,090188601767046&11,894971804511275&11,894971804511275&11,894971804511275&12,362521453089244&12,362521453089244&12,362521453089244&12,362521453089244&12,362521453089244&12,362521453089244&12,090188601767046&12,090188601767046&12,458507775119614&12,458507775119614&12,458507775119614&12,458507775119614&12,458507775119614&12,458507775119614&12,458507775119614&12,458507775119614&12,458507775119614&12,884965690435763&12,884965690435763&13,300749888492412&12,884965690435763&12,884965690435763&12,458507775119614&12,458507775119614&12,458507775119614&12,458507775119614&12,458507775119614&12,458507775119614&12,458507775119614&12,458507775119614&12,458507775119614&12,458507775119614&12,458507775119614&12,458507775119614&11,894971804511275&11,894971804511275&11,894971804511275&12,090188601767046&11,894971804511275&11,894971804511275&11,894971804511275&12,884965690435763&12,884965690435763&11,894971804511275&11,894971804511275&12,090188601767046&11,894971804511275&12,090188601767046&11,894971804511275&11,894971804511275&12,090188601767046&12,884965690435763&12,884965690435763&11,894971804511275&11,894971804511275&11,894971804511275&11,894971804511275&11,894971804511275&12,090188601767046&12,090188601767046&12,090188601767046&12,090188601767046&11,894971804511275&12,090188601767046&11,894971804511275&11,894971804511275&11,894971804511275&11,894971804511275&11,894971804511275&11,894971804511275&11,894971804511275&12,090188601767046&12,090188601767046&12,884965690435763&11,894971804511275&11,894971804511275&11,894971804511275&12,090188601767046&12,884965690435763&12,884965690435763&11,894971804511275&11,894971804511275&11,894971804511275&11,894971804511275&11,894971804511275&11,894971804511275&12,090188601767046&11,894971804511275&11,894971804511275&11,894971804511275&12,090188601767046&11,894971804511275&11,894971804511275&11,894971804511275&12,090188601767046&12,090188601767046&11,894971804511275&12,090188601767046&11,894971804511275&11,894971804511275&11,894971804511275&11,894971804511275&12,090188601767046&12,090188601767046&12,090188601767046&12,40456309041835&12,090188601767046&12,090188601767046&12,090188601767046&12,884965690435763&12,090188601767046&12,090188601767046&12,090188601767046&12,090188601767046&12,090188601767046&11,894971804511275&11,894971804511275&12,090188601767046&11,894971804511275&12,40456309041835&12,090188601767046&12,090188601767046&11,894971804511275&11,894971804511275&12,090188601767046&11,894971804511275&11,894971804511275&11,894971804511275&12,090188601767046&11,894971804511275&12,090188601767046&12,090188601767046&12,090188601767046&12,090188601767046&12,090188601767046&12,090188601767046&11,894971804511275&11,894971804511275&11,894971804511275&12,090188601767046&11,894971804511275&11,894971804511275&11,894971804511275&11,894971804511275&11,894971804511275&11,894971804511275&11,894971804511275&11,894971804511275&11,894971804511275&11,894971804511275&11,894971804511275&11,894971804511275&12,090188601767046&11,894971804511275&12,090188601767046&12,090188601767046&12,090188601767046&12,090188601767046&11,894971804511275&11,894971804511275&12,090188601767046&12,090188601767046&13,300749888492412&13,300749888492412&12,40456309041835&12,40456309041835&12,40456309041835&12,40456309041835&12,40456309041835&12,40456309041835&12,40456309041835&12,40456309041835&12,40456309041835&12,40456309041835&12,40456309041835&12,40456309041835&12,40456309041835&12,40456309041835&12,40456309041835&11,894971804511275&12,090188601767046&11,894971804511275&11,894971804511275&12,884965690435763&12,090188601767046"
16,100,1,0.4,2,250,12.090188601767,126807,5,7,2,"12,362521453089244&14,114974937343355&11,894971804511275&11,894971804511275&12,362521453089244&11,894971804511275&12,42700729927007&12,458507775119614&12,622389874141874&12,458507775119614&11,894971804511275&11,894971804511275&12,362521453089244&12,362521453089244&12,884965690435763&12,362521453089244&12,362521453089244&12,42700729927007&12,42700729927007&12,362521453089244&11,894971804511275&12,40456309041835&11,894971804511275&11,894971804511275&11,894971804511275&11,894971804511275&11,894971804511275&11,894971804511275&11,894971804511275&11,894971804511275&11,894971804511275&11,894971804511275&11,894971804511275&12,884965690435763&12,884965690435763&12,090188601767046&12,090188601767046&11,894971804511275&11,894971804511275&12,090188601767046&12,090188601767046&12,622389874141874&12,458507775119614&12,458507775119614&12,458507775119614&12,458507775119614&12,090188601767046&12,884965690435763&12,884965690435763&11,894971804511275&11,894971804511275&11,894971804511275&11,894971804511275&11,894971804511275&12,090188601767046&12,090188601767046&12,090188601767046&12,458507775119614&12,458507775119614&12,458507775119614&12,458507775119614&11,894971804511275&11,894971804511275&12,090188601767046&12,090188601767046&12,884965690435763&12,884965690435763&14,090053427946557&12,090188601767046&13,132464574898783&13,132464574898783&13,132464574898783&13,132464574898783&12,090188601767046&12,090188601767046&12,458507775119614&12,458507775119614&12,458507775119614&12,458507775119614&12,458507775119614&12,458507775119614&12,458507775119614&12,458507775119614&12,458507775119614&12,458507775119614&12,458507775119614&12,458507775119614&12,458507775119614&12,458507775119614&11,894971804511275&11,894971804511275&11,894971804511275&11,894971804511275&12,884965690435763&12,884965690435763&12,458507775119614&12,458507775119614&11,894971804511275&12,090188601767046&12,090188601767046&12,090188601767046&12,090188601767046&11,894971804511275&11,894971804511275&11,894971804511275&11,894971804511275&12,090188601767046&11,894971804511275&12,090188601767046&12,090188601767046&12,090188601767046&12,090188601767046&14,30296661793372&12,278874269005847&12,884965690435763&12,884965690435763&12,884965690435763&12,884965690435763&12,884965690435763&12,884965690435763&12,884965690435763&12,884965690435763&12,884965690435763&12,884965690435763&12,884965690435763&12,884965690435763&12,884965690435763&12,884965690435763&12,884965690435763&12,884965690435763&12,884965690435763&12,884965690435763&14,090053427946557&13,205789817531631&12,884965690435763&12,458507775119614&12,458507775119614&12,458507775119614&11,894971804511275&11,894971804511275&12,090188601767046&12,090188601767046&12,090188601767046&12,090188601767046&11,894971804511275&11,894971804511275&11,894971804511275&11,894971804511275&11,894971804511275&12,090188601767046&11,894971804511275&11,894971804511275&11,894971804511275&12,090188601767046&12,090188601767046&11,894971804511275&11,894971804511275&12,090188601767046&12,458507775119614&12,884965690435763&12,884965690435763&12,884965690435763&12,884965690435763&12,884965690435763&12,884965690435763&12,884965690435763&12,884965690435763&12,884965690435763&11,894971804511275&12,090188601767046&12,090188601767046&12,884965690435763&12,884965690435763&12,884965690435763&12,884965690435763&12,090188601767046&11,894971804511275&11,894971804511275&11,894971804511275&11,894971804511275&11,894971804511275&14,30296661793372&13,418703007518793&12,090188601767046&12,090188601767046&11,894971804511275&12,884965690435763&12,884965690435763&12,884965690435763&12,884965690435763&11,894971804511275&12,458507775119614&11,894971804511275&11,894971804511275&11,894971804511275&11,894971804511275&11,894971804511275&11,894971804511275&11,894971804511275&11,894971804511275&11,894971804511275&11,894971804511275&11,894971804511275&12,090188601767046&12,090188601767046&12,090188601767046&11,894971804511275&11,894971804511275&11,894971804511275&11,894971804511275&11,894971804511275&11,894971804511275&11,894971804511275&11,894971804511275&11,894971804511275&11,894971804511275&12,090188601767046&11,894971804511275&12,090188601767046&11,894971804511275&12,090188601767046&13,300749888492412&13,300749888492412&11,894971804511275&11,894971804511275&12,090188601767046&12,090188601767046&12,090188601767046&11,894971804511275&12,40456309041835&11,894971804511275&12,090188601767046&11,894971804511275&11,894971804511275&11,894971804511275&11,894971804511275&11,894971804511275&11,894971804511275&12,090188601767046&12,090188601767046&12,090188601767046&11,894971804511275&11,894971804511275&11,894971804511275&11,894971804511275&12,40456309041835&12,090188601767046&12,090188601767046&11,894971804511275&12,090188601767046"
16,100,1,0.4,2,250,12.8849656904358,127128,4,12,2,"12,362521453089244&12,622389874141874&12,622389874141874&12,622389874141874&12,458507775119614&12,458507775119614&12,458507775119614&11,894971804511275&11,894971804511275&11,894971804511275&11,894971804511275&12,884965690435763&11,894971804511275&11,894971804511275&11,894971804511275&11,894971804511275&11,894971804511275&11,894971804511275&11,894971804511275&11,894971804511275&11,894971804511275&11,894971804511275&11,894971804511275&11,894971804511275&11,894971804511275&11,894971804511275&11,894971804511275&11,894971804511275&11,894971804511275&11,894971804511275&11,894971804511275&12,090188601767046&12,40456309041835&11,894971804511275&11,894971804511275&11,894971804511275&11,894971804511275&11,894971804511275&12,090188601767046&12,090188601767046&12,090188601767046&12,884965690435763&12,884965690435763&12,40456309041835&12,40456309041835&12,40456309041835&12,40456309041835&12,40456309041835&12,090188601767046&12,090188601767046&11,894971804511275&11,894971804511275&11,894971804511275&11,894971804511275&12,090188601767046&14,090053427946557&12,884965690435763&12,884965690435763&12,884965690435763&12,884965690435763&12,090188601767046&12,090188601767046&11,894971804511275&11,894971804511275&11,894971804511275&12,362521453089244&12,362521453089244&12,362521453089244&12,362521453089244&12,362521453089244&12,362521453089244&12,090188601767046&12,090188601767046&12,458507775119614&12,458507775119614&12,458507775119614&12,458507775119614&12,458507775119614&12,458507775119614&12,458507775119614&12,458507775119614&12,458507775119614&12,884965690435763&12,884965690435763&13,300749888492412&12,884965690435763&12,884965690435763&12,458507775119614&12,458507775119614&12,458507775119614&12,458507775119614&12,458507775119614&12,458507775119614&12,458507775119614&12,458507775119614&12,458507775119614&12,458507775119614&12,458507775119614&12,458507775119614&11,894971804511275&11,894971804511275&11,894971804511275&12,090188601767046&11,894971804511275&11,894971804511275&11,894971804511275&12,884965690435763&12,884965690435763&11,894971804511275&11,894971804511275&12,090188601767046&11,894971804511275&12,090188601767046&11,894971804511275&11,894971804511275&12,090188601767046&12,884965690435763&12,884965690435763&11,894971804511275&11,894971804511275&11,894971804511275&11,894971804511275&11,894971804511275&12,090188601767046&12,090188601767046&12,090188601767046&12,090188601767046&11,894971804511275&12,090188601767046&11,894971804511275&11,894971804511275&11,894971804511275&11,894971804511275&11,894971804511275&11,894971804511275&11,894971804511275&12,090188601767046&12,090188601767046&12,884965690435763&11,894971804511275&11,894971804511275&11,894971804511275&12,090188601767046&12,884965690435763&12,884965690435763&11,894971804511275&11,894971804511275&11,894971804511275&11,894971804511275&11,894971804511275&11,894971804511275&12,090188601767046&11,894971804511275&11,894971804511275&11,894971804511275&12,090188601767046&11,894971804511275&11,894971804511275&11,894971804511275&12,090188601767046&12,090188601767046&11,894971804511275&12,090188601767046&11,894971804511275&11,894971804511275&11,894971804511275&11,894971804511275&12,090188601767046&12,090188601767046&12,090188601767046&12,40456309041835&12,090188601767046&12,090188601767046&12,090188601767046&12,884965690435763&12,090188601767046&12,090188601767046&12,090188601767046&11,894971804511275&11,894971804511275&11,894971804511275&12,090188601767046&11,894971804511275&11,894971804511275&11,894971804511275&11,894971804511275&11,894971804511275&12,090188601767046&12,090188601767046&12,090188601767046&12,090188601767046&14,30296661793372&14,30296661793372&14,30296661793372&14,30296661793372&12,884965690435763&12,884965690435763&11,894971804511275&11,894971804511275&11,894971804511275&11,894971804511275&11,894971804511275&11,894971804511275&11,894971804511275&12,090188601767046&12,090188601767046&12,884965690435763&12,090188601767046&12,884965690435763&12,090188601767046&11,894971804511275&11,894971804511275&11,894971804511275&12,884965690435763&12,884965690435763&12,884965690435763&11,894971804511275&11,894971804511275&11,894971804511275&12,622389874141874&12,622389874141874&12,362521453089244&12,40456309041835&13,317940283400809&12,40456309041835&12,884965690435763&12,458507775119614&12,458507775119614&12,458507775119614&12,40456309041835&12,40456309041835&12,40456309041835&12,40456309041835&12,40456309041835&12,40456309041835&11,894971804511275&12,090188601767046&11,894971804511275&11,894971804511275&12,090188601767046&11,894971804511275&11,894971804511275&11,894971804511275&11,894971804511275&12,884965690435763&11,894971804511275&11,894971804511275&11,894971804511275&12,884965690435763&12,884965690435763"
16,100,1,0.4,2,250,12.090188601767,127172,5,7,2,"12,362521453089244&14,114974937343355&11,894971804511275&11,894971804511275&12,362521453089244&11,894971804511275&12,42700729927007&12,458507775119614&12,622389874141874&12,458507775119614&11,894971804511275&11,894971804511275&12,362521453089244&12,362521453089244&12,884965690435763&12,362521453089244&12,362521453089244&12,42700729927007&12,42700729927007&12,362521453089244&11,894971804511275&12,40456309041835&11,894971804511275&11,894971804511275&11,894971804511275&11,894971804511275&11,894971804511275&11,894971804511275&11,894971804511275&11,894971804511275&11,894971804511275&11,894971804511275&11,894971804511275&12,884965690435763&12,884965690435763&12,090188601767046&12,090188601767046&11,894971804511275&11,894971804511275&12,090188601767046&12,090188601767046&12,622389874141874&12,458507775119614&12,458507775119614&12,458507775119614&12,458507775119614&12,090188601767046&12,884965690435763&12,884965690435763&11,894971804511275&11,894971804511275&11,894971804511275&11,894971804511275&11,894971804511275&12,090188601767046&12,090188601767046&12,090188601767046&12,458507775119614&12,458507775119614&12,458507775119614&12,458507775119614&11,894971804511275&11,894971804511275&12,090188601767046&12,090188601767046&12,884965690435763&12,884965690435763&14,090053427946557&12,090188601767046&13,132464574898783&13,132464574898783&13,132464574898783&13,132464574898783&12,090188601767046&12,090188601767046&12,458507775119614&12,458507775119614&12,458507775119614&12,458507775119614&12,458507775119614&12,458507775119614&12,458507775119614&12,458507775119614&12,458507775119614&12,458507775119614&12,458507775119614&12,458507775119614&12,458507775119614&12,458507775119614&11,894971804511275&11,894971804511275&11,894971804511275&11,894971804511275&12,884965690435763&12,884965690435763&12,458507775119614&12,458507775119614&11,894971804511275&12,090188601767046&12,090188601767046&12,090188601767046&12,090188601767046&11,894971804511275&11,894971804511275&11,894971804511275&11,894971804511275&12,090188601767046&11,894971804511275&12,090188601767046&12,090188601767046&12,090188601767046&12,090188601767046&14,30296661793372&12,278874269005847&12,884965690435763&12,884965690435763&12,884965690435763&12,884965690435763&12,884965690435763&12,884965690435763&12,884965690435763&12,884965690435763&12,884965690435763&12,884965690435763&12,884965690435763&12,884965690435763&12,884965690435763&12,884965690435763&12,884965690435763&12,884965690435763&12,884965690435763&12,884965690435763&14,090053427946557&13,205789817531631&12,884965690435763&12,458507775119614&12,458507775119614&12,458507775119614&11,894971804511275&11,894971804511275&12,090188601767046&12,090188601767046&12,090188601767046&12,090188601767046&11,894971804511275&11,894971804511275&11,894971804511275&11,894971804511275&11,894971804511275&12,090188601767046&11,894971804511275&11,894971804511275&11,894971804511275&12,090188601767046&12,090188601767046&11,894971804511275&11,894971804511275&12,090188601767046&12,458507775119614&12,884965690435763&12,884965690435763&12,884965690435763&12,884965690435763&12,884965690435763&12,884965690435763&12,884965690435763&12,884965690435763&12,884965690435763&11,894971804511275&12,090188601767046&12,090188601767046&12,884965690435763&12,884965690435763&12,884965690435763&12,884965690435763&11,894971804511275&11,894971804511275&11,894971804511275&11,894971804511275&11,894971804511275&11,894971804511275&11,894971804511275&11,894971804511275&12,090188601767046&12,090188601767046&12,090188601767046&12,090188601767046&12,090188601767046&12,090188601767046&12,090188601767046&12,090188601767046&12,090188601767046&11,894971804511275&12,090188601767046&11,894971804511275&11,894971804511275&11,894971804511275&11,894971804511275&11,894971804511275&11,894971804511275&11,894971804511275&11,894971804511275&11,894971804511275&11,894971804511275&11,894971804511275&12,40456309041835&12,458507775119614&12,458507775119614&12,458507775119614&11,894971804511275&11,894971804511275&11,894971804511275&11,894971804511275&11,894971804511275&12,090188601767046&11,894971804511275&11,894971804511275&11,894971804511275&11,894971804511275&12,884965690435763&12,884965690435763&12,884965690435763&12,884965690435763&12,090188601767046&11,894971804511275&11,894971804511275&11,894971804511275&11,894971804511275&11,894971804511275&11,894971804511275&12,090188601767046&12,090188601767046&11,894971804511275&11,894971804511275&11,894971804511275&11,894971804511275&12,090188601767046&11,894971804511275&11,894971804511275&12,090188601767046&11,894971804511275&11,894971804511275&11,894971804511275&12,362521453089244&11,894971804511275&12,090188601767046&11,894971804511275&11,894971804511275&12,090188601767046&12,090188601767046"
16,100,1,0.4,2,250,11.8949718045113,127532,3,14,2,"12,362521453089244&14,114974937343355&11,894971804511275&11,894971804511275&12,362521453089244&11,894971804511275&12,42700729927007&12,458507775119614&12,622389874141874&12,458507775119614&11,894971804511275&11,894971804511275&12,362521453089244&12,362521453089244&12,884965690435763&12,362521453089244&12,362521453089244&12,42700729927007&12,42700729927007&12,362521453089244&11,894971804511275&12,40456309041835&11,894971804511275&11,894971804511275&11,894971804511275&11,894971804511275&11,894971804511275&11,894971804511275&11,894971804511275&11,894971804511275&11,894971804511275&11,894971804511275&11,894971804511275&12,884965690435763&12,884965690435763&12,090188601767046&12,090188601767046&11,894971804511275&11,894971804511275&12,090188601767046&12,090188601767046&12,622389874141874&12,458507775119614&12,458507775119614&12,458507775119614&12,458507775119614&12,090188601767046&12,884965690435763&12,884965690435763&11,894971804511275&11,894971804511275&11,894971804511275&11,894971804511275&11,894971804511275&12,090188601767046&12,090188601767046&12,090188601767046&12,458507775119614&12,458507775119614&12,458507775119614&12,458507775119614&11,894971804511275&11,894971804511275&12,090188601767046&12,090188601767046&12,884965690435763&12,884965690435763&14,090053427946557&12,090188601767046&13,132464574898783&13,132464574898783&13,132464574898783&13,132464574898783&12,090188601767046&12,090188601767046&12,458507775119614&12,458507775119614&12,458507775119614&12,458507775119614&12,458507775119614&12,458507775119614&12,458507775119614&12,458507775119614&12,458507775119614&12,458507775119614&12,458507775119614&12,458507775119614&12,458507775119614&12,458507775119614&11,894971804511275&11,894971804511275&11,894971804511275&11,894971804511275&12,884965690435763&12,884965690435763&12,458507775119614&12,458507775119614&11,894971804511275&12,090188601767046&12,090188601767046&12,090188601767046&12,090188601767046&11,894971804511275&11,894971804511275&11,894971804511275&11,894971804511275&12,090188601767046&11,894971804511275&12,090188601767046&12,090188601767046&12,090188601767046&12,090188601767046&14,30296661793372&12,278874269005847&12,884965690435763&12,884965690435763&12,884965690435763&12,884965690435763&12,884965690435763&12,884965690435763&12,884965690435763&12,884965690435763&12,884965690435763&12,884965690435763&12,884965690435763&12,884965690435763&12,884965690435763&12,884965690435763&12,884965690435763&12,884965690435763&12,884965690435763&12,884965690435763&14,090053427946557&13,205789817531631&12,884965690435763&12,458507775119614&12,458507775119614&12,458507775119614&11,894971804511275&11,894971804511275&12,090188601767046&12,090188601767046&12,090188601767046&12,090188601767046&11,894971804511275&11,894971804511275&11,894971804511275&11,894971804511275&11,894971804511275&12,090188601767046&11,894971804511275&11,894971804511275&11,894971804511275&12,090188601767046&12,090188601767046&11,894971804511275&11,894971804511275&12,090188601767046&12,458507775119614&12,884965690435763&12,884965690435763&12,884965690435763&12,884965690435763&12,884965690435763&12,884965690435763&12,884965690435763&12,884965690435763&12,884965690435763&11,894971804511275&12,090188601767046&12,090188601767046&12,884965690435763&12,884965690435763&12,884965690435763&12,884965690435763&12,090188601767046&12,090188601767046&12,090188601767046&12,090188601767046&11,894971804511275&12,090188601767046&12,090188601767046&12,40456309041835&11,894971804511275&11,894971804511275&11,894971804511275&11,894971804511275&11,894971804511275&11,894971804511275&11,894971804511275&11,894971804511275&11,894971804511275&11,894971804511275&11,894971804511275&11,894971804511275&12,090188601767046&11,894971804511275&12,40456309041835&12,40456309041835&11,894971804511275&11,894971804511275&14,090053427946557&12,090188601767046&12,090188601767046&12,090188601767046&12,090188601767046&11,894971804511275&11,894971804511275&11,894971804511275&11,894971804511275&11,894971804511275&11,894971804511275&11,894971804511275&11,894971804511275&11,894971804511275&11,894971804511275&12,090188601767046&11,894971804511275&12,090188601767046&11,894971804511275&12,090188601767046&11,894971804511275&12,090188601767046&12,090188601767046&12,090188601767046&12,090188601767046&13,300749888492412&13,300749888492412&12,40456309041835&12,40456309041835&12,40456309041835&12,40456309041835&12,40456309041835&12,40456309041835&12,40456309041835&12,40456309041835&12,40456309041835&12,40456309041835&12,40456309041835&12,40456309041835&12,40456309041835&12,40456309041835&12,40456309041835&11,894971804511275&12,090188601767046&11,894971804511275&11,894971804511275&11,894971804511275&11,894971804511275&11,894971804511275"
16,100,1,0.4,2,250,12.090188601767,128061,5,7,2,"12,362521453089244&14,114974937343355&11,894971804511275&11,894971804511275&12,362521453089244&11,894971804511275&12,42700729927007&12,458507775119614&12,622389874141874&12,458507775119614&11,894971804511275&11,894971804511275&12,362521453089244&12,362521453089244&12,884965690435763&12,362521453089244&12,362521453089244&12,42700729927007&12,42700729927007&12,362521453089244&11,894971804511275&12,40456309041835&11,894971804511275&11,894971804511275&11,894971804511275&11,894971804511275&11,894971804511275&11,894971804511275&11,894971804511275&11,894971804511275&11,894971804511275&11,894971804511275&11,894971804511275&12,884965690435763&12,884965690435763&12,090188601767046&12,090188601767046&11,894971804511275&11,894971804511275&12,090188601767046&12,090188601767046&12,622389874141874&12,458507775119614&12,458507775119614&12,458507775119614&12,458507775119614&12,090188601767046&12,884965690435763&12,884965690435763&11,894971804511275&11,894971804511275&11,894971804511275&11,894971804511275&11,894971804511275&12,090188601767046&12,090188601767046&12,090188601767046&12,458507775119614&12,458507775119614&12,458507775119614&12,458507775119614&11,894971804511275&11,894971804511275&12,090188601767046&12,090188601767046&12,884965690435763&12,884965690435763&14,090053427946557&12,090188601767046&13,132464574898783&13,132464574898783&13,132464574898783&13,132464574898783&12,090188601767046&12,090188601767046&12,458507775119614&12,458507775119614&12,458507775119614&12,458507775119614&12,458507775119614&12,458507775119614&12,458507775119614&12,458507775119614&12,458507775119614&12,458507775119614&12,458507775119614&12,458507775119614&12,458507775119614&12,458507775119614&11,894971804511275&11,894971804511275&11,894971804511275&11,894971804511275&12,884965690435763&12,884965690435763&12,458507775119614&12,458507775119614&11,894971804511275&12,090188601767046&12,090188601767046&12,090188601767046&12,090188601767046&11,894971804511275&11,894971804511275&11,894971804511275&11,894971804511275&12,090188601767046&11,894971804511275&12,090188601767046&12,090188601767046&12,090188601767046&12,090188601767046&14,30296661793372&12,278874269005847&12,884965690435763&12,884965690435763&12,884965690435763&12,884965690435763&12,884965690435763&12,884965690435763&12,884965690435763&12,884965690435763&12,884965690435763&12,884965690435763&12,884965690435763&12,884965690435763&12,884965690435763&12,884965690435763&12,884965690435763&12,884965690435763&12,884965690435763&12,884965690435763&14,090053427946557&13,205789817531631&12,884965690435763&12,458507775119614&12,458507775119614&12,458507775119614&11,894971804511275&11,894971804511275&12,090188601767046&12,090188601767046&12,090188601767046&12,090188601767046&11,894971804511275&11,894971804511275&11,894971804511275&11,894971804511275&11,894971804511275&12,090188601767046&11,894971804511275&11,894971804511275&11,894971804511275&12,090188601767046&12,090188601767046&11,894971804511275&11,894971804511275&12,090188601767046&12,458507775119614&12,884965690435763&12,884965690435763&12,884965690435763&12,884965690435763&12,884965690435763&12,884965690435763&12,884965690435763&12,884965690435763&12,884965690435763&11,894971804511275&12,090188601767046&12,090188601767046&12,884965690435763&12,884965690435763&12,884965690435763&12,884965690435763&12,090188601767046&11,894971804511275&11,894971804511275&11,894971804511275&11,894971804511275&11,894971804511275&11,894971804511275&11,894971804511275&11,894971804511275&12,090188601767046&12,090188601767046&12,090188601767046&12,090188601767046&12,090188601767046&12,090188601767046&12,090188601767046&12,090188601767046&12,090188601767046&12,090188601767046&12,090188601767046&12,090188601767046&12,090188601767046&11,894971804511275&12,458507775119614&11,894971804511275&11,894971804511275&11,894971804511275&11,894971804511275&11,894971804511275&12,090188601767046&11,894971804511275&12,458507775119614&11,894971804511275&11,894971804511275&11,894971804511275&11,894971804511275&11,894971804511275&11,894971804511275&11,894971804511275&11,894971804511275&11,894971804511275&11,894971804511275&11,894971804511275&12,40456309041835&12,40456309041835&12,40456309041835&12,40456309041835&12,40456309041835&12,40456309041835&12,40456309041835&12,40456309041835&12,40456309041835&12,40456309041835&12,40456309041835&12,40456309041835&12,40456309041835&12,40456309041835&12,40456309041835&12,40456309041835&12,40456309041835&12,40456309041835&12,40456309041835&11,894971804511275&15,521824469529925&15,521824469529925&13,515625&12,884965690435763&11,894971804511275&12,090188601767046&12,40456309041835&11,894971804511275&12,090188601767046&12,458507775119614&12,458507775119614&12,090188601767046"
16,100,1,0.4,2,250,12.090188601767,128795,5,7,2,"12,362521453089244&12,622389874141874&12,622389874141874&12,622389874141874&12,458507775119614&12,458507775119614&12,458507775119614&11,894971804511275&11,894971804511275&11,894971804511275&11,894971804511275&12,884965690435763&11,894971804511275&11,894971804511275&11,894971804511275&11,894971804511275&11,894971804511275&11,894971804511275&11,894971804511275&11,894971804511275&11,894971804511275&11,894971804511275&11,894971804511275&11,894971804511275&11,894971804511275&11,894971804511275&11,894971804511275&11,894971804511275&11,894971804511275&11,894971804511275&11,894971804511275&12,090188601767046&12,40456309041835&11,894971804511275&11,894971804511275&11,894971804511275&11,894971804511275&11,894971804511275&12,090188601767046&12,090188601767046&12,090188601767046&12,884965690435763&12,884965690435763&12,40456309041835&12,40456309041835&12,40456309041835&12,40456309041835&12,40456309041835&12,090188601767046&12,090188601767046&11,894971804511275&11,894971804511275&11,894971804511275&11,894971804511275&12,090188601767046&14,090053427946557&12,884965690435763&12,884965690435763&12,884965690435763&12,884965690435763&12,090188601767046&12,090188601767046&11,894971804511275&11,894971804511275&11,894971804511275&12,362521453089244&12,362521453089244&12,362521453089244&12,362521453089244&12,362521453089244&12,362521453089244&12,090188601767046&12,090188601767046&12,458507775119614&12,458507775119614&12,458507775119614&12,458507775119614&12,458507775119614&12,458507775119614&12,458507775119614&12,458507775119614&12,458507775119614&12,884965690435763&12,884965690435763&13,300749888492412&12,884965690435763&12,884965690435763&12,458507775119614&12,458507775119614&12,458507775119614&12,458507775119614&12,458507775119614&12,458507775119614&12,458507775119614&12,458507775119614&12,458507775119614&12,458507775119614&12,458507775119614&12,458507775119614&11,894971804511275&11,894971804511275&11,894971804511275&12,090188601767046&11,894971804511275&11,894971804511275&11,894971804511275&12,884965690435763&12,884965690435763&11,894971804511275&11,894971804511275&12,090188601767046&11,894971804511275&12,090188601767046&11,894971804511275&11,894971804511275&12,090188601767046&12,884965690435763&12,884965690435763&11,894971804511275&11,894971804511275&11,894971804511275&11,894971804511275&11,894971804511275&12,090188601767046&12,090188601767046&12,090188601767046&12,090188601767046&11,894971804511275&12,090188601767046&11,894971804511275&11,894971804511275&11,894971804511275&11,894971804511275&11,894971804511275&11,894971804511275&11,894971804511275&12,090188601767046&12,090188601767046&12,884965690435763&11,894971804511275&11,894971804511275&11,894971804511275&12,090188601767046&12,884965690435763&12,884965690435763&11,894971804511275&11,894971804511275&11,894971804511275&11,894971804511275&11,894971804511275&11,894971804511275&12,090188601767046&11,894971804511275&11,894971804511275&11,894971804511275&12,090188601767046&11,894971804511275&11,894971804511275&11,894971804511275&12,090188601767046&12,090188601767046&11,894971804511275&12,090188601767046&11,894971804511275&11,894971804511275&11,894971804511275&11,894971804511275&12,090188601767046&12,090188601767046&12,090188601767046&12,40456309041835&12,090188601767046&11,894971804511275&11,894971804511275&11,894971804511275&11,894971804511275&11,894971804511275&11,894971804511275&11,894971804511275&12,090188601767046&12,090188601767046&12,090188601767046&12,40456309041835&12,090188601767046&12,884965690435763&12,884965690435763&12,884965690435763&12,884965690435763&12,090188601767046&12,40456309041835&11,894971804511275&11,894971804511275&11,894971804511275&11,894971804511275&11,894971804511275&11,894971804511275&11,894971804511275&11,894971804511275&12,458507775119614&11,894971804511275&12,090188601767046&11,894971804511275&11,894971804511275&11,894971804511275&11,894971804511275&11,894971804511275&11,894971804511275&11,894971804511275&11,894971804511275&11,894971804511275&12,090188601767046&11,894971804511275&11,894971804511275&12,090188601767046&12,884965690435763&12,884965690435763&12,090188601767046&11,894971804511275&11,894971804511275&11,894971804511275&11,894971804511275&12,090188601767046&11,894971804511275&12,40456309041835&12,40456309041835&12,40456309041835&12,40456309041835&12,40456309041835&12,40456309041835&11,894971804511275&11,894971804511275&12,090188601767046&11,894971804511275&12,884965690435763&12,090188601767046&11,894971804511275&11,894971804511275&11,894971804511275&11,894971804511275&12,090188601767046&12,090188601767046&11,894971804511275&12,40456309041835&11,894971804511275&11,894971804511275&11,894971804511275&11,894971804511275&11,894971804511275&11,894971804511275&12,090188601767046"
16,100,1,0.4,2,250,12.8849656904358,58039,4,12,2,"12,362521453089244&14,114974937343355&11,894971804511275&11,894971804511275&12,362521453089244&11,894971804511275&12,42700729927007&12,458507775119614&12,622389874141874&12,458507775119614&11,894971804511275&11,894971804511275&12,362521453089244&12,362521453089244&12,884965690435763&12,362521453089244&12,362521453089244&12,42700729927007&12,42700729927007&12,362521453089244&11,894971804511275&12,40456309041835&11,894971804511275&11,894971804511275&11,894971804511275&11,894971804511275&11,894971804511275&11,894971804511275&11,894971804511275&11,894971804511275&11,894971804511275&11,894971804511275&11,894971804511275&12,884965690435763&12,884965690435763&12,090188601767046&12,090188601767046&11,894971804511275&11,894971804511275&12,090188601767046&12,090188601767046&12,622389874141874&12,458507775119614&12,458507775119614&12,458507775119614&12,458507775119614&12,090188601767046&12,884965690435763&12,884965690435763&11,894971804511275&11,894971804511275&11,894971804511275&11,894971804511275&11,894971804511275&12,090188601767046&12,090188601767046&12,090188601767046&12,458507775119614&12,458507775119614&12,458507775119614&12,458507775119614&11,894971804511275&11,894971804511275&12,090188601767046&12,090188601767046&12,884965690435763&12,884965690435763&12,884965690435763&12,884965690435763&12,884965690435763&11,894971804511275&12,40456309041835&12,40456309041835&12,40456309041835&12,40456309041835&12,40456309041835&12,40456309041835&12,40456309041835&12,40456309041835&12,40456309041835&12,884965690435763&12,884965690435763&12,40456309041835&12,40456309041835&12,40456309041835&12,40456309041835&12,40456309041835&12,40456309041835&12,40456309041835&11,894971804511275&11,894971804511275&12,40456309041835&11,894971804511275&11,894971804511275&11,894971804511275&11,894971804511275&11,894971804511275&11,894971804511275&11,894971804511275&11,894971804511275&11,894971804511275&11,894971804511275&11,894971804511275&11,894971804511275&11,894971804511275&11,894971804511275&11,894971804511275&11,894971804511275&11,894971804511275&11,894971804511275&11,894971804511275&12,090188601767046&12,090188601767046&12,884965690435763&12,884965690435763&12,458507775119614&12,458507775119614&12,40456309041835&12,40456309041835&12,40456309041835&12,40456309041835&12,884965690435763&12,884965690435763&12,884965690435763&12,884965690435763&12,884965690435763&12,458507775119614&12,458507775119614&12,090188601767046&11,894971804511275&11,894971804511275&11,894971804511275&12,090188601767046&12,884965690435763&12,090188601767046&11,894971804511275&11,894971804511275&11,894971804511275&12,090188601767046&12,090188601767046&12,090188601767046&12,090188601767046&11,894971804511275&12,090188601767046&12,884965690435763&12,884965690435763&11,894971804511275&12,090188601767046&12,090188601767046&13,300749888492412&13,300749888492412&12,622389874141874&12,622389874141874&12,622389874141874&12,622389874141874&12,622389874141874&12,622389874141874&13,132464574898783&12,622389874141874&12,622389874141874&13,577808704453439&12,622389874141874&12,622389874141874&12,622389874141874&12,622389874141874&12,622389874141874&11,894971804511275&12,884965690435763&12,884965690435763&12,884965690435763&12,884965690435763&12,884965690435763&12,884965690435763&12,884965690435763&12,884965690435763&12,884965690435763&12,884965690435763&12,884965690435763&12,884965690435763&12,884965690435763&12,884965690435763&14,30296661793372&12,884965690435763&12,884965690435763&12,884965690435763&12,884965690435763&12,884965690435763&13,300749888492412&13,300749888492412&12,884965690435763&12,884965690435763&12,884965690435763&12,884965690435763&12,884965690435763&12,884965690435763&12,884965690435763&12,884965690435763&12,884965690435763&12,884965690435763&12,884965690435763&12,884965690435763&12,884965690435763&12,884965690435763&12,884965690435763&12,884965690435763&12,884965690435763&12,884965690435763&12,884965690435763&12,884965690435763&12,884965690435763"
16,100,1,0.4,2,250,12.8849656904358,35982,4,12,2,"12,362521453089244&14,114974937343355&11,894971804511275&11,894971804511275&12,362521453089244&11,894971804511275&12,42700729927007&12,458507775119614&12,622389874141874&12,458507775119614&11,894971804511275&11,894971804511275&12,362521453089244&12,362521453089244&12,884965690435763&12,362521453089244&12,362521453089244&12,42700729927007&12,42700729927007&12,362521453089244&11,894971804511275&12,40456309041835&11,894971804511275&11,894971804511275&11,894971804511275&11,894971804511275&11,894971804511275&11,894971804511275&11,894971804511275&11,894971804511275&11,894971804511275&11,894971804511275&11,894971804511275&12,884965690435763&12,884965690435763&12,090188601767046&12,090188601767046&11,894971804511275&11,894971804511275&12,090188601767046&12,090188601767046&12,622389874141874&12,458507775119614&12,458507775119614&12,458507775119614&12,458507775119614&12,090188601767046&12,884965690435763&12,884965690435763&11,894971804511275&11,894971804511275&11,894971804511275&11,894971804511275&11,894971804511275&12,090188601767046&12,090188601767046&12,090188601767046&12,458507775119614&12,458507775119614&12,458507775119614&12,458507775119614&11,894971804511275&11,894971804511275&12,090188601767046&12,090188601767046&12,884965690435763&12,884965690435763&14,090053427946557&12,090188601767046&13,132464574898783&13,132464574898783&13,132464574898783&13,132464574898783&12,090188601767046&12,090188601767046&12,458507775119614&12,458507775119614&12,458507775119614&12,458507775119614&12,458507775119614&12,458507775119614&12,458507775119614&12,458507775119614&12,458507775119614&12,458507775119614&12,458507775119614&12,458507775119614&12,458507775119614&12,458507775119614&11,894971804511275&11,894971804511275&11,894971804511275&11,894971804511275&12,884965690435763&12,884965690435763&12,458507775119614&12,458507775119614&11,894971804511275&12,090188601767046&12,090188601767046&12,090188601767046&12,090188601767046&11,894971804511275&11,894971804511275&11,894971804511275&11,894971804511275&12,090188601767046&11,894971804511275&12,090188601767046&12,090188601767046&12,090188601767046&12,090188601767046&14,30296661793372&12,278874269005847&12,884965690435763&12,884965690435763&12,884965690435763&12,884965690435763&12,884965690435763&12,884965690435763&12,884965690435763&12,884965690435763&12,884965690435763&12,884965690435763&12,884965690435763&12,884965690435763&12,884965690435763&12,884965690435763&12,884965690435763&12,884965690435763&12,884965690435763&12,884965690435763&14,090053427946557&13,205789817531631&12,884965690435763&12,458507775119614&12,458507775119614&12,458507775119614&11,894971804511275&11,894971804511275&12,090188601767046&12,090188601767046&12,090188601767046&12,090188601767046&11,894971804511275&11,894971804511275&11,894971804511275&11,894971804511275&11,894971804511275&12,090188601767046&11,894971804511275&11,894971804511275&11,894971804511275&12,090188601767046&12,090188601767046&11,894971804511275&11,894971804511275&12,090188601767046&12,458507775119614&12,884965690435763&12,884965690435763&12,884965690435763&12,884965690435763&12,884965690435763&12,884965690435763&12,884965690435763&12,884965690435763&12,884965690435763&11,894971804511275&12,090188601767046&12,090188601767046&12,884965690435763&12,884965690435763&12,884965690435763&12,884965690435763&12,090188601767046&11,894971804511275&11,894971804511275&11,894971804511275&11,894971804511275&12,884965690435763&12,884965690435763&12,884965690435763&12,884965690435763&12,884965690435763&12,884965690435763&12,884965690435763&12,884965690435763&12,884965690435763&12,884965690435763&12,884965690435763&12,884965690435763&12,884965690435763&12,884965690435763&12,884965690435763&12,884965690435763&12,884965690435763&12,884965690435763&12,884965690435763&12,884965690435763&12,884965690435763"
17,20,1,0.8,2,600,13.4187030075188,64829,4,8,2,"10,287987895705665&10,8475063861577&10,8475063861577&11,485426866585069&11,894971804511275&11,743693184231763&11,894971804511275&11,894971804511275&11,485426866585069&11,485426866585069&11,485426866585069&11,743693184231763&12,458507775119614&12,458507775119614&11,485426866585069&11,485426866585069&11,485426866585069&11,485426866585069&11,485426866585069&11,485426866585069&11,485426866585069&12,458507775119614&11,485426866585069&11,485426866585069&11,485426866585069&11,743693184231763&11,485426866585069&11,485426866585069&11,485426866585069&12,458507775119614&12,458507775119614&11,485426866585069&12,365390997849026&11,743693184231763&11,743693184231763&11,743693184231763&11,485426866585069&11,743693184231763&12,458507775119614&11,743693184231763&11,743693184231763&11,485426866585069&11,743693184231763&11,485426866585069&11,485426866585069&11,485426866585069&11,485426866585069&11,485426866585069&11,485426866585069&11,485426866585069&11,694521080928126&11,485426866585069&11,485426866585069&11,485426866585069&11,894971804511275&11,894971804511275&11,894971804511275&11,894971804511275&11,894971804511275&11,485426866585069&11,485426866585069&11,843780458089665&11,894971804511275&13,418703007518793&11,843780458089665&12,622389874141874&12,622389874141874&12,622389874141874&12,75873655913978&14,30296661793372&13,418703007518793&11,894971804511275&11,743693184231763&11,485426866585069&11,597599088446923&12,362521453089244&12,362521453089244&12,090188601767046&12,090188601767046&12,090188601767046&11,894971804511275&11,894971804511275&13,418703007518793&11,894971804511275&12,458507775119614&11,485426866585069&11,743693184231763&12,622389874141874&12,622389874141874&11,485426866585069&11,485426866585069&11,485426866585069&11,485426866585069&11,485426866585069&11,485426866585069&11,485426866585069&11,743693184231763&11,743693184231763&11,743693184231763&11,743693184231763&11,743693184231763&11,743693184231763&11,485426866585069&11,485426866585069&11,894971804511275&11,485426866585069&11,485426866585069&11,485426866585069&11,485426866585069&11,743693184231763&11,743693184231763&12,458507775119614&11,485426866585069&11,485426866585069&11,743693184231763&11,485426866585069&11,743693184231763&11,743693184231763&11,743693184231763&11,485426866585069&11,485426866585069&11,485426866585069&11,485426866585069&11,485426866585069&11,485426866585069&11,743693184231763&11,743693184231763&11,485426866585069&11,743693184231763&11,485426866585069&11,485426866585069&11,485426866585069&11,485426866585069&11,485426866585069&11,485426866585069&11,743693184231763&11,743693184231763&11,485426866585069&11,485426866585069&11,743693184231763&11,743693184231763&11,743693184231763&11,743693184231763&11,743693184231763&11,743693184231763&11,894971804511275&11,743693184231763&11,485426866585069&11,485426866585069&11,485426866585069&12,458507775119614&12,458507775119614&12,167643668466035&11,485426866585069&11,743693184231763&11,485426866585069&11,743693184231763&11,743693184231763&11,743693184231763&11,485426866585069&11,485426866585069&11,485426866585069&11,485426866585069&11,743693184231763&11,743693184231763&11,743693184231763&11,485426866585069&11,485426866585069&11,743693184231763&11,485426866585069&11,743693184231763&11,743693184231763&11,743693184231763&12,481862698861846&12,481862698861846&12,845011645962732&11,597599088446923&11,597599088446923&11,743693184231763&11,485426866585069&11,743693184231763&11,485426866585069&11,485426866585069&11,485426866585069&11,743693184231763&12,458507775119614&11,743693184231763&12,458507775119614&11,894971804511275&11,894971804511275&11,894971804511275&11,894971804511275&11,894971804511275&11,894971804511275&11,894971804511275&11,894971804511275&11,708230815860784&11,485426866585069&11,485426866585069&11,485426866585069&11,485426866585069&11,485426866585069&12,481862698861846&12,458507775119614&12,458507775119614&13,300749888492412&13,300749888492412&13,300749888492412&11,485426866585069&11,485426866585069&11,485426866585069&11,485426866585069&11,485426866585069&11,485426866585069&12,40456309041835&11,485426866585069&11,485426866585069&11,485426866585069&11,743693184231763&11,743693184231763&11,485426866585069&11,485426866585069&11,485426866585069&11,485426866585069&11,743693184231763&9,657189728328795&11,485426866585069&12,40456309041835&11,485426866585069&10,8475063861577&12,362521453089244&12,42700729927007&12,458507775119614&11,894971804511275&11,894971804511275&11,894971804511275&11,894971804511275&14,30296661793372&12,481862698861846&11,743693184231763&11,743693184231763&14,123981829573928&12,40456309041835&11,743693184231763&14,30296661793372&13,418703007518793&13,418703007518793&12,40456309041835&11,485426866585069&11,708230815860784&11,743693184231763&11,485426866585069&11,485426866585069&11,485426866585069&11,485426866585069&11,894971804511275&11,743693184231763&12,40456309041835&11,894971804511275&12,481862698861846&11,894971804511275&13,30271181001283&11,743693184231763&12,458507775119614&12,458507775119614&12,884965690435763&12,884965690435763&12,458507775119614&12,458507775119614&11,894971804511275&12,884965690435763&11,894971804511275&11,894971804511275&11,894971804511275&11,894971804511275&11,743693184231763&12,40456309041835&11,843780458089665&11,743693184231763&11,743693184231763&12,40456309041835&12,40456309041835&12,40456309041835&11,485426866585069&11,894971804511275&11,743693184231763&11,743693184231763&12,622389874141874&12,622389874141874&11,485426866585069&11,894971804511275&11,894971804511275&11,894971804511275&11,894971804511275&12,884965690435763&11,894971804511275&11,894971804511275&11,894971804511275&11,894971804511275&11,743693184231763&11,485426866585069&11,743693184231763&11,485426866585069&11,485426866585069&11,485426866585069&11,485426866585069&14,30296661793372&13,418703007518793&12,458507775119614&11,894971804511275&11,894971804511275&11,894971804511275&11,894971804511275&11,894971804511275&11,485426866585069&11,485426866585069&11,743693184231763&11,485426866585069&11,485426866585069&11,485426866585069&11,485426866585069&11,485426866585069&11,485426866585069&11,485426866585069&11,743693184231763&11,743693184231763&11,485426866585069&11,743693184231763&11,743693184231763&11,485426866585069&11,485426866585069&11,485426866585069&11,485426866585069&11,485426866585069&11,743693184231763&11,485426866585069&11,485426866585069&11,485426866585069&11,597599088446923&12,362521453089244&12,362521453089244&12,362521453089244&12,362521453089244&11,485426866585069&11,485426866585069&11,485426866585069&11,485426866585069&11,743693184231763&11,485426866585069&11,485426866585069&11,743693184231763&11,743693184231763&12,458507775119614&11,894971804511275&11,743693184231763&12,884965690435763&12,884965690435763&12,884965690435763&12,458507775119614&11,894971804511275&11,485426866585069&11,743693184231763&11,743693184231763&11,485426866585069&11,485426866585069&11,743693184231763&11,743693184231763&12,458507775119614&11,485426866585069&11,485426866585069&11,485426866585069&11,485426866585069&11,743693184231763&11,743693184231763&13,300749888492412&13,300749888492412&12,458507775119614&11,485426866585069&11,485426866585069&11,485426866585069&11,485426866585069&12,458507775119614&11,485426866585069&11,485426866585069&11,485426866585069&11,743693184231763&11,743693184231763&11,485426866585069&11,485426866585069&11,485426866585069&11,485426866585069&11,743693184231763&12,362521453089244&11,743693184231763&11,743693184231763&11,743693184231763&11,743693184231763&11,743693184231763&11,597599088446923&11,485426866585069&11,743693184231763&12,481862698861846&12,458507775119614&11,743693184231763&11,743693184231763&11,597599088446923&11,597599088446923&11,597599088446923&11,597599088446923&11,485426866585069&12,622389874141874&12,622389874141874&11,485426866585069&11,485426866585069&12,622389874141874&11,485426866585069&11,485426866585069&11,894971804511275&11,894971804511275&11,894971804511275&11,894971804511275&11,894971804511275&11,894971804511275&11,894971804511275&11,894971804511275&11,485426866585069&11,743693184231763&12,458507775119614&11,743693184231763&11,485426866585069&11,485426866585069&11,743693184231763&11,485426866585069&11,485426866585069&11,743693184231763&12,622389874141874&12,622389874141874&12,458507775119614&11,894971804511275&11,743693184231763&11,485426866585069&11,485426866585069&11,743693184231763&11,743693184231763&11,743693184231763&11,743693184231763&12,458507775119614&11,743693184231763&12,481862698861846&12,481862698861846&12,481862698861846&12,481862698861846&12,481862698861846&11,597599088446923&11,597599088446923&11,597599088446923&11,485426866585069&11,485426866585069&11,485426866585069&11,743693184231763&11,743693184231763&11,485426866585069&11,485426866585069&11,485426866585069&11,485426866585069&11,485426866585069&11,894971804511275&11,894971804511275&11,894971804511275&12,458507775119614&12,458507775119614&12,458507775119614&11,894971804511275&11,894971804511275&11,743693184231763&11,743693184231763&11,485426866585069&11,485426866585069&11,485426866585069&11,485426866585069&11,485426866585069&11,485426866585069&11,743693184231763&11,743693184231763&11,743693184231763&11,743693184231763&11,485426866585069&11,485426866585069&11,485426866585069&11,485426866585069&11,743693184231763&11,485426866585069&11,485426866585069&11,743693184231763&11,743693184231763&12,458507775119614&12,458507775119614&11,525350400457661&11,525350400457661&11,525350400457661&11,485426866585069&11,485426866585069&11,597599088446923&11,743693184231763&12,362521453089244&12,362521453089244&12,362521453089244&12,362521453089244&9,657189728328795&12,458507775119614&12,458507775119614&9,689196494295178&10,167264429085701&9,689196494295178&9,689196494295178&9,689196494295178&9,689196494295178&9,689196494295178&11,485426866585069&9,689196494295178&9,689196494295178&9,689196494295178&9,689196494295178&9,689196494295178&9,689196494295178&10,011916136655383&12,458507775119614&12,458507775119614&11,485426866585069&11,485426866585069&11,485426866585069&11,485426866585069&11,485426866585069&11,485426866585069&11,485426866585069&12,481862698861846&10,595218827925574&12,481862698861846&12,481862698861846&8,856907894736839&11,485426866585069&11,894971804511275&11,894971804511275&11,894971804511275&11,485426866585069&12,458507775119614&13,300749888492412&13,300749888492412&12,40456309041835&11,485426866585069&11,485426866585069&11,485426866585069&11,485426866585069&11,485426866585069&11,485426866585069&11,485426866585069&11,485426866585069&11,743693184231763&11,743693184231763&11,743693184231763&11,485426866585069&11,485426866585069&14,123981829573928&14,123981829573928&11,894971804511275&11,894971804511275&11,894971804511275&11,485426866585069&8,090317505720826&8,090317505720826&7,81122391107078&8,574356351015332&8,574356351015332&7,81122391107078&9,657189728328795&7,81122391107078&11,708230815860784&8,69159505907626&9,689196494295178&9,689196494295178&9,689196494295178&13,418703007518793&13,418703007518793&13,418703007518793&8,204185196222262&7,81122391107078&11,485426866585069&7,81122391107078&7,81122391107078&7,81122391107078&9,689196494295178&8,050333334551993&11,597599088446923&7,81122391107078&10,838499493927124&10,287987895705665&11,485426866585069&14,30296661793372&11,597599088446923&13,418703007518793"
17,20,1,0.8,2,600,13.3785041660724,64906,6,5,2,"10,287987895705665&10,8475063861577&10,8475063861577&11,485426866585069&11,894971804511275&11,743693184231763&11,894971804511275&11,894971804511275&11,485426866585069&11,485426866585069&11,485426866585069&11,743693184231763&12,458507775119614&12,458507775119614&11,485426866585069&11,485426866585069&11,485426866585069&11,485426866585069&11,485426866585069&11,485426866585069&11,485426866585069&12,458507775119614&11,485426866585069&11,485426866585069&11,485426866585069&11,743693184231763&11,485426866585069&11,485426866585069&11,485426866585069&12,458507775119614&12,458507775119614&11,485426866585069&12,365390997849026&11,743693184231763&11,743693184231763&11,743693184231763&11,485426866585069&11,743693184231763&12,458507775119614&11,743693184231763&11,743693184231763&11,485426866585069&11,743693184231763&11,485426866585069&11,485426866585069&11,485426866585069&11,485426866585069&11,485426866585069&11,485426866585069&11,485426866585069&11,694521080928126&11,485426866585069&11,485426866585069&11,485426866585069&11,894971804511275&11,894971804511275&11,894971804511275&11,894971804511275&11,894971804511275&11,485426866585069&11,485426866585069&11,843780458089665&11,894971804511275&13,418703007518793&11,843780458089665&12,622389874141874&12,622389874141874&12,622389874141874&12,75873655913978&14,30296661793372&13,418703007518793&11,894971804511275&11,743693184231763&11,485426866585069&11,597599088446923&12,362521453089244&12,362521453089244&12,090188601767046&12,090188601767046&12,090188601767046&11,894971804511275&11,894971804511275&13,418703007518793&11,894971804511275&12,458507775119614&11,485426866585069&11,743693184231763&12,622389874141874&12,622389874141874&11,485426866585069&11,485426866585069&11,485426866585069&11,485426866585069&11,485426866585069&11,485426866585069&11,485426866585069&11,743693184231763&11,743693184231763&11,743693184231763&11,743693184231763&11,743693184231763&11,743693184231763&11,485426866585069&11,485426866585069&11,894971804511275&11,485426866585069&11,485426866585069&11,485426866585069&11,485426866585069&11,743693184231763&11,743693184231763&12,458507775119614&11,485426866585069&11,485426866585069&11,743693184231763&11,485426866585069&11,743693184231763&11,743693184231763&11,743693184231763&11,485426866585069&11,485426866585069&11,485426866585069&11,485426866585069&11,485426866585069&11,485426866585069&11,743693184231763&11,743693184231763&11,485426866585069&11,743693184231763&11,485426866585069&11,485426866585069&11,485426866585069&11,485426866585069&11,485426866585069&11,485426866585069&11,743693184231763&11,743693184231763&11,485426866585069&11,485426866585069&11,743693184231763&11,743693184231763&11,743693184231763&11,743693184231763&11,743693184231763&11,743693184231763&11,894971804511275&11,743693184231763&11,485426866585069&11,485426866585069&11,485426866585069&12,458507775119614&12,458507775119614&12,167643668466035&11,485426866585069&11,743693184231763&11,485426866585069&11,743693184231763&11,743693184231763&11,743693184231763&11,485426866585069&11,485426866585069&11,485426866585069&11,485426866585069&11,743693184231763&11,743693184231763&11,743693184231763&11,485426866585069&11,485426866585069&11,743693184231763&11,485426866585069&11,743693184231763&11,743693184231763&11,743693184231763&12,481862698861846&12,481862698861846&12,845011645962732&11,597599088446923&11,597599088446923&11,743693184231763&11,485426866585069&11,743693184231763&11,485426866585069&11,485426866585069&11,485426866585069&11,743693184231763&12,458507775119614&11,743693184231763&12,458507775119614&11,894971804511275&11,894971804511275&11,894971804511275&11,894971804511275&11,894971804511275&11,894971804511275&11,894971804511275&11,894971804511275&11,708230815860784&11,485426866585069&11,485426866585069&11,485426866585069&11,485426866585069&11,485426866585069&12,481862698861846&12,458507775119614&12,458507775119614&13,300749888492412&13,300749888492412&13,300749888492412&11,485426866585069&11,485426866585069&11,485426866585069&11,485426866585069&11,485426866585069&11,485426866585069&12,40456309041835&11,485426866585069&11,485426866585069&11,485426866585069&11,743693184231763&11,743693184231763&11,485426866585069&11,485426866585069&11,485426866585069&11,485426866585069&11,743693184231763&9,657189728328795&11,485426866585069&12,40456309041835&11,485426866585069&10,8475063861577&12,362521453089244&12,42700729927007&12,458507775119614&11,894971804511275&11,894971804511275&11,894971804511275&11,894971804511275&14,30296661793372&12,481862698861846&11,743693184231763&11,743693184231763&14,123981829573928&12,40456309041835&11,743693184231763&14,30296661793372&13,418703007518793&13,418703007518793&12,40456309041835&11,485426866585069&11,708230815860784&11,743693184231763&11,485426866585069&11,485426866585069&11,485426866585069&11,485426866585069&11,894971804511275&11,743693184231763&12,40456309041835&11,894971804511275&12,481862698861846&11,894971804511275&13,30271181001283&11,743693184231763&12,458507775119614&12,458507775119614&12,884965690435763&12,884965690435763&12,458507775119614&12,458507775119614&11,894971804511275&12,884965690435763&11,894971804511275&11,894971804511275&11,894971804511275&11,894971804511275&11,743693184231763&12,40456309041835&11,843780458089665&11,743693184231763&11,743693184231763&12,40456309041835&12,40456309041835&12,40456309041835&11,485426866585069&11,894971804511275&11,743693184231763&11,743693184231763&12,622389874141874&12,622389874141874&11,485426866585069&11,894971804511275&11,894971804511275&11,894971804511275&11,894971804511275&12,884965690435763&11,894971804511275&11,894971804511275&11,894971804511275&11,894971804511275&11,743693184231763&11,485426866585069&11,743693184231763&11,485426866585069&11,485426866585069&11,485426866585069&11,485426866585069&14,30296661793372&13,418703007518793&12,458507775119614&11,894971804511275&11,894971804511275&11,894971804511275&11,894971804511275&11,894971804511275&11,485426866585069&11,485426866585069&11,743693184231763&11,485426866585069&11,485426866585069&11,485426866585069&11,485426866585069&11,485426866585069&11,485426866585069&11,485426866585069&11,743693184231763&11,743693184231763&11,485426866585069&11,743693184231763&11,743693184231763&11,485426866585069&11,485426866585069&11,485426866585069&11,485426866585069&11,485426866585069&11,743693184231763&11,485426866585069&11,485426866585069&11,485426866585069&11,597599088446923&12,362521453089244&12,362521453089244&12,362521453089244&12,362521453089244&11,485426866585069&11,485426866585069&11,485426866585069&11,485426866585069&11,743693184231763&11,485426866585069&11,485426866585069&11,743693184231763&11,743693184231763&12,458507775119614&11,894971804511275&11,743693184231763&12,884965690435763&12,884965690435763&12,884965690435763&12,458507775119614&11,894971804511275&11,485426866585069&11,743693184231763&11,743693184231763&11,485426866585069&11,485426866585069&11,743693184231763&11,743693184231763&12,458507775119614&11,485426866585069&11,485426866585069&11,485426866585069&11,485426866585069&11,743693184231763&11,743693184231763&13,300749888492412&13,300749888492412&12,458507775119614&11,485426866585069&11,485426866585069&11,485426866585069&11,485426866585069&12,458507775119614&11,485426866585069&11,485426866585069&11,485426866585069&11,743693184231763&11,743693184231763&11,485426866585069&11,485426866585069&11,485426866585069&11,485426866585069&11,743693184231763&12,362521453089244&11,743693184231763&11,743693184231763&11,743693184231763&11,743693184231763&11,743693184231763&11,597599088446923&11,485426866585069&11,743693184231763&12,481862698861846&12,458507775119614&11,743693184231763&11,743693184231763&11,597599088446923&11,597599088446923&11,597599088446923&11,597599088446923&11,485426866585069&12,622389874141874&12,622389874141874&11,485426866585069&11,485426866585069&12,622389874141874&11,485426866585069&11,485426866585069&11,894971804511275&11,894971804511275&11,894971804511275&11,894971804511275&11,894971804511275&11,894971804511275&11,894971804511275&11,894971804511275&11,485426866585069&11,743693184231763&12,458507775119614&11,743693184231763&11,485426866585069&11,485426866585069&11,743693184231763&11,485426866585069&11,485426866585069&11,743693184231763&12,622389874141874&12,622389874141874&12,458507775119614&11,894971804511275&11,743693184231763&11,485426866585069&11,485426866585069&11,743693184231763&11,743693184231763&11,743693184231763&11,743693184231763&12,458507775119614&11,743693184231763&12,481862698861846&12,481862698861846&12,481862698861846&12,481862698861846&12,481862698861846&11,597599088446923&11,597599088446923&11,597599088446923&11,485426866585069&11,485426866585069&11,485426866585069&11,743693184231763&11,743693184231763&11,485426866585069&11,485426866585069&11,485426866585069&11,485426866585069&11,485426866585069&11,894971804511275&11,894971804511275&11,894971804511275&12,458507775119614&12,458507775119614&12,458507775119614&11,894971804511275&11,894971804511275&11,743693184231763&11,743693184231763&11,485426866585069&11,485426866585069&11,485426866585069&11,485426866585069&11,485426866585069&11,485426866585069&11,743693184231763&11,743693184231763&11,743693184231763&11,743693184231763&11,485426866585069&11,485426866585069&11,485426866585069&11,485426866585069&11,743693184231763&11,485426866585069&11,485426866585069&11,743693184231763&11,743693184231763&12,458507775119614&12,458507775119614&11,525350400457661&11,525350400457661&11,525350400457661&11,485426866585069&11,485426866585069&11,597599088446923&11,743693184231763&12,362521453089244&12,362521453089244&12,362521453089244&12,362521453089244&9,657189728328795&12,458507775119614&12,458507775119614&9,689196494295178&10,167264429085701&9,689196494295178&9,689196494295178&9,689196494295178&9,689196494295178&9,689196494295178&11,485426866585069&9,689196494295178&9,689196494295178&9,689196494295178&9,689196494295178&9,689196494295178&9,689196494295178&10,011916136655383&12,458507775119614&12,458507775119614&11,485426866585069&11,485426866585069&11,485426866585069&11,485426866585069&11,485426866585069&11,485426866585069&11,485426866585069&12,481862698861846&10,595218827925574&12,481862698861846&12,481862698861846&8,856907894736839&11,485426866585069&11,894971804511275&11,894971804511275&11,894971804511275&11,485426866585069&12,458507775119614&13,300749888492412&13,300749888492412&12,40456309041835&11,485426866585069&11,485426866585069&11,485426866585069&11,485426866585069&11,485426866585069&11,485426866585069&11,485426866585069&11,485426866585069&11,743693184231763&11,743693184231763&11,743693184231763&11,485426866585069&11,485426866585069&14,123981829573928&14,123981829573928&11,894971804511275&11,894971804511275&11,894971804511275&11,485426866585069&8,090317505720826&8,090317505720826&7,81122391107078&8,574356351015332&8,574356351015332&7,81122391107078&9,657189728328795&7,81122391107078&11,708230815860784&8,69159505907626&9,689196494295178&9,689196494295178&9,689196494295178&13,418703007518793&13,418703007518793&13,418703007518793&8,204185196222262&7,81122391107078&11,485426866585069&7,81122391107078&7,81122391107078&7,81122391107078&9,689196494295178&8,050333334551993&11,597599088446923&7,81122391107078&10,838499493927124&10,287987895705665&11,485426866585069&14,30296661793372&11,597599088446923&13,37850416607236"
17,20,1,0.8,2,600,11.8949718045113,65160,3,14,2,"10,287987895705665&10,8475063861577&10,8475063861577&11,485426866585069&11,894971804511275&11,743693184231763&11,894971804511275&11,894971804511275&11,485426866585069&11,485426866585069&11,485426866585069&11,743693184231763&12,458507775119614&12,458507775119614&11,485426866585069&11,485426866585069&11,485426866585069&11,485426866585069&11,485426866585069&11,485426866585069&11,485426866585069&12,458507775119614&11,485426866585069&11,485426866585069&11,485426866585069&11,743693184231763&11,485426866585069&11,485426866585069&11,485426866585069&12,458507775119614&12,458507775119614&11,485426866585069&12,365390997849026&11,743693184231763&11,743693184231763&11,743693184231763&11,485426866585069&11,743693184231763&12,458507775119614&11,743693184231763&11,743693184231763&11,485426866585069&11,743693184231763&11,485426866585069&11,485426866585069&11,485426866585069&11,485426866585069&11,485426866585069&11,485426866585069&11,485426866585069&11,694521080928126&11,485426866585069&11,485426866585069&11,485426866585069&11,894971804511275&11,894971804511275&11,894971804511275&11,894971804511275&11,894971804511275&11,485426866585069&11,485426866585069&11,843780458089665&11,894971804511275&13,418703007518793&11,843780458089665&12,622389874141874&12,622389874141874&12,622389874141874&12,75873655913978&14,30296661793372&13,418703007518793&11,894971804511275&11,743693184231763&11,485426866585069&11,597599088446923&12,362521453089244&12,362521453089244&12,090188601767046&12,090188601767046&12,090188601767046&11,894971804511275&11,894971804511275&13,418703007518793&11,894971804511275&12,458507775119614&11,485426866585069&11,743693184231763&12,622389874141874&12,622389874141874&11,485426866585069&11,485426866585069&11,485426866585069&11,485426866585069&11,485426866585069&11,485426866585069&11,485426866585069&11,743693184231763&11,743693184231763&11,743693184231763&11,743693184231763&11,743693184231763&11,743693184231763&11,485426866585069&11,485426866585069&11,894971804511275&11,485426866585069&11,485426866585069&11,485426866585069&11,485426866585069&11,743693184231763&11,743693184231763&12,458507775119614&11,485426866585069&11,485426866585069&11,743693184231763&11,485426866585069&11,743693184231763&11,743693184231763&11,743693184231763&11,485426866585069&11,485426866585069&11,485426866585069&11,485426866585069&11,485426866585069&11,485426866585069&11,743693184231763&11,743693184231763&11,485426866585069&11,743693184231763&11,485426866585069&11,485426866585069&11,485426866585069&11,485426866585069&11,485426866585069&11,485426866585069&11,743693184231763&11,743693184231763&11,485426866585069&11,485426866585069&11,743693184231763&11,743693184231763&11,743693184231763&11,743693184231763&11,743693184231763&11,743693184231763&11,894971804511275&11,743693184231763&11,485426866585069&11,485426866585069&11,485426866585069&12,458507775119614&12,458507775119614&12,167643668466035&11,485426866585069&11,743693184231763&11,485426866585069&11,743693184231763&11,743693184231763&11,743693184231763&11,485426866585069&11,485426866585069&11,485426866585069&11,485426866585069&11,743693184231763&11,743693184231763&11,743693184231763&11,485426866585069&11,485426866585069&11,743693184231763&11,485426866585069&11,743693184231763&11,743693184231763&11,743693184231763&12,481862698861846&12,481862698861846&12,845011645962732&11,597599088446923&11,597599088446923&11,743693184231763&11,485426866585069&11,743693184231763&11,485426866585069&11,485426866585069&11,485426866585069&11,743693184231763&12,458507775119614&11,743693184231763&12,458507775119614&11,894971804511275&11,894971804511275&11,894971804511275&11,894971804511275&11,894971804511275&11,894971804511275&11,894971804511275&11,894971804511275&11,708230815860784&11,485426866585069&11,485426866585069&11,485426866585069&11,485426866585069&11,485426866585069&12,481862698861846&12,458507775119614&12,458507775119614&13,300749888492412&13,300749888492412&13,300749888492412&11,485426866585069&11,485426866585069&11,485426866585069&11,485426866585069&11,485426866585069&11,485426866585069&12,40456309041835&11,485426866585069&11,485426866585069&11,485426866585069&11,743693184231763&11,743693184231763&11,485426866585069&11,485426866585069&11,485426866585069&11,485426866585069&11,743693184231763&9,657189728328795&11,485426866585069&12,40456309041835&11,485426866585069&10,8475063861577&12,362521453089244&12,42700729927007&12,458507775119614&11,894971804511275&11,894971804511275&11,894971804511275&11,894971804511275&14,30296661793372&12,481862698861846&11,743693184231763&11,743693184231763&14,123981829573928&12,40456309041835&11,743693184231763&14,30296661793372&13,418703007518793&13,418703007518793&12,40456309041835&11,485426866585069&11,708230815860784&11,743693184231763&11,485426866585069&11,485426866585069&11,485426866585069&11,485426866585069&11,894971804511275&11,743693184231763&12,40456309041835&11,894971804511275&12,481862698861846&11,894971804511275&13,30271181001283&11,743693184231763&12,458507775119614&12,458507775119614&12,884965690435763&12,884965690435763&12,458507775119614&12,458507775119614&11,894971804511275&12,884965690435763&11,894971804511275&11,894971804511275&11,894971804511275&11,894971804511275&11,743693184231763&12,40456309041835&11,843780458089665&11,743693184231763&11,743693184231763&12,40456309041835&12,40456309041835&12,40456309041835&11,485426866585069&11,894971804511275&11,743693184231763&11,743693184231763&12,622389874141874&12,622389874141874&11,485426866585069&11,894971804511275&11,894971804511275&11,894971804511275&11,894971804511275&12,884965690435763&11,894971804511275&11,894971804511275&11,894971804511275&11,894971804511275&11,743693184231763&11,485426866585069&11,743693184231763&11,485426866585069&11,485426866585069&11,485426866585069&11,485426866585069&14,30296661793372&13,418703007518793&12,458507775119614&11,894971804511275&11,894971804511275&11,894971804511275&11,894971804511275&11,894971804511275&11,485426866585069&11,485426866585069&11,743693184231763&11,485426866585069&11,485426866585069&11,485426866585069&11,485426866585069&11,485426866585069&11,485426866585069&11,485426866585069&11,743693184231763&11,743693184231763&11,485426866585069&11,743693184231763&11,743693184231763&11,485426866585069&11,485426866585069&11,485426866585069&11,485426866585069&11,485426866585069&11,743693184231763&11,485426866585069&11,485426866585069&11,485426866585069&11,597599088446923&12,362521453089244&12,362521453089244&12,362521453089244&12,362521453089244&11,485426866585069&11,485426866585069&11,485426866585069&11,485426866585069&11,743693184231763&11,485426866585069&11,485426866585069&11,743693184231763&11,743693184231763&12,458507775119614&11,894971804511275&11,743693184231763&12,884965690435763&12,884965690435763&12,884965690435763&12,458507775119614&11,894971804511275&11,485426866585069&11,743693184231763&11,743693184231763&11,485426866585069&11,485426866585069&11,743693184231763&11,743693184231763&12,458507775119614&11,485426866585069&11,485426866585069&11,485426866585069&11,485426866585069&11,743693184231763&11,743693184231763&13,300749888492412&13,300749888492412&12,458507775119614&11,485426866585069&11,485426866585069&11,485426866585069&11,485426866585069&12,458507775119614&11,485426866585069&11,485426866585069&11,485426866585069&11,743693184231763&11,743693184231763&11,485426866585069&11,485426866585069&11,485426866585069&11,485426866585069&11,743693184231763&12,362521453089244&11,743693184231763&11,743693184231763&11,743693184231763&11,743693184231763&11,743693184231763&11,597599088446923&11,485426866585069&11,743693184231763&12,481862698861846&12,458507775119614&11,743693184231763&11,743693184231763&11,597599088446923&11,597599088446923&11,597599088446923&11,597599088446923&11,485426866585069&12,622389874141874&12,622389874141874&11,485426866585069&11,485426866585069&12,622389874141874&11,485426866585069&11,485426866585069&11,894971804511275&11,894971804511275&11,894971804511275&11,894971804511275&11,894971804511275&11,894971804511275&11,894971804511275&11,894971804511275&11,485426866585069&11,743693184231763&12,458507775119614&11,743693184231763&11,485426866585069&11,485426866585069&11,743693184231763&11,485426866585069&11,485426866585069&11,743693184231763&12,622389874141874&12,622389874141874&12,458507775119614&11,894971804511275&11,743693184231763&11,485426866585069&11,485426866585069&11,743693184231763&11,743693184231763&11,743693184231763&11,743693184231763&12,458507775119614&11,743693184231763&12,481862698861846&12,481862698861846&12,481862698861846&12,481862698861846&12,481862698861846&11,597599088446923&11,597599088446923&11,597599088446923&11,485426866585069&11,485426866585069&11,485426866585069&11,743693184231763&11,743693184231763&11,485426866585069&11,485426866585069&11,485426866585069&11,485426866585069&11,485426866585069&11,894971804511275&11,894971804511275&11,894971804511275&12,458507775119614&12,458507775119614&12,458507775119614&11,894971804511275&11,894971804511275&11,743693184231763&11,743693184231763&11,485426866585069&11,485426866585069&11,485426866585069&11,485426866585069&11,485426866585069&11,485426866585069&11,743693184231763&11,743693184231763&11,743693184231763&11,743693184231763&11,485426866585069&11,485426866585069&11,485426866585069&11,485426866585069&11,743693184231763&11,485426866585069&11,485426866585069&11,743693184231763&11,743693184231763&12,458507775119614&12,458507775119614&11,525350400457661&11,525350400457661&11,525350400457661&11,485426866585069&11,485426866585069&11,597599088446923&11,743693184231763&12,362521453089244&12,362521453089244&12,362521453089244&12,362521453089244&9,657189728328795&12,458507775119614&12,458507775119614&9,689196494295178&10,167264429085701&9,689196494295178&9,689196494295178&9,689196494295178&9,689196494295178&9,689196494295178&11,485426866585069&9,689196494295178&9,689196494295178&9,689196494295178&9,689196494295178&9,689196494295178&9,689196494295178&10,011916136655383&12,458507775119614&12,458507775119614&11,485426866585069&11,485426866585069&11,485426866585069&11,485426866585069&11,485426866585069&11,485426866585069&11,485426866585069&12,481862698861846&10,595218827925574&12,481862698861846&12,481862698861846&8,856907894736839&11,485426866585069&11,894971804511275&11,894971804511275&11,894971804511275&11,485426866585069&12,458507775119614&13,300749888492412&13,300749888492412&12,40456309041835&11,485426866585069&11,485426866585069&11,485426866585069&11,485426866585069&11,485426866585069&11,485426866585069&11,485426866585069&11,485426866585069&11,743693184231763&11,743693184231763&11,743693184231763&11,485426866585069&11,485426866585069&14,123981829573928&14,123981829573928&11,894971804511275&11,894971804511275&11,894971804511275&11,485426866585069&8,090317505720826&8,090317505720826&7,81122391107078&8,574356351015332&8,574356351015332&7,81122391107078&9,657189728328795&7,81122391107078&11,708230815860784&8,69159505907626&9,689196494295178&9,689196494295178&9,689196494295178&13,418703007518793&13,418703007518793&13,418703007518793&8,204185196222262&7,81122391107078&11,485426866585069&7,81122391107078&7,81122391107078&7,81122391107078&9,689196494295178&8,050333334551993&11,597599088446923&7,81122391107078&10,838499493927124&10,287987895705665&11,485426866585069&11,250725253938228&13,37850416607236&11,894971804511275"
17,20,1,0.8,2,600,11.4854268665851,65197,2,16,3,"10,287987895705665&10,8475063861577&10,8475063861577&11,485426866585069&11,894971804511275&11,743693184231763&11,894971804511275&11,894971804511275&11,485426866585069&11,485426866585069&11,485426866585069&11,743693184231763&12,458507775119614&12,458507775119614&11,485426866585069&11,485426866585069&11,485426866585069&11,485426866585069&11,485426866585069&11,485426866585069&11,485426866585069&12,458507775119614&11,485426866585069&11,485426866585069&11,485426866585069&11,743693184231763&11,485426866585069&11,485426866585069&11,485426866585069&12,458507775119614&12,458507775119614&11,485426866585069&12,365390997849026&11,743693184231763&11,743693184231763&11,743693184231763&11,485426866585069&11,743693184231763&12,458507775119614&11,743693184231763&11,743693184231763&11,485426866585069&11,743693184231763&11,485426866585069&11,485426866585069&11,485426866585069&11,485426866585069&11,485426866585069&11,485426866585069&11,485426866585069&11,694521080928126&11,485426866585069&11,485426866585069&11,485426866585069&11,894971804511275&11,894971804511275&11,894971804511275&11,894971804511275&11,894971804511275&11,485426866585069&11,485426866585069&11,843780458089665&11,894971804511275&13,418703007518793&11,843780458089665&12,622389874141874&12,622389874141874&12,622389874141874&12,75873655913978&14,30296661793372&13,418703007518793&11,894971804511275&11,743693184231763&11,485426866585069&11,597599088446923&12,362521453089244&12,362521453089244&12,090188601767046&12,090188601767046&12,090188601767046&11,894971804511275&11,894971804511275&13,418703007518793&11,894971804511275&12,458507775119614&11,485426866585069&11,743693184231763&12,622389874141874&12,622389874141874&11,485426866585069&11,485426866585069&11,485426866585069&11,485426866585069&11,485426866585069&11,485426866585069&11,485426866585069&11,743693184231763&11,743693184231763&11,743693184231763&11,743693184231763&11,743693184231763&11,743693184231763&11,485426866585069&11,485426866585069&11,894971804511275&11,485426866585069&11,485426866585069&11,485426866585069&11,485426866585069&11,743693184231763&11,743693184231763&12,458507775119614&11,485426866585069&11,485426866585069&11,743693184231763&11,485426866585069&11,743693184231763&11,743693184231763&11,743693184231763&11,485426866585069&11,485426866585069&11,485426866585069&11,485426866585069&11,485426866585069&11,485426866585069&11,743693184231763&11,743693184231763&11,485426866585069&11,743693184231763&11,485426866585069&11,485426866585069&11,485426866585069&11,485426866585069&11,485426866585069&11,485426866585069&11,743693184231763&11,743693184231763&11,485426866585069&11,485426866585069&11,743693184231763&11,743693184231763&11,743693184231763&11,743693184231763&11,743693184231763&11,743693184231763&11,894971804511275&11,743693184231763&11,485426866585069&11,485426866585069&11,485426866585069&12,458507775119614&12,458507775119614&12,167643668466035&11,485426866585069&11,743693184231763&11,485426866585069&11,743693184231763&11,743693184231763&11,743693184231763&11,485426866585069&11,485426866585069&11,485426866585069&11,485426866585069&11,743693184231763&11,743693184231763&11,743693184231763&11,485426866585069&11,485426866585069&11,743693184231763&11,485426866585069&11,743693184231763&11,743693184231763&11,743693184231763&12,481862698861846&12,481862698861846&12,845011645962732&11,597599088446923&11,597599088446923&11,743693184231763&11,485426866585069&11,743693184231763&11,485426866585069&11,485426866585069&11,485426866585069&11,743693184231763&12,458507775119614&11,743693184231763&12,458507775119614&11,894971804511275&11,894971804511275&11,894971804511275&11,894971804511275&11,894971804511275&11,894971804511275&11,894971804511275&11,894971804511275&11,708230815860784&11,485426866585069&11,485426866585069&11,485426866585069&11,485426866585069&11,485426866585069&12,481862698861846&12,458507775119614&12,458507775119614&13,300749888492412&13,300749888492412&13,300749888492412&11,485426866585069&11,485426866585069&11,485426866585069&11,485426866585069&11,485426866585069&11,485426866585069&12,40456309041835&11,485426866585069&11,485426866585069&11,485426866585069&11,743693184231763&11,743693184231763&11,485426866585069&11,485426866585069&11,485426866585069&11,485426866585069&11,743693184231763&9,657189728328795&11,485426866585069&12,40456309041835&11,485426866585069&10,8475063861577&12,362521453089244&12,42700729927007&12,458507775119614&11,894971804511275&11,894971804511275&11,894971804511275&11,894971804511275&14,30296661793372&12,481862698861846&11,743693184231763&11,743693184231763&14,123981829573928&12,40456309041835&11,743693184231763&14,30296661793372&13,418703007518793&13,418703007518793&12,40456309041835&11,485426866585069&11,708230815860784&11,743693184231763&11,485426866585069&11,485426866585069&11,485426866585069&11,485426866585069&11,894971804511275&11,743693184231763&12,40456309041835&11,894971804511275&12,481862698861846&11,894971804511275&13,30271181001283&11,743693184231763&12,458507775119614&12,458507775119614&12,884965690435763&12,884965690435763&12,458507775119614&12,458507775119614&11,894971804511275&12,884965690435763&11,894971804511275&11,894971804511275&11,894971804511275&11,894971804511275&11,743693184231763&12,40456309041835&11,843780458089665&11,743693184231763&11,743693184231763&12,40456309041835&12,40456309041835&12,40456309041835&11,485426866585069&11,894971804511275&11,743693184231763&11,743693184231763&12,622389874141874&12,622389874141874&11,485426866585069&11,894971804511275&11,894971804511275&11,894971804511275&11,894971804511275&12,884965690435763&11,894971804511275&11,894971804511275&11,894971804511275&11,894971804511275&11,743693184231763&11,485426866585069&11,743693184231763&11,485426866585069&11,485426866585069&11,485426866585069&11,485426866585069&14,30296661793372&13,418703007518793&12,458507775119614&11,894971804511275&11,894971804511275&11,894971804511275&11,894971804511275&11,894971804511275&11,485426866585069&11,485426866585069&11,743693184231763&11,485426866585069&11,485426866585069&11,485426866585069&11,485426866585069&11,485426866585069&11,485426866585069&11,485426866585069&11,743693184231763&11,743693184231763&11,485426866585069&11,743693184231763&11,743693184231763&11,485426866585069&11,485426866585069&11,485426866585069&11,485426866585069&11,485426866585069&11,743693184231763&11,485426866585069&11,485426866585069&11,485426866585069&11,597599088446923&12,362521453089244&12,362521453089244&12,362521453089244&12,362521453089244&11,485426866585069&11,485426866585069&11,485426866585069&11,485426866585069&11,743693184231763&11,485426866585069&11,485426866585069&11,743693184231763&11,743693184231763&12,458507775119614&11,894971804511275&11,743693184231763&12,884965690435763&12,884965690435763&12,884965690435763&12,458507775119614&11,894971804511275&11,485426866585069&11,743693184231763&11,743693184231763&11,485426866585069&11,485426866585069&11,743693184231763&11,743693184231763&12,458507775119614&11,485426866585069&11,485426866585069&11,485426866585069&11,485426866585069&11,743693184231763&11,743693184231763&13,300749888492412&13,300749888492412&12,458507775119614&11,485426866585069&11,485426866585069&11,485426866585069&11,485426866585069&12,458507775119614&11,485426866585069&11,485426866585069&11,485426866585069&11,743693184231763&11,743693184231763&11,485426866585069&11,485426866585069&11,485426866585069&11,485426866585069&11,743693184231763&12,362521453089244&11,743693184231763&11,743693184231763&11,743693184231763&11,743693184231763&11,743693184231763&11,597599088446923&11,485426866585069&11,743693184231763&12,481862698861846&12,458507775119614&11,743693184231763&11,743693184231763&11,597599088446923&11,597599088446923&11,597599088446923&11,597599088446923&11,485426866585069&12,622389874141874&12,622389874141874&11,485426866585069&11,485426866585069&12,622389874141874&11,485426866585069&11,485426866585069&11,894971804511275&11,894971804511275&11,894971804511275&11,894971804511275&11,894971804511275&11,894971804511275&11,894971804511275&11,894971804511275&11,485426866585069&11,743693184231763&12,458507775119614&11,743693184231763&11,485426866585069&11,485426866585069&11,743693184231763&11,485426866585069&11,485426866585069&11,743693184231763&12,622389874141874&12,622389874141874&12,458507775119614&11,894971804511275&11,743693184231763&11,485426866585069&11,485426866585069&11,743693184231763&11,743693184231763&11,743693184231763&11,743693184231763&12,458507775119614&11,743693184231763&12,481862698861846&12,481862698861846&12,481862698861846&12,481862698861846&12,481862698861846&11,597599088446923&11,597599088446923&11,597599088446923&11,485426866585069&11,485426866585069&11,485426866585069&11,743693184231763&11,743693184231763&11,485426866585069&11,485426866585069&11,485426866585069&11,485426866585069&11,485426866585069&11,894971804511275&11,894971804511275&11,894971804511275&12,458507775119614&12,458507775119614&12,458507775119614&11,894971804511275&11,894971804511275&11,743693184231763&11,743693184231763&11,485426866585069&11,485426866585069&11,485426866585069&11,485426866585069&11,485426866585069&11,485426866585069&11,743693184231763&11,743693184231763&11,743693184231763&11,743693184231763&11,485426866585069&11,485426866585069&11,485426866585069&11,485426866585069&11,743693184231763&11,485426866585069&11,485426866585069&11,743693184231763&11,743693184231763&12,458507775119614&12,458507775119614&11,525350400457661&11,525350400457661&11,525350400457661&11,485426866585069&11,485426866585069&11,597599088446923&11,743693184231763&12,362521453089244&12,362521453089244&12,362521453089244&12,362521453089244&9,657189728328795&12,458507775119614&12,458507775119614&9,689196494295178&10,167264429085701&9,689196494295178&9,689196494295178&9,689196494295178&9,689196494295178&9,689196494295178&11,485426866585069&9,689196494295178&9,689196494295178&9,689196494295178&9,689196494295178&9,689196494295178&9,689196494295178&10,011916136655383&12,458507775119614&12,458507775119614&11,485426866585069&11,485426866585069&11,485426866585069&11,485426866585069&11,485426866585069&11,485426866585069&11,485426866585069&12,481862698861846&10,595218827925574&12,481862698861846&12,481862698861846&8,856907894736839&11,485426866585069&11,894971804511275&11,894971804511275&11,894971804511275&11,485426866585069&12,458507775119614&13,300749888492412&13,300749888492412&12,40456309041835&11,485426866585069&11,485426866585069&11,485426866585069&11,485426866585069&11,485426866585069&11,485426866585069&11,485426866585069&11,485426866585069&11,743693184231763&11,743693184231763&11,743693184231763&11,485426866585069&11,485426866585069&14,123981829573928&14,123981829573928&11,894971804511275&11,894971804511275&11,894971804511275&11,485426866585069&8,090317505720826&8,090317505720826&7,81122391107078&8,574356351015332&8,574356351015332&7,81122391107078&9,657189728328795&7,81122391107078&11,708230815860784&8,69159505907626&9,689196494295178&9,689196494295178&9,689196494295178&13,418703007518793&13,418703007518793&13,418703007518793&8,204185196222262&7,81122391107078&11,485426866585069&7,81122391107078&7,81122391107078&7,81122391107078&9,689196494295178&8,050333334551993&11,597599088446923&7,81122391107078&10,838499493927124&10,287987895705665&11,485426866585069&11,485426866585069&11,485426866585069&11,485426866585069"
17,20,1,0.8,2,600,11.4854268665851,65529,2,16,3,"4,613445300853613&11,485426866585069&11,485426866585069&11,485426866585069&11,485426866585069&11,894971804511275&11,485426866585069&11,485426866585069&11,485426866585069&11,743693184231763&11,485426866585069&11,485426866585069&11,485426866585069&11,894971804511275&11,894971804511275&11,485426866585069&11,894971804511275&11,894971804511275&11,485426866585069&11,485426866585069&11,485426866585069&11,743693184231763&11,485426866585069&11,743693184231763&11,743693184231763&11,485426866585069&11,485426866585069&11,485426866585069&11,485426866585069&11,485426866585069&11,485426866585069&11,485426866585069&11,843780458089665&11,843780458089665&12,622389874141874&12,362521453089244&11,743693184231763&11,743693184231763&11,743693184231763&11,485426866585069&11,485426866585069&11,485426866585069&11,743693184231763&11,485426866585069&11,485426866585069&11,485426866585069&11,485426866585069&11,485426866585069&11,485426866585069&11,485426866585069&11,743693184231763&11,485426866585069&11,485426866585069&11,485426866585069&11,743693184231763&11,743693184231763&11,743693184231763&11,743693184231763&11,485426866585069&11,743693184231763&11,743693184231763&11,743693184231763&12,458507775119614&12,458507775119614&11,743693184231763&10,493552481374667&10,493552481374667&12,362521453089244&11,485426866585069&11,485426866585069&11,743693184231763&11,485426866585069&11,485426866585069&11,485426866585069&11,485426866585069&11,743693184231763&11,743693184231763&11,485426866585069&11,743693184231763&11,485426866585069&11,743693184231763&11,743693184231763&12,331066663480183&11,743693184231763&13,300749888492412&11,485426866585069&11,485426866585069&11,485426866585069&11,894971804511275&11,894971804511275&11,485426866585069&11,485426866585069&11,485426866585069&11,743693184231763&11,485426866585069&11,894971804511275&11,894971804511275&11,485426866585069&11,743693184231763&11,485426866585069&11,485426866585069&11,743693184231763&11,485426866585069&11,485426866585069&11,843780458089665&14,30296661793372&14,30296661793372&12,458507775119614&11,485426866585069&11,485426866585069&11,485426866585069&11,743693184231763&11,485426866585069&11,743693184231763&11,743693184231763&12,458507775119614&12,458507775119614&12,458507775119614&12,458507775119614&12,458507775119614&11,743693184231763&11,743693184231763&11,743693184231763&11,743693184231763&14,30296661793372&12,458507775119614&11,485426866585069&11,485426866585069&11,485426866585069&11,485426866585069&11,743693184231763&11,743693184231763&11,485426866585069&11,743693184231763&11,485426866585069&11,743693184231763&11,743693184231763&11,485426866585069&11,743693184231763&11,743693184231763&11,485426866585069&11,743693184231763&11,485426866585069&11,485426866585069&11,743693184231763&11,485426866585069&11,485426866585069&12,622389874141874&11,485426866585069&11,743693184231763&11,743693184231763&12,458507775119614&12,458507775119614&11,995927286892044&11,995927286892044&11,485426866585069&11,485426866585069&11,743693184231763&11,485426866585069&11,485426866585069&11,743693184231763&11,485426866585069&11,485426866585069&11,485426866585069&11,743693184231763&12,458507775119614&11,485426866585069&12,458507775119614&11,743693184231763&11,485426866585069&11,743693184231763&11,485426866585069&11,485426866585069&11,485426866585069&11,485426866585069&11,743693184231763&14,30296661793372&14,30296661793372&14,30296661793372&12,884965690435763&12,481862698861846&12,872596153846153&12,362521453089244&12,362521453089244&12,362521453089244&12,362521453089244&12,362521453089244&11,485426866585069&11,743693184231763&11,485426866585069&11,743693184231763&11,485426866585069&11,485426866585069&11,485426866585069&11,743693184231763&11,743693184231763&11,743693184231763&12,362521453089244&12,362521453089244&12,362521453089244&12,362521453089244&12,872596153846153&11,485426866585069&11,485426866585069&11,485426866585069&11,743693184231763&11,743693184231763&12,458507775119614&12,458507775119614&12,458507775119614&11,485426866585069&11,485426866585069&11,485426866585069&11,743693184231763&11,485426866585069&11,485426866585069&11,485426866585069&11,485426866585069&11,485426866585069&11,743693184231763&11,743693184231763&11,485426866585069&11,743693184231763&11,743693184231763&11,743693184231763&11,485426866585069&11,485426866585069&11,743693184231763&11,485426866585069&11,485426866585069&11,485426866585069&11,485426866585069&11,485426866585069&11,485426866585069&11,485426866585069&11,485426866585069&11,485426866585069&11,743693184231763&11,743693184231763&11,743693184231763&11,743693184231763&11,894971804511275&11,743693184231763&12,458507775119614&11,485426866585069&11,485426866585069&11,485426866585069&11,485426866585069&11,743693184231763&11,743693184231763&11,743693184231763&11,743693184231763&11,743693184231763&13,729275256377655&12,458507775119614&11,743693184231763&11,743693184231763&11,485426866585069&11,485426866585069&11,743693184231763&11,485426866585069&11,485426866585069&11,485426866585069&11,485426866585069&11,743693184231763&11,485426866585069&11,743693184231763&11,743693184231763&11,743693184231763&11,743693184231763&11,743693184231763&11,743693184231763&11,743693184231763&11,743693184231763&11,485426866585069&11,485426866585069&13,729275256377655&12,40456309041835&12,40456309041835&11,680477165541106&11,743693184231763&11,743693184231763&12,458507775119614&12,458507775119614&12,458507775119614&12,458507775119614&12,458507775119614&12,458507775119614&12,458507775119614&11,485426866585069&11,485426866585069&11,485426866585069&11,485426866585069&11,485426866585069&11,743693184231763&12,481862698861846&11,743693184231763&11,485426866585069&11,743693184231763&11,743693184231763&11,743693184231763&11,743693184231763&11,743693184231763&11,485426866585069&11,743693184231763&11,743693184231763&11,743693184231763&11,743693184231763&12,622389874141874&11,894971804511275&12,362521453089244&11,894971804511275&11,894971804511275&11,894971804511275&11,894971804511275&11,894971804511275&11,485426866585069&11,743693184231763&11,485426866585069&11,894971804511275&11,58208867949746&12,458507775119614&11,485426866585069&11,485426866585069&11,485426866585069&11,485426866585069&11,485426866585069&11,485426866585069&11,485426866585069&11,485426866585069&11,485426866585069&11,485426866585069&11,485426866585069&11,485426866585069&11,743693184231763&11,743693184231763&11,485426866585069&11,485426866585069&11,485426866585069&11,743693184231763&11,743693184231763&13,300749888492412&11,894971804511275&11,894971804511275&11,743693184231763&11,894971804511275&12,458507775119614&11,485426866585069&11,485426866585069&11,485426866585069&11,485426866585069&11,894971804511275&11,743693184231763&11,995927286892044&11,894971804511275&11,894971804511275&11,743693184231763&12,481862698861846&12,481862698861846&12,458507775119614&12,362521453089244&12,872596153846153&11,485426866585069&11,485426866585069&11,485426866585069&11,894971804511275&11,485426866585069&11,485426866585069&11,485426866585069&11,485426866585069&11,485426866585069&11,485426866585069&11,485426866585069&11,743693184231763&11,485426866585069&11,743693184231763&11,995927286892044&12,458507775119614&11,743693184231763&11,743693184231763&13,300749888492412&11,485426866585069&11,485426866585069&11,743693184231763&11,485426866585069&11,485426866585069&11,485426866585069&11,485426866585069&11,485426866585069&11,485426866585069&11,743693184231763&11,485426866585069&12,622389874141874&11,485426866585069&11,485426866585069&11,485426866585069&11,485426866585069&12,458507775119614&12,458507775119614&12,458507775119614&11,743693184231763&11,485426866585069&11,743693184231763&11,743693184231763&11,485426866585069&11,485426866585069&11,485426866585069&11,485426866585069&11,485426866585069&11,485426866585069&11,485426866585069&12,362521453089244&11,485426866585069&12,622389874141874&11,894971804511275&11,485426866585069&11,743693184231763&11,743693184231763&11,485426866585069&11,485426866585069&11,743693184231763&11,485426866585069&11,485426866585069&11,743693184231763&11,743693184231763&11,485426866585069&11,743693184231763&12,458507775119614&12,458507775119614&12,458507775119614&12,458507775119614&12,458507775119614&12,458507775119614&11,743693184231763&12,40456309041835&11,743693184231763&12,458507775119614&13,096281302641849&12,362521453089244&11,743693184231763&12,458507775119614&11,485426866585069&11,743693184231763&11,743693184231763&11,743693184231763&11,485426866585069&11,743693184231763&11,743693184231763&11,485426866585069&12,481862698861846&11,485426866585069&11,485426866585069&11,485426866585069&11,485426866585069&11,485426866585069&11,597599088446923&11,597599088446923&11,743693184231763&11,743693184231763&11,743693184231763&12,40456309041835&11,485426866585069&11,485426866585069&11,485426866585069&11,485426866585069&11,485426866585069&11,485426866585069&11,743693184231763&13,300749888492412&11,743693184231763&11,485426866585069&11,485426866585069&11,485426866585069&11,743693184231763&11,485426866585069&11,743693184231763&11,485426866585069&11,485426866585069&11,485426866585069&12,481862698861846&11,485426866585069&11,485426866585069&12,458507775119614&12,458507775119614&11,485426866585069&11,743693184231763&11,485426866585069&11,485426866585069&11,485426866585069&12,458507775119614&12,458507775119614&11,894971804511275&11,485426866585069&11,485426866585069&11,485426866585069&11,485426866585069&11,485426866585069&11,485426866585069&11,485426866585069&11,743693184231763&11,743693184231763&11,743693184231763&11,743693184231763&12,458507775119614&12,458507775119614&12,458507775119614&12,458507775119614&11,743693184231763&11,743693184231763&11,743693184231763&11,743693184231763&11,485426866585069&11,485426866585069&11,485426866585069&11,485426866585069&11,485426866585069&11,485426866585069&11,485426866585069&11,485426866585069&11,485426866585069&11,485426866585069&11,485426866585069&11,485426866585069&11,485426866585069&11,743693184231763&12,458507775119614&11,485426866585069&11,485426866585069&11,485426866585069&11,485426866585069&11,485426866585069&11,743693184231763&11,743693184231763&11,485426866585069&12,458507775119614&11,485426866585069&11,485426866585069&11,485426866585069&11,894971804511275&12,622389874141874&12,362521453089244&11,894971804511275&11,485426866585069&11,485426866585069&11,485426866585069&11,743693184231763&11,743693184231763&11,485426866585069&11,743693184231763&11,485426866585069&11,485426866585069&11,485426866585069&11,485426866585069&11,485426866585069&11,485426866585069&11,485426866585069&11,485426866585069&11,743693184231763&11,485426866585069&11,485426866585069&11,485426866585069&11,743693184231763&11,743693184231763&12,458507775119614&11,743693184231763&11,743693184231763&11,743693184231763&11,743693184231763&11,743693184231763&11,743693184231763&11,485426866585069&11,743693184231763&11,485426866585069&11,485426866585069&11,485426866585069&11,485426866585069&11,743693184231763&11,743693184231763&11,743693184231763&11,743693184231763&11,485426866585069&12,362521453089244&11,485426866585069&11,743693184231763&11,743693184231763&11,743693184231763&11,485426866585069&11,743693184231763&11,743693184231763&11,485426866585069&11,485426866585069&11,743693184231763&12,362521453089244&13,317940283400809&11,485426866585069&11,743693184231763&11,743693184231763&11,743693184231763&11,485426866585069&11,485426866585069"
17,20,1,0.8,2,600,11.7436931842318,65719,4,8,2,"4,613445300853613&11,485426866585069&11,485426866585069&11,485426866585069&11,485426866585069&11,894971804511275&11,485426866585069&11,485426866585069&11,485426866585069&11,743693184231763&11,485426866585069&11,485426866585069&11,485426866585069&11,894971804511275&11,894971804511275&11,485426866585069&11,894971804511275&11,894971804511275&11,485426866585069&11,485426866585069&11,485426866585069&11,743693184231763&11,485426866585069&11,743693184231763&11,743693184231763&11,485426866585069&11,485426866585069&11,485426866585069&11,485426866585069&11,485426866585069&11,485426866585069&11,485426866585069&11,843780458089665&11,843780458089665&12,622389874141874&12,362521453089244&11,743693184231763&11,743693184231763&11,743693184231763&11,485426866585069&11,485426866585069&11,485426866585069&11,743693184231763&11,485426866585069&11,485426866585069&11,485426866585069&11,485426866585069&11,485426866585069&11,485426866585069&11,485426866585069&11,743693184231763&11,485426866585069&11,485426866585069&11,485426866585069&11,743693184231763&11,743693184231763&11,743693184231763&11,743693184231763&11,485426866585069&11,743693184231763&11,743693184231763&11,743693184231763&12,458507775119614&12,458507775119614&11,743693184231763&10,493552481374667&10,493552481374667&12,362521453089244&11,485426866585069&11,485426866585069&11,743693184231763&11,485426866585069&11,485426866585069&11,485426866585069&11,485426866585069&11,743693184231763&11,743693184231763&11,485426866585069&11,743693184231763&11,485426866585069&11,743693184231763&11,743693184231763&12,331066663480183&11,743693184231763&13,300749888492412&11,485426866585069&11,485426866585069&11,485426866585069&11,894971804511275&11,894971804511275&11,485426866585069&11,485426866585069&11,485426866585069&11,743693184231763&11,485426866585069&11,894971804511275&11,894971804511275&11,485426866585069&11,743693184231763&11,485426866585069&11,485426866585069&11,743693184231763&11,485426866585069&11,485426866585069&11,843780458089665&14,30296661793372&14,30296661793372&12,458507775119614&11,485426866585069&11,485426866585069&11,485426866585069&11,743693184231763&11,485426866585069&11,743693184231763&11,743693184231763&12,458507775119614&12,458507775119614&12,458507775119614&12,458507775119614&12,458507775119614&11,743693184231763&11,743693184231763&11,743693184231763&11,743693184231763&14,30296661793372&12,458507775119614&11,485426866585069&11,485426866585069&11,485426866585069&11,485426866585069&11,743693184231763&11,743693184231763&11,485426866585069&11,743693184231763&11,485426866585069&11,743693184231763&11,743693184231763&11,485426866585069&11,743693184231763&11,743693184231763&11,485426866585069&11,743693184231763&11,485426866585069&11,485426866585069&11,743693184231763&11,485426866585069&11,485426866585069&12,622389874141874&11,485426866585069&11,743693184231763&11,743693184231763&12,458507775119614&12,458507775119614&11,995927286892044&11,995927286892044&11,485426866585069&11,485426866585069&11,743693184231763&11,485426866585069&11,485426866585069&11,743693184231763&11,485426866585069&11,485426866585069&11,485426866585069&11,743693184231763&12,458507775119614&11,485426866585069&12,458507775119614&11,743693184231763&11,485426866585069&11,743693184231763&11,485426866585069&11,485426866585069&11,485426866585069&11,485426866585069&11,743693184231763&14,30296661793372&14,30296661793372&14,30296661793372&12,884965690435763&12,481862698861846&12,872596153846153&12,362521453089244&12,362521453089244&12,362521453089244&12,362521453089244&12,362521453089244&11,485426866585069&11,743693184231763&11,485426866585069&11,743693184231763&11,485426866585069&11,485426866585069&11,485426866585069&11,743693184231763&11,743693184231763&11,743693184231763&12,362521453089244&12,362521453089244&12,362521453089244&12,362521453089244&12,872596153846153&11,485426866585069&11,485426866585069&11,485426866585069&11,743693184231763&11,743693184231763&12,458507775119614&12,458507775119614&12,458507775119614&11,485426866585069&11,485426866585069&11,485426866585069&11,743693184231763&11,485426866585069&11,485426866585069&11,485426866585069&11,485426866585069&11,485426866585069&11,743693184231763&11,743693184231763&11,485426866585069&11,743693184231763&11,743693184231763&11,743693184231763&11,485426866585069&11,485426866585069&11,743693184231763&11,485426866585069&11,485426866585069&11,485426866585069&11,485426866585069&11,485426866585069&11,485426866585069&11,485426866585069&11,485426866585069&11,485426866585069&11,743693184231763&11,743693184231763&11,743693184231763&11,743693184231763&11,894971804511275&11,743693184231763&12,458507775119614&11,485426866585069&11,485426866585069&11,485426866585069&11,485426866585069&11,743693184231763&11,743693184231763&11,743693184231763&11,743693184231763&11,743693184231763&13,729275256377655&12,458507775119614&11,743693184231763&11,743693184231763&11,485426866585069&11,485426866585069&11,743693184231763&11,485426866585069&11,485426866585069&11,485426866585069&11,485426866585069&11,743693184231763&11,485426866585069&11,743693184231763&11,743693184231763&11,743693184231763&11,743693184231763&11,743693184231763&11,743693184231763&11,743693184231763&11,743693184231763&11,485426866585069&11,485426866585069&13,729275256377655&12,40456309041835&12,40456309041835&11,680477165541106&11,743693184231763&11,743693184231763&12,458507775119614&12,458507775119614&12,458507775119614&12,458507775119614&12,458507775119614&12,458507775119614&12,458507775119614&11,485426866585069&11,485426866585069&11,485426866585069&11,485426866585069&11,485426866585069&11,743693184231763&12,481862698861846&11,743693184231763&11,485426866585069&11,743693184231763&11,743693184231763&11,743693184231763&11,743693184231763&11,743693184231763&11,485426866585069&11,743693184231763&11,743693184231763&11,743693184231763&11,743693184231763&12,622389874141874&11,894971804511275&12,362521453089244&11,894971804511275&11,894971804511275&11,894971804511275&11,894971804511275&11,894971804511275&11,485426866585069&11,743693184231763&11,485426866585069&11,894971804511275&11,58208867949746&12,458507775119614&11,485426866585069&11,485426866585069&11,485426866585069&11,485426866585069&11,485426866585069&11,485426866585069&11,485426866585069&11,485426866585069&11,485426866585069&11,485426866585069&11,485426866585069&11,485426866585069&11,743693184231763&11,743693184231763&11,485426866585069&11,485426866585069&11,485426866585069&11,743693184231763&11,743693184231763&13,300749888492412&11,894971804511275&11,894971804511275&11,743693184231763&11,894971804511275&12,458507775119614&11,485426866585069&11,485426866585069&11,485426866585069&11,485426866585069&11,894971804511275&11,743693184231763&11,995927286892044&11,894971804511275&11,894971804511275&11,743693184231763&12,481862698861846&12,481862698861846&12,458507775119614&12,362521453089244&12,872596153846153&11,485426866585069&11,485426866585069&11,485426866585069&11,894971804511275&11,485426866585069&11,485426866585069&11,485426866585069&11,485426866585069&11,485426866585069&11,485426866585069&11,485426866585069&11,743693184231763&11,485426866585069&11,743693184231763&11,995927286892044&12,458507775119614&11,743693184231763&11,743693184231763&13,300749888492412&11,485426866585069&11,485426866585069&11,743693184231763&11,485426866585069&11,485426866585069&11,485426866585069&11,485426866585069&11,485426866585069&11,485426866585069&11,743693184231763&11,485426866585069&12,622389874141874&11,485426866585069&11,485426866585069&11,485426866585069&11,485426866585069&12,458507775119614&12,458507775119614&12,458507775119614&11,743693184231763&11,485426866585069&11,743693184231763&11,743693184231763&11,485426866585069&11,485426866585069&11,485426866585069&11,485426866585069&11,485426866585069&11,485426866585069&11,485426866585069&12,362521453089244&11,485426866585069&12,622389874141874&11,894971804511275&11,485426866585069&11,743693184231763&11,743693184231763&11,485426866585069&11,485426866585069&11,743693184231763&11,485426866585069&11,485426866585069&11,743693184231763&11,743693184231763&11,485426866585069&11,743693184231763&12,458507775119614&12,458507775119614&12,458507775119614&12,458507775119614&12,458507775119614&12,458507775119614&11,743693184231763&12,40456309041835&11,743693184231763&12,458507775119614&13,096281302641849&12,362521453089244&11,743693184231763&12,458507775119614&11,485426866585069&11,743693184231763&11,743693184231763&11,743693184231763&11,485426866585069&11,743693184231763&11,743693184231763&11,485426866585069&12,481862698861846&11,485426866585069&11,485426866585069&11,485426866585069&11,485426866585069&11,485426866585069&11,597599088446923&11,597599088446923&11,743693184231763&11,743693184231763&11,743693184231763&12,40456309041835&11,485426866585069&11,485426866585069&11,485426866585069&11,485426866585069&11,485426866585069&11,485426866585069&11,743693184231763&13,300749888492412&11,743693184231763&11,485426866585069&11,485426866585069&11,485426866585069&11,743693184231763&11,485426866585069&11,743693184231763&11,485426866585069&11,485426866585069&11,485426866585069&12,481862698861846&11,485426866585069&11,485426866585069&12,458507775119614&12,458507775119614&11,485426866585069&11,743693184231763&11,485426866585069&11,485426866585069&11,485426866585069&12,458507775119614&12,458507775119614&11,894971804511275&11,485426866585069&11,485426866585069&11,485426866585069&11,485426866585069&11,485426866585069&11,485426866585069&11,485426866585069&11,743693184231763&11,743693184231763&11,743693184231763&11,743693184231763&12,458507775119614&12,458507775119614&12,458507775119614&12,458507775119614&11,743693184231763&11,743693184231763&11,743693184231763&11,743693184231763&11,485426866585069&11,485426866585069&11,485426866585069&11,485426866585069&11,485426866585069&11,485426866585069&11,485426866585069&11,485426866585069&11,485426866585069&11,485426866585069&11,485426866585069&11,485426866585069&11,485426866585069&11,743693184231763&12,458507775119614&11,485426866585069&11,485426866585069&11,485426866585069&11,485426866585069&11,485426866585069&11,743693184231763&11,743693184231763&11,485426866585069&12,458507775119614&11,485426866585069&11,485426866585069&11,485426866585069&11,894971804511275&12,622389874141874&12,362521453089244&11,894971804511275&11,485426866585069&11,485426866585069&11,485426866585069&11,743693184231763&11,743693184231763&11,485426866585069&11,743693184231763&11,485426866585069&11,485426866585069&11,485426866585069&11,485426866585069&11,485426866585069&11,485426866585069&11,485426866585069&11,485426866585069&11,743693184231763&11,485426866585069&11,485426866585069&11,485426866585069&11,743693184231763&11,743693184231763&12,458507775119614&11,743693184231763&11,743693184231763&11,743693184231763&11,743693184231763&11,743693184231763&11,743693184231763&11,485426866585069&11,743693184231763&11,485426866585069&11,485426866585069&11,485426866585069&11,485426866585069&11,743693184231763&11,743693184231763&11,743693184231763&11,743693184231763&11,485426866585069&12,362521453089244&11,485426866585069&11,743693184231763&11,743693184231763&11,743693184231763&11,485426866585069&11,743693184231763&11,743693184231763&11,485426866585069&12,622389874141874&11,485426866585069&11,743693184231763&11,485426866585069&11,485426866585069&11,743693184231763&11,485426866585069&11,485426866585069&11,743693184231763&11,743693184231763"
17,20,1,0.8,2,600,11.4854268665851,65789,2,16,3,"4,613445300853613&11,485426866585069&11,485426866585069&11,485426866585069&11,485426866585069&11,894971804511275&11,485426866585069&11,485426866585069&11,485426866585069&11,743693184231763&11,485426866585069&11,485426866585069&11,485426866585069&11,894971804511275&11,894971804511275&11,485426866585069&11,894971804511275&11,894971804511275&11,485426866585069&11,485426866585069&11,485426866585069&11,743693184231763&11,485426866585069&11,743693184231763&11,743693184231763&11,485426866585069&11,485426866585069&11,485426866585069&11,485426866585069&11,485426866585069&11,485426866585069&11,485426866585069&11,843780458089665&11,843780458089665&12,622389874141874&12,362521453089244&11,743693184231763&11,743693184231763&11,743693184231763&11,485426866585069&11,485426866585069&11,485426866585069&11,743693184231763&11,485426866585069&11,485426866585069&11,485426866585069&11,485426866585069&11,485426866585069&11,485426866585069&11,485426866585069&11,743693184231763&11,485426866585069&11,485426866585069&11,485426866585069&11,743693184231763&11,743693184231763&11,743693184231763&11,743693184231763&11,485426866585069&11,743693184231763&11,743693184231763&11,743693184231763&12,458507775119614&12,458507775119614&11,743693184231763&10,493552481374667&10,493552481374667&12,362521453089244&11,485426866585069&11,485426866585069&11,743693184231763&11,485426866585069&11,485426866585069&11,485426866585069&11,485426866585069&11,743693184231763&11,743693184231763&11,485426866585069&11,743693184231763&11,485426866585069&11,743693184231763&11,743693184231763&12,331066663480183&11,743693184231763&13,300749888492412&11,485426866585069&11,485426866585069&11,485426866585069&11,894971804511275&11,894971804511275&11,485426866585069&11,485426866585069&11,485426866585069&11,743693184231763&11,485426866585069&11,894971804511275&11,894971804511275&11,485426866585069&11,743693184231763&11,485426866585069&11,485426866585069&11,743693184231763&11,485426866585069&11,485426866585069&11,843780458089665&14,30296661793372&14,30296661793372&12,458507775119614&11,485426866585069&11,485426866585069&11,485426866585069&11,743693184231763&11,485426866585069&11,743693184231763&11,743693184231763&12,458507775119614&12,458507775119614&12,458507775119614&12,458507775119614&12,458507775119614&11,743693184231763&11,743693184231763&11,743693184231763&11,743693184231763&14,30296661793372&12,458507775119614&11,485426866585069&11,485426866585069&11,485426866585069&11,485426866585069&11,743693184231763&11,743693184231763&11,485426866585069&11,743693184231763&11,485426866585069&11,743693184231763&11,743693184231763&11,485426866585069&11,743693184231763&11,743693184231763&11,485426866585069&11,743693184231763&11,485426866585069&11,485426866585069&11,743693184231763&11,485426866585069&11,485426866585069&12,622389874141874&11,485426866585069&11,743693184231763&11,743693184231763&12,458507775119614&12,458507775119614&11,995927286892044&11,995927286892044&11,485426866585069&11,485426866585069&11,743693184231763&11,485426866585069&11,485426866585069&11,743693184231763&11,485426866585069&11,485426866585069&11,485426866585069&11,743693184231763&12,458507775119614&11,485426866585069&12,458507775119614&11,743693184231763&11,485426866585069&11,743693184231763&11,485426866585069&11,485426866585069&11,485426866585069&11,485426866585069&11,743693184231763&14,30296661793372&14,30296661793372&14,30296661793372&12,884965690435763&12,481862698861846&12,872596153846153&12,362521453089244&12,362521453089244&12,362521453089244&12,362521453089244&12,362521453089244&11,485426866585069&11,743693184231763&11,485426866585069&11,743693184231763&11,485426866585069&11,485426866585069&11,485426866585069&11,743693184231763&11,743693184231763&11,743693184231763&12,362521453089244&12,362521453089244&12,362521453089244&12,362521453089244&12,872596153846153&11,485426866585069&11,485426866585069&11,485426866585069&11,743693184231763&11,743693184231763&12,458507775119614&12,458507775119614&12,458507775119614&11,485426866585069&11,485426866585069&11,485426866585069&11,743693184231763&11,485426866585069&11,485426866585069&11,485426866585069&11,485426866585069&11,485426866585069&11,743693184231763&11,743693184231763&11,485426866585069&11,743693184231763&11,743693184231763&11,743693184231763&11,485426866585069&11,485426866585069&11,743693184231763&11,485426866585069&11,485426866585069&11,485426866585069&11,485426866585069&11,485426866585069&11,485426866585069&11,485426866585069&11,485426866585069&11,485426866585069&11,743693184231763&11,743693184231763&11,743693184231763&11,743693184231763&11,894971804511275&11,743693184231763&12,458507775119614&11,485426866585069&11,485426866585069&11,485426866585069&11,485426866585069&11,743693184231763&11,743693184231763&11,743693184231763&11,743693184231763&11,743693184231763&13,729275256377655&12,458507775119614&11,743693184231763&11,743693184231763&11,485426866585069&11,485426866585069&11,743693184231763&11,485426866585069&11,485426866585069&11,485426866585069&11,485426866585069&11,743693184231763&11,485426866585069&11,743693184231763&11,743693184231763&11,743693184231763&11,743693184231763&11,743693184231763&11,743693184231763&11,743693184231763&11,743693184231763&11,485426866585069&11,485426866585069&13,729275256377655&12,40456309041835&12,40456309041835&11,680477165541106&11,743693184231763&11,743693184231763&12,458507775119614&12,458507775119614&12,458507775119614&12,458507775119614&12,458507775119614&12,458507775119614&12,458507775119614&11,485426866585069&11,485426866585069&11,485426866585069&11,485426866585069&11,485426866585069&11,743693184231763&12,481862698861846&11,743693184231763&11,485426866585069&11,743693184231763&11,743693184231763&11,743693184231763&11,743693184231763&11,743693184231763&11,485426866585069&11,743693184231763&11,743693184231763&11,743693184231763&11,743693184231763&12,622389874141874&11,894971804511275&12,362521453089244&11,894971804511275&11,894971804511275&11,894971804511275&11,894971804511275&11,894971804511275&11,485426866585069&11,743693184231763&11,485426866585069&11,894971804511275&11,58208867949746&12,458507775119614&11,485426866585069&11,485426866585069&11,485426866585069&11,485426866585069&11,485426866585069&11,485426866585069&11,485426866585069&11,485426866585069&11,485426866585069&11,485426866585069&11,485426866585069&11,485426866585069&11,743693184231763&11,743693184231763&11,485426866585069&11,485426866585069&11,485426866585069&11,743693184231763&11,743693184231763&13,300749888492412&11,894971804511275&11,894971804511275&11,743693184231763&11,894971804511275&12,458507775119614&11,485426866585069&11,485426866585069&11,485426866585069&11,485426866585069&11,894971804511275&11,743693184231763&11,995927286892044&11,894971804511275&11,894971804511275&11,743693184231763&12,481862698861846&12,481862698861846&12,458507775119614&12,362521453089244&12,872596153846153&11,485426866585069&11,485426866585069&11,485426866585069&11,894971804511275&11,485426866585069&11,485426866585069&11,485426866585069&11,485426866585069&11,485426866585069&11,485426866585069&11,485426866585069&11,743693184231763&11,485426866585069&11,743693184231763&11,995927286892044&12,458507775119614&11,743693184231763&11,743693184231763&13,300749888492412&11,485426866585069&11,485426866585069&11,743693184231763&11,485426866585069&11,485426866585069&11,485426866585069&11,485426866585069&11,485426866585069&11,485426866585069&11,743693184231763&11,485426866585069&12,622389874141874&11,485426866585069&11,485426866585069&11,485426866585069&11,485426866585069&12,458507775119614&12,458507775119614&12,458507775119614&11,743693184231763&11,485426866585069&11,743693184231763&11,743693184231763&11,485426866585069&11,485426866585069&11,485426866585069&11,485426866585069&11,485426866585069&11,485426866585069&11,485426866585069&12,362521453089244&11,485426866585069&12,622389874141874&11,894971804511275&11,485426866585069&11,743693184231763&11,743693184231763&11,485426866585069&11,485426866585069&11,743693184231763&11,485426866585069&11,485426866585069&11,743693184231763&11,743693184231763&11,485426866585069&11,743693184231763&12,458507775119614&12,458507775119614&12,458507775119614&12,458507775119614&12,458507775119614&12,458507775119614&11,743693184231763&12,40456309041835&11,743693184231763&12,458507775119614&13,096281302641849&12,362521453089244&11,743693184231763&12,458507775119614&11,485426866585069&11,743693184231763&11,743693184231763&11,743693184231763&11,485426866585069&11,743693184231763&11,743693184231763&11,485426866585069&12,481862698861846&11,485426866585069&11,485426866585069&11,485426866585069&11,485426866585069&11,485426866585069&11,597599088446923&11,597599088446923&11,743693184231763&11,743693184231763&11,743693184231763&12,40456309041835&11,485426866585069&11,485426866585069&11,485426866585069&11,485426866585069&11,485426866585069&11,485426866585069&11,743693184231763&13,300749888492412&11,743693184231763&11,485426866585069&11,485426866585069&11,485426866585069&11,743693184231763&11,485426866585069&11,743693184231763&11,485426866585069&11,485426866585069&11,485426866585069&12,481862698861846&11,485426866585069&11,485426866585069&12,458507775119614&12,458507775119614&11,485426866585069&11,743693184231763&11,485426866585069&11,485426866585069&11,485426866585069&12,458507775119614&12,458507775119614&11,894971804511275&11,485426866585069&11,485426866585069&11,485426866585069&11,485426866585069&11,485426866585069&11,485426866585069&11,485426866585069&11,743693184231763&11,743693184231763&11,743693184231763&11,743693184231763&12,458507775119614&12,458507775119614&12,458507775119614&12,458507775119614&11,743693184231763&11,743693184231763&11,743693184231763&11,743693184231763&11,485426866585069&11,485426866585069&11,485426866585069&11,485426866585069&11,485426866585069&11,485426866585069&11,485426866585069&11,485426866585069&11,485426866585069&11,485426866585069&11,485426866585069&11,485426866585069&11,485426866585069&11,743693184231763&12,458507775119614&11,485426866585069&11,485426866585069&11,485426866585069&11,485426866585069&11,485426866585069&11,743693184231763&11,743693184231763&11,485426866585069&12,458507775119614&11,485426866585069&11,485426866585069&11,485426866585069&11,894971804511275&12,622389874141874&12,362521453089244&11,894971804511275&11,485426866585069&11,485426866585069&11,485426866585069&11,743693184231763&11,743693184231763&11,485426866585069&11,743693184231763&11,485426866585069&11,485426866585069&11,485426866585069&11,485426866585069&11,485426866585069&11,485426866585069&11,485426866585069&11,485426866585069&11,743693184231763&11,485426866585069&11,485426866585069&11,485426866585069&11,743693184231763&11,743693184231763&12,458507775119614&11,743693184231763&11,743693184231763&11,743693184231763&11,743693184231763&11,743693184231763&11,743693184231763&11,485426866585069&11,743693184231763&11,485426866585069&11,485426866585069&11,485426866585069&11,485426866585069&11,743693184231763&11,743693184231763&11,743693184231763&11,743693184231763&11,485426866585069&12,362521453089244&11,485426866585069&11,743693184231763&11,743693184231763&11,743693184231763&11,485426866585069&11,743693184231763&11,743693184231763&11,485426866585069&11,485426866585069&11,485426866585069&11,485426866585069&11,485426866585069&11,743693184231763&11,485426866585069&11,485426866585069&11,743693184231763&11,743693184231763&11,485426866585069"
17,20,1,0.8,2,600,11.4854268665851,66167,2,16,3,"10,287987895705665&10,8475063861577&10,8475063861577&11,485426866585069&11,894971804511275&11,743693184231763&11,894971804511275&11,894971804511275&11,485426866585069&11,485426866585069&11,485426866585069&11,743693184231763&12,458507775119614&12,458507775119614&11,485426866585069&11,485426866585069&11,485426866585069&11,485426866585069&11,485426866585069&11,485426866585069&11,485426866585069&12,458507775119614&11,485426866585069&11,485426866585069&11,485426866585069&11,743693184231763&11,485426866585069&11,485426866585069&11,485426866585069&12,458507775119614&12,458507775119614&11,485426866585069&12,365390997849026&11,743693184231763&11,743693184231763&11,743693184231763&11,485426866585069&11,743693184231763&12,458507775119614&11,743693184231763&11,743693184231763&11,485426866585069&11,743693184231763&11,485426866585069&11,485426866585069&11,485426866585069&11,485426866585069&11,485426866585069&11,485426866585069&11,485426866585069&11,694521080928126&11,485426866585069&11,485426866585069&11,485426866585069&11,894971804511275&11,894971804511275&11,894971804511275&11,894971804511275&11,894971804511275&11,485426866585069&11,485426866585069&11,843780458089665&11,894971804511275&13,418703007518793&11,843780458089665&12,622389874141874&12,622389874141874&12,622389874141874&12,75873655913978&14,30296661793372&13,418703007518793&11,894971804511275&11,743693184231763&11,485426866585069&11,597599088446923&12,362521453089244&12,362521453089244&12,090188601767046&12,090188601767046&12,090188601767046&11,894971804511275&11,894971804511275&13,418703007518793&11,894971804511275&12,458507775119614&11,485426866585069&11,743693184231763&12,622389874141874&12,622389874141874&11,485426866585069&11,485426866585069&11,485426866585069&11,485426866585069&11,485426866585069&11,485426866585069&11,485426866585069&11,743693184231763&11,743693184231763&11,743693184231763&11,743693184231763&11,743693184231763&11,743693184231763&11,485426866585069&11,485426866585069&11,894971804511275&11,485426866585069&11,485426866585069&11,485426866585069&11,485426866585069&11,743693184231763&11,743693184231763&12,458507775119614&11,485426866585069&11,485426866585069&11,743693184231763&11,485426866585069&11,743693184231763&11,743693184231763&11,743693184231763&11,485426866585069&11,485426866585069&11,485426866585069&11,485426866585069&11,485426866585069&11,485426866585069&11,743693184231763&11,743693184231763&11,485426866585069&11,743693184231763&11,485426866585069&11,485426866585069&11,485426866585069&11,485426866585069&11,485426866585069&11,485426866585069&11,743693184231763&11,743693184231763&11,485426866585069&11,485426866585069&11,743693184231763&11,743693184231763&11,743693184231763&11,743693184231763&11,743693184231763&11,743693184231763&11,894971804511275&11,743693184231763&11,485426866585069&11,485426866585069&11,485426866585069&12,458507775119614&12,458507775119614&12,167643668466035&11,485426866585069&11,743693184231763&11,485426866585069&11,743693184231763&11,743693184231763&11,743693184231763&11,485426866585069&11,485426866585069&11,485426866585069&11,485426866585069&11,743693184231763&11,743693184231763&11,743693184231763&11,485426866585069&11,485426866585069&11,743693184231763&11,485426866585069&11,743693184231763&11,743693184231763&11,743693184231763&12,481862698861846&12,481862698861846&12,845011645962732&11,597599088446923&11,597599088446923&11,743693184231763&11,485426866585069&11,743693184231763&11,485426866585069&11,485426866585069&11,485426866585069&11,743693184231763&12,458507775119614&11,743693184231763&12,458507775119614&11,894971804511275&11,894971804511275&11,894971804511275&11,894971804511275&11,894971804511275&11,894971804511275&11,894971804511275&11,894971804511275&11,708230815860784&11,485426866585069&11,485426866585069&11,485426866585069&11,485426866585069&11,485426866585069&12,481862698861846&12,458507775119614&12,458507775119614&13,300749888492412&13,300749888492412&13,300749888492412&11,485426866585069&11,485426866585069&11,485426866585069&11,485426866585069&11,485426866585069&11,485426866585069&12,40456309041835&11,485426866585069&11,485426866585069&11,485426866585069&11,743693184231763&11,743693184231763&11,485426866585069&11,485426866585069&11,485426866585069&11,485426866585069&11,743693184231763&9,657189728328795&11,485426866585069&12,40456309041835&11,485426866585069&10,8475063861577&12,362521453089244&12,42700729927007&12,458507775119614&11,894971804511275&11,894971804511275&11,894971804511275&11,894971804511275&14,30296661793372&12,481862698861846&11,743693184231763&11,743693184231763&14,123981829573928&12,40456309041835&11,743693184231763&14,30296661793372&13,418703007518793&13,418703007518793&12,40456309041835&11,485426866585069&11,708230815860784&11,743693184231763&11,485426866585069&11,485426866585069&11,485426866585069&11,485426866585069&11,894971804511275&11,743693184231763&12,40456309041835&11,894971804511275&12,481862698861846&11,894971804511275&13,30271181001283&11,743693184231763&12,458507775119614&12,458507775119614&12,884965690435763&12,884965690435763&12,458507775119614&12,458507775119614&11,894971804511275&12,884965690435763&11,894971804511275&11,894971804511275&11,894971804511275&11,894971804511275&11,743693184231763&12,40456309041835&11,843780458089665&11,743693184231763&11,743693184231763&12,40456309041835&12,40456309041835&12,40456309041835&11,485426866585069&11,894971804511275&11,743693184231763&11,743693184231763&12,622389874141874&12,622389874141874&11,485426866585069&11,894971804511275&11,894971804511275&11,894971804511275&11,894971804511275&12,884965690435763&11,894971804511275&11,894971804511275&11,894971804511275&11,894971804511275&11,743693184231763&11,485426866585069&11,743693184231763&11,485426866585069&11,485426866585069&11,485426866585069&11,485426866585069&14,30296661793372&13,418703007518793&12,458507775119614&11,894971804511275&11,894971804511275&11,894971804511275&11,894971804511275&11,894971804511275&11,485426866585069&11,485426866585069&11,743693184231763&11,485426866585069&11,485426866585069&11,485426866585069&11,485426866585069&11,485426866585069&11,485426866585069&11,485426866585069&11,743693184231763&11,743693184231763&11,485426866585069&11,743693184231763&11,743693184231763&11,485426866585069&11,485426866585069&11,485426866585069&11,485426866585069&11,485426866585069&11,743693184231763&11,485426866585069&11,485426866585069&11,485426866585069&11,597599088446923&12,362521453089244&12,362521453089244&12,362521453089244&12,362521453089244&11,485426866585069&11,485426866585069&11,485426866585069&11,485426866585069&11,743693184231763&11,485426866585069&11,485426866585069&11,743693184231763&11,743693184231763&12,458507775119614&11,894971804511275&11,743693184231763&12,884965690435763&12,884965690435763&12,884965690435763&12,458507775119614&11,894971804511275&11,485426866585069&11,743693184231763&11,743693184231763&11,485426866585069&11,485426866585069&11,743693184231763&11,743693184231763&12,458507775119614&11,485426866585069&11,485426866585069&11,485426866585069&11,485426866585069&11,743693184231763&11,743693184231763&13,300749888492412&13,300749888492412&12,458507775119614&11,485426866585069&11,485426866585069&11,485426866585069&11,485426866585069&12,458507775119614&11,485426866585069&11,485426866585069&11,485426866585069&11,743693184231763&11,743693184231763&11,485426866585069&11,485426866585069&11,485426866585069&11,485426866585069&11,743693184231763&12,362521453089244&11,743693184231763&11,743693184231763&11,743693184231763&11,743693184231763&11,743693184231763&11,597599088446923&11,485426866585069&11,743693184231763&12,481862698861846&12,458507775119614&11,743693184231763&11,743693184231763&11,597599088446923&11,597599088446923&11,597599088446923&11,597599088446923&11,485426866585069&12,622389874141874&12,622389874141874&11,485426866585069&11,485426866585069&12,622389874141874&11,485426866585069&11,485426866585069&11,894971804511275&11,894971804511275&11,894971804511275&11,894971804511275&11,894971804511275&11,894971804511275&11,894971804511275&11,894971804511275&11,485426866585069&11,743693184231763&12,458507775119614&11,743693184231763&11,485426866585069&11,485426866585069&11,743693184231763&11,485426866585069&11,485426866585069&11,743693184231763&12,622389874141874&12,622389874141874&12,458507775119614&11,894971804511275&11,743693184231763&11,485426866585069&11,485426866585069&11,743693184231763&11,743693184231763&11,743693184231763&11,743693184231763&12,458507775119614&11,743693184231763&12,481862698861846&12,481862698861846&12,481862698861846&12,481862698861846&12,481862698861846&11,597599088446923&11,597599088446923&11,597599088446923&11,485426866585069&11,485426866585069&11,485426866585069&11,743693184231763&11,743693184231763&11,485426866585069&11,485426866585069&11,485426866585069&11,485426866585069&11,485426866585069&11,894971804511275&11,894971804511275&11,894971804511275&12,458507775119614&12,458507775119614&12,458507775119614&11,894971804511275&11,894971804511275&11,743693184231763&11,743693184231763&11,485426866585069&11,485426866585069&11,485426866585069&11,485426866585069&11,485426866585069&11,485426866585069&11,743693184231763&11,743693184231763&11,743693184231763&11,743693184231763&11,485426866585069&11,485426866585069&11,485426866585069&11,485426866585069&11,743693184231763&11,485426866585069&11,485426866585069&11,743693184231763&11,743693184231763&12,458507775119614&12,458507775119614&11,525350400457661&11,525350400457661&11,525350400457661&11,485426866585069&11,485426866585069&11,597599088446923&11,743693184231763&12,362521453089244&12,362521453089244&12,362521453089244&12,362521453089244&9,657189728328795&12,458507775119614&12,458507775119614&9,689196494295178&10,167264429085701&9,689196494295178&9,689196494295178&9,689196494295178&9,689196494295178&9,689196494295178&11,485426866585069&9,689196494295178&9,689196494295178&9,689196494295178&9,689196494295178&9,689196494295178&9,689196494295178&10,011916136655383&12,458507775119614&12,458507775119614&11,485426866585069&11,485426866585069&11,485426866585069&11,485426866585069&11,485426866585069&11,485426866585069&11,485426866585069&12,481862698861846&10,595218827925574&12,481862698861846&12,481862698861846&8,856907894736839&11,485426866585069&11,894971804511275&11,894971804511275&11,894971804511275&11,485426866585069&12,458507775119614&13,300749888492412&13,300749888492412&12,40456309041835&11,485426866585069&11,485426866585069&11,485426866585069&11,485426866585069&11,485426866585069&11,485426866585069&11,485426866585069&11,485426866585069&11,743693184231763&11,743693184231763&11,743693184231763&11,485426866585069&11,485426866585069&14,123981829573928&14,123981829573928&11,894971804511275&11,894971804511275&11,894971804511275&11,485426866585069&8,090317505720826&8,090317505720826&7,81122391107078&8,574356351015332&8,574356351015332&7,81122391107078&9,657189728328795&7,81122391107078&11,708230815860784&8,69159505907626&9,689196494295178&9,689196494295178&9,689196494295178&13,418703007518793&11,597599088446923&11,597599088446923&13,418703007518793&13,418703007518793&11,597599088446923&11,597599088446923&11,485426866585069&11,485426866585069&11,485426866585069&11,743693184231763&11,485426866585069&11,485426866585069&11,485426866585069&11,485426866585069&11,485426866585069&14,30296661793372&11,485426866585069&11,485426866585069"
17,20,1,0.8,2,600,12.3625214530892,22757,3,11,3,"10,287987895705665&11,894971804511275&11,485426866585069&11,485426866585069&11,485426866585069&11,485426866585069&12,622389874141874&12,362521453089244&12,362521453089244&12,362521453089244&11,485426866585069&11,485426866585069&11,743693184231763&11,485426866585069&11,485426866585069&11,743693184231763&12,458507775119614&11,485426866585069&11,485426866585069&11,485426866585069&11,743693184231763&11,743693184231763&11,485426866585069&11,485426866585069&11,485426866585069&11,485426866585069&11,485426866585069&11,485426866585069&12,40456309041835&14,30296661793372&14,090053427946557&14,090053427946557&12,884965690435763&12,884965690435763&12,884965690435763&11,894971804511275&11,894971804511275&11,894971804511275&11,894971804511275&11,485426866585069&11,894971804511275&11,894971804511275&11,485426866585069&11,743693184231763&11,743693184231763&11,485426866585069&11,894971804511275&14,30296661793372&14,30296661793372&12,458507775119614&11,485426866585069&11,485426866585069&11,485426866585069&11,485426866585069&11,485426866585069&11,485426866585069&11,743693184231763&13,300749888492412&11,743693184231763&11,485426866585069&11,485426866585069&11,485426866585069&11,894971804511275&11,485426866585069&11,485426866585069&11,485426866585069&11,743693184231763&11,485426866585069&11,894971804511275&11,894971804511275&11,995927286892044&11,485426866585069&11,485426866585069&11,743693184231763&11,485426866585069&11,743693184231763&11,743693184231763&11,743693184231763&11,485426866585069&11,485426866585069&11,743693184231763&11,743693184231763&11,743693184231763&11,743693184231763&11,485426866585069&11,743693184231763&11,485426866585069&11,743693184231763&12,458507775119614&12,458507775119614&11,485426866585069&11,485426866585069&11,485426866585069&11,485426866585069&11,743693184231763&11,743693184231763&12,458507775119614&12,458507775119614&12,458507775119614&11,485426866585069&11,743693184231763&11,485426866585069&11,743693184231763&11,743693184231763&11,743693184231763&11,743693184231763&11,894971804511275&11,708230815860784&11,743693184231763&11,485426866585069&11,485426866585069&11,743693184231763&11,743693184231763&11,743693184231763&11,743693184231763&12,458507775119614&11,743693184231763&11,743693184231763&14,123981829573928&11,894971804511275&11,894971804511275&11,743693184231763&11,743693184231763&11,485426866585069&11,485426866585069&12,362521453089244&11,485426866585069&13,577808704453439&13,132464574898783&11,894971804511275&11,894971804511275&11,894971804511275&15,521824469529925&14,090053427946557&13,418703007518793&13,418703007518793&12,884965690435763&13,418703007518793&11,485426866585069&11,485426866585069&11,485426866585069&11,485426866585069&11,485426866585069&11,743693184231763&11,743693184231763&11,485426866585069&11,743693184231763&11,743693184231763&11,485426866585069&11,485426866585069&11,743693184231763&11,743693184231763&11,743693184231763&11,485426866585069&11,743693184231763&11,743693184231763&11,743693184231763&11,743693184231763&11,485426866585069&11,743693184231763&12,622389874141874&12,75873655913978&12,75873655913978&12,884965690435763&12,884965690435763&11,894971804511275&12,40456309041835&12,40456309041835&11,894971804511275&11,894971804511275&11,894971804511275&11,894971804511275&11,485426866585069&11,743693184231763&11,485426866585069&11,894971804511275&11,894971804511275&11,894971804511275&11,894971804511275&11,743693184231763&11,894971804511275&11,894971804511275&11,743693184231763&12,458507775119614&11,485426866585069&11,485426866585069&11,485426866585069&11,485426866585069&11,485426866585069&11,485426866585069&11,485426866585069&11,485426866585069&11,743693184231763&11,485426866585069&11,485426866585069&11,743693184231763&11,743693184231763&11,743693184231763&12,622389874141874&12,622389874141874&11,894971804511275&11,743693184231763&11,743693184231763&11,743693184231763&11,485426866585069&11,743693184231763&11,485426866585069&11,485426866585069&11,485426866585069&11,485426866585069&11,485426866585069&11,743693184231763&11,743693184231763&11,485426866585069&11,485426866585069&11,485426866585069&11,743693184231763&11,485426866585069&11,485426866585069&11,485426866585069&11,485426866585069&11,485426866585069&11,743693184231763&11,485426866585069&11,743693184231763&11,485426866585069&11,743693184231763&11,743693184231763&12,458507775119614&11,743693184231763&11,743693184231763&11,743693184231763&11,743693184231763&11,485426866585069&11,597599088446923&12,40456309041835&13,087274410411268&12,40456309041835&11,743693184231763&12,458507775119614&12,458507775119614&12,458507775119614&12,458507775119614&11,743693184231763&11,485426866585069&11,485426866585069&11,485426866585069&11,743693184231763&13,37850416607236&12,494240555657434&11,995927286892044&12,458507775119614&12,458507775119614&12,458507775119614&11,743693184231763&11,485426866585069&11,894971804511275&11,894971804511275&11,894971804511275&11,894971804511275&11,894971804511275&12,090188601767046&12,090188601767046&11,894971804511275&11,743693184231763&11,743693184231763&11,485426866585069&11,743693184231763&11,743693184231763&11,743693184231763&11,743693184231763&11,485426866585069&11,743693184231763&12,458507775119614&11,485426866585069&11,485426866585069&11,743693184231763&13,300749888492412&13,300749888492412&12,884965690435763&12,884965690435763&12,884965690435763&12,884965690435763&11,894971804511275&11,485426866585069&11,485426866585069&11,485426866585069&11,743693184231763&11,485426866585069&11,485426866585069&11,743693184231763&11,743693184231763&11,743693184231763&11,743693184231763&13,300749888492412&12,884965690435763&12,884965690435763&11,485426866585069&11,743693184231763&11,485426866585069&11,485426866585069&11,485426866585069&11,485426866585069&11,743693184231763&11,743693184231763&12,458507775119614&12,458507775119614&11,743693184231763&11,485426866585069&11,485426866585069&11,743693184231763&11,485426866585069&11,485426866585069&11,894971804511275&11,894971804511275&11,894971804511275&11,894971804511275&11,894971804511275&11,894971804511275&11,894971804511275&11,894971804511275&11,894971804511275&11,743693184231763&11,743693184231763&11,743693184231763&11,743693184231763&11,485426866585069&11,485426866585069&11,485426866585069&11,485426866585069&11,485426866585069&11,485426866585069&11,743693184231763&11,743693184231763&11,743693184231763&11,743693184231763&11,485426866585069&11,485426866585069&14,123981829573928&12,362521453089244&12,362521453089244&12,42700729927007&11,485426866585069&11,743693184231763&11,743693184231763&11,743693184231763&11,485426866585069&12,362521453089244&11,485426866585069&11,485426866585069&11,995927286892044&11,485426866585069&11,485426866585069&11,743693184231763&11,743693184231763&11,485426866585069&11,485426866585069&11,485426866585069&11,485426866585069&11,485426866585069&11,485426866585069&11,743693184231763&11,743693184231763&11,485426866585069&11,485426866585069&11,485426866585069&11,485426866585069&11,485426866585069&11,485426866585069&11,743693184231763&11,743693184231763&12,458507775119614&12,458507775119614&12,458507775119614&12,458507775119614&12,458507775119614&12,458507775119614&11,743693184231763&11,743693184231763&11,485426866585069&12,362521453089244&12,362521453089244&12,362521453089244&11,485426866585069&11,485426866585069&11,485426866585069&11,485426866585069&11,485426866585069&11,774354757085021&11,774354757085021&11,597599088446923&11,485426866585069&9,682112068965516&11,894971804511275&12,090188601767046&12,090188601767046&9,682112068965516&10,287987895705665&10,287987895705665&10,8475063861577&11,485426866585069&11,485426866585069&11,485426866585069&11,485426866585069&11,485426866585069&11,485426866585069&11,485426866585069&11,485426866585069&11,485426866585069&11,485426866585069&11,485426866585069&11,743693184231763&11,485426866585069&11,485426866585069&11,485426866585069&11,485426866585069&11,485426866585069&11,743693184231763&11,743693184231763&11,743693184231763&10,8475063861577&10,8475063861577&10,8475063861577&10,8475063861577&9,689196494295178&11,485426866585069&11,200663395528956&11,485426866585069&9,689196494295178&11,894971804511275&9,689196494295178&11,485426866585069&11,485426866585069&11,743693184231763&11,485426866585069&11,995927286892044&11,995927286892044&11,995927286892044&11,743693184231763&11,485426866585069&11,485426866585069&11,485426866585069&11,743693184231763&11,485426866585069&11,485426866585069&11,485426866585069&11,743693184231763&12,458507775119614&11,485426866585069&13,042615925354383&13,042615925354383&13,042615925354383&13,418703007518793&11,589755639097742&11,743693184231763&11,894971804511275&11,485426866585069&11,894971804511275&11,894971804511275&11,894971804511275&11,894971804511275&11,894971804511275&11,894971804511275&11,485426866585069&11,894971804511275&11,485426866585069&11,743693184231763&11,894971804511275&11,894971804511275&11,743693184231763&12,458507775119614&11,485426866585069&11,485426866585069&11,485426866585069&11,485426866585069&11,485426866585069&11,485426866585069&11,485426866585069&11,485426866585069&11,485426866585069&11,743693184231763&11,485426866585069&11,485426866585069&11,485426866585069&11,485426866585069&11,743693184231763&11,743693184231763&11,743693184231763&12,458507775119614&11,743693184231763&12,458507775119614&11,485426866585069&12,481862698861846&11,485426866585069&11,485426866585069&11,485426866585069&11,485426866585069&11,485426866585069&11,485426866585069&11,894971804511275&11,485426866585069&12,622389874141874&11,894971804511275&11,894971804511275&11,894971804511275&11,894971804511275&11,485426866585069&11,485426866585069&11,485426866585069&11,894971804511275&11,743693184231763&11,743693184231763&11,485426866585069&11,743693184231763&11,485426866585069&11,485426866585069&11,485426866585069&12,845011645962732&11,485426866585069&12,622389874141874&11,485426866585069&11,485426866585069&11,485426866585069&11,485426866585069&11,743693184231763&12,458507775119614&12,458507775119614&11,485426866585069&11,485426866585069&11,597599088446923&13,729275256377655&13,729275256377655&11,485426866585069&11,485426866585069&11,743693184231763&11,485426866585069&11,485426866585069&11,743693184231763&11,485426866585069&11,743693184231763&11,485426866585069&11,485426866585069&11,485426866585069&12,362521453089244&11,743693184231763&11,485426866585069&11,485426866585069&11,485426866585069&11,485426866585069&11,485426866585069&11,485426866585069&11,743693184231763&11,743693184231763&12,458507775119614&12,458507775119614&12,458507775119614&12,458507775119614&11,485426866585069&11,743693184231763&11,485426866585069&11,485426866585069&11,743693184231763&11,743693184231763&11,743693184231763&12,458507775119614&11,743693184231763&11,743693184231763&11,485426866585069&11,485426866585069&11,485426866585069&11,485426866585069&11,485426866585069&11,485426866585069&11,485426866585069&11,485426866585069&11,485426866585069&11,485426866585069&11,743693184231763&11,743693184231763&11,743693184231763&11,485426866585069&11,743693184231763&11,743693184231763&12,40456309041835&11,743693184231763&11,743693184231763&11,743693184231763&11,485426866585069&11,485426866585069&11,485426866585069&11,485426866585069&11,485426866585069&11,485426866585069&11,485426866585069&11,743693184231763&11,743693184231763&12,458507775119614&11,485426866585069&11,485426866585069&12,362521453089244"
17,20,1,0.8,2,600,14.3029666179337,22860,5,8,2,"4,613445300853613&11,485426866585069&11,485426866585069&11,485426866585069&11,485426866585069&11,894971804511275&11,485426866585069&11,485426866585069&11,485426866585069&11,743693184231763&11,485426866585069&11,485426866585069&11,485426866585069&11,894971804511275&11,894971804511275&11,485426866585069&11,894971804511275&11,894971804511275&11,485426866585069&11,485426866585069&11,485426866585069&11,743693184231763&11,485426866585069&11,743693184231763&11,743693184231763&11,485426866585069&11,485426866585069&11,485426866585069&11,485426866585069&11,485426866585069&11,485426866585069&11,485426866585069&11,843780458089665&11,843780458089665&12,622389874141874&12,362521453089244&11,743693184231763&11,743693184231763&11,743693184231763&11,485426866585069&11,485426866585069&11,485426866585069&11,743693184231763&11,485426866585069&11,485426866585069&11,485426866585069&11,485426866585069&11,485426866585069&11,485426866585069&11,485426866585069&11,743693184231763&11,485426866585069&11,485426866585069&11,485426866585069&11,743693184231763&11,743693184231763&11,743693184231763&11,743693184231763&11,485426866585069&11,743693184231763&11,743693184231763&11,743693184231763&12,458507775119614&12,458507775119614&11,743693184231763&10,493552481374667&10,493552481374667&12,362521453089244&11,485426866585069&11,485426866585069&11,743693184231763&11,485426866585069&11,485426866585069&11,485426866585069&11,485426866585069&11,743693184231763&11,743693184231763&11,485426866585069&11,743693184231763&11,485426866585069&11,743693184231763&11,743693184231763&12,331066663480183&11,743693184231763&13,300749888492412&11,485426866585069&11,485426866585069&11,485426866585069&11,894971804511275&11,894971804511275&11,485426866585069&11,485426866585069&11,485426866585069&11,743693184231763&11,485426866585069&11,894971804511275&11,894971804511275&11,485426866585069&11,743693184231763&11,485426866585069&11,485426866585069&11,743693184231763&11,485426866585069&11,485426866585069&11,843780458089665&14,30296661793372&14,30296661793372&12,458507775119614&11,485426866585069&11,485426866585069&11,485426866585069&11,743693184231763&11,485426866585069&11,743693184231763&11,743693184231763&12,458507775119614&12,458507775119614&12,458507775119614&12,458507775119614&12,458507775119614&11,743693184231763&11,743693184231763&11,743693184231763&11,743693184231763&14,30296661793372&12,458507775119614&11,485426866585069&11,485426866585069&11,485426866585069&11,485426866585069&11,743693184231763&11,743693184231763&11,485426866585069&11,743693184231763&11,485426866585069&11,743693184231763&11,743693184231763&11,485426866585069&11,743693184231763&11,743693184231763&11,485426866585069&11,743693184231763&11,485426866585069&11,485426866585069&11,743693184231763&11,485426866585069&11,485426866585069&12,622389874141874&11,485426866585069&11,743693184231763&11,743693184231763&12,458507775119614&12,458507775119614&11,995927286892044&11,995927286892044&11,485426866585069&11,485426866585069&11,743693184231763&11,485426866585069&11,485426866585069&11,743693184231763&11,485426866585069&11,485426866585069&11,485426866585069&11,743693184231763&12,458507775119614&11,485426866585069&12,458507775119614&11,743693184231763&11,485426866585069&11,743693184231763&11,485426866585069&11,485426866585069&11,485426866585069&11,485426866585069&11,743693184231763&14,30296661793372&14,30296661793372&14,30296661793372&12,884965690435763&12,481862698861846&12,872596153846153&12,362521453089244&12,362521453089244&12,362521453089244&12,362521453089244&12,362521453089244&11,485426866585069&11,743693184231763&11,485426866585069&11,743693184231763&11,485426866585069&11,485426866585069&11,485426866585069&11,743693184231763&11,743693184231763&11,743693184231763&12,362521453089244&12,362521453089244&12,362521453089244&12,362521453089244&12,872596153846153&11,485426866585069&11,485426866585069&11,485426866585069&11,743693184231763&11,743693184231763&12,458507775119614&12,458507775119614&12,458507775119614&11,485426866585069&11,485426866585069&11,485426866585069&11,743693184231763&11,485426866585069&11,485426866585069&11,485426866585069&11,485426866585069&11,485426866585069&11,743693184231763&11,743693184231763&11,485426866585069&11,743693184231763&11,743693184231763&11,743693184231763&11,485426866585069&11,485426866585069&11,743693184231763&11,485426866585069&11,485426866585069&11,485426866585069&11,485426866585069&11,485426866585069&11,485426866585069&11,485426866585069&11,485426866585069&11,485426866585069&11,743693184231763&11,743693184231763&11,743693184231763&11,743693184231763&11,894971804511275&11,743693184231763&12,458507775119614&11,485426866585069&11,485426866585069&11,485426866585069&11,485426866585069&11,743693184231763&11,743693184231763&11,743693184231763&11,743693184231763&11,743693184231763&13,729275256377655&12,458507775119614&11,743693184231763&11,743693184231763&11,485426866585069&11,485426866585069&11,743693184231763&11,485426866585069&11,485426866585069&11,485426866585069&11,485426866585069&11,743693184231763&11,485426866585069&11,743693184231763&11,743693184231763&11,743693184231763&11,743693184231763&11,743693184231763&11,743693184231763&11,743693184231763&11,743693184231763&11,485426866585069&11,485426866585069&13,729275256377655&12,40456309041835&12,40456309041835&11,680477165541106&11,743693184231763&11,743693184231763&12,458507775119614&12,458507775119614&12,458507775119614&12,458507775119614&12,458507775119614&12,458507775119614&12,458507775119614&11,485426866585069&11,485426866585069&11,485426866585069&11,485426866585069&11,485426866585069&11,743693184231763&12,481862698861846&11,743693184231763&11,485426866585069&11,743693184231763&11,743693184231763&11,743693184231763&11,743693184231763&11,743693184231763&11,485426866585069&11,743693184231763&11,743693184231763&11,743693184231763&11,743693184231763&12,622389874141874&11,894971804511275&12,362521453089244&11,894971804511275&11,894971804511275&11,894971804511275&11,894971804511275&11,894971804511275&11,485426866585069&11,743693184231763&11,485426866585069&11,894971804511275&11,58208867949746&12,458507775119614&11,485426866585069&11,485426866585069&11,485426866585069&11,485426866585069&11,485426866585069&11,485426866585069&11,485426866585069&11,485426866585069&11,485426866585069&11,485426866585069&11,485426866585069&11,485426866585069&11,743693184231763&11,743693184231763&11,485426866585069&11,485426866585069&11,485426866585069&11,743693184231763&11,743693184231763&13,300749888492412&11,894971804511275&11,894971804511275&11,743693184231763&11,894971804511275&12,458507775119614&11,485426866585069&11,485426866585069&11,485426866585069&11,485426866585069&11,894971804511275&11,743693184231763&11,995927286892044&11,894971804511275&11,894971804511275&11,743693184231763&12,481862698861846&12,481862698861846&12,458507775119614&12,362521453089244&12,872596153846153&11,485426866585069&11,485426866585069&11,485426866585069&11,894971804511275&11,485426866585069&11,485426866585069&11,485426866585069&11,485426866585069&11,485426866585069&11,485426866585069&11,485426866585069&11,743693184231763&11,485426866585069&11,743693184231763&11,995927286892044&12,458507775119614&11,743693184231763&11,743693184231763&13,300749888492412&11,485426866585069&11,485426866585069&11,743693184231763&11,485426866585069&11,485426866585069&11,485426866585069&11,485426866585069&11,485426866585069&11,485426866585069&11,743693184231763&11,485426866585069&12,622389874141874&11,485426866585069&11,485426866585069&11,485426866585069&11,485426866585069&12,458507775119614&12,458507775119614&12,458507775119614&11,743693184231763&11,485426866585069&11,743693184231763&11,743693184231763&11,485426866585069&11,485426866585069&11,485426866585069&11,485426866585069&11,485426866585069&11,485426866585069&11,485426866585069&12,362521453089244&11,485426866585069&12,622389874141874&11,894971804511275&11,485426866585069&11,743693184231763&11,743693184231763&11,485426866585069&11,485426866585069&11,743693184231763&11,485426866585069&11,485426866585069&11,743693184231763&11,743693184231763&11,485426866585069&11,743693184231763&12,458507775119614&12,458507775119614&12,458507775119614&12,458507775119614&12,458507775119614&12,458507775119614&11,743693184231763&12,40456309041835&11,743693184231763&12,458507775119614&13,096281302641849&12,362521453089244&11,743693184231763&12,458507775119614&11,485426866585069&11,743693184231763&11,743693184231763&11,743693184231763&11,485426866585069&11,743693184231763&11,743693184231763&11,485426866585069&12,481862698861846&11,485426866585069&11,485426866585069&11,485426866585069&11,485426866585069&11,485426866585069&11,597599088446923&11,597599088446923&11,743693184231763&11,743693184231763&11,743693184231763&12,40456309041835&11,485426866585069&11,485426866585069&11,485426866585069&11,485426866585069&11,485426866585069&11,485426866585069&11,743693184231763&13,300749888492412&11,743693184231763&11,485426866585069&11,485426866585069&11,485426866585069&11,743693184231763&11,485426866585069&11,743693184231763&11,485426866585069&11,485426866585069&11,485426866585069&12,481862698861846&11,485426866585069&11,485426866585069&12,458507775119614&12,458507775119614&11,485426866585069&11,743693184231763&11,485426866585069&11,485426866585069&11,485426866585069&12,458507775119614&12,458507775119614&11,894971804511275&11,485426866585069&11,485426866585069&11,485426866585069&11,485426866585069&11,485426866585069&11,485426866585069&11,485426866585069&11,743693184231763&11,743693184231763&11,743693184231763&11,743693184231763&12,458507775119614&12,458507775119614&12,458507775119614&12,458507775119614&11,743693184231763&11,743693184231763&11,743693184231763&11,743693184231763&11,485426866585069&11,485426866585069&11,485426866585069&11,485426866585069&11,485426866585069&11,485426866585069&11,485426866585069&11,485426866585069&11,485426866585069&11,485426866585069&11,485426866585069&11,485426866585069&11,485426866585069&11,743693184231763&12,458507775119614&11,485426866585069&11,485426866585069&11,485426866585069&11,485426866585069&11,485426866585069&11,743693184231763&11,743693184231763&11,485426866585069&12,458507775119614&11,485426866585069&11,485426866585069&11,485426866585069&11,894971804511275&12,622389874141874&12,362521453089244&11,894971804511275&11,485426866585069&11,485426866585069&11,485426866585069&11,743693184231763&11,743693184231763&11,485426866585069&11,743693184231763&11,485426866585069&11,485426866585069&11,485426866585069&11,485426866585069&11,485426866585069&11,485426866585069&11,485426866585069&11,485426866585069&11,743693184231763&11,485426866585069&11,485426866585069&11,485426866585069&11,743693184231763&11,743693184231763&12,458507775119614&11,743693184231763&11,743693184231763&11,743693184231763&11,743693184231763&11,743693184231763&11,743693184231763&11,485426866585069&11,743693184231763&11,485426866585069&11,485426866585069&11,485426866585069&11,485426866585069&11,743693184231763&11,743693184231763&11,743693184231763&11,743693184231763&11,485426866585069&12,362521453089244&11,485426866585069&11,743693184231763&11,743693184231763&11,743693184231763&11,485426866585069&11,743693184231763&11,743693184231763&11,485426866585069&11,485426866585069&11,743693184231763&12,362521453089244&12,362521453089244&11,485426866585069&11,485426866585069&11,894971804511275&11,894971804511275&11,894971804511275&14,30296661793372"
18,100,1,0.8,7,50,13.3179402834008,18058,4,11,2,"12,362521453089244&12,458507775119614&12,872596153846153&12,872596153846153&12,872596153846153&13,317940283400809&13,317940283400809&13,317940283400809&13,317940283400809&13,317940283400809&13,317940283400809&13,317940283400809&13,317940283400809&13,317940283400809&13,317940283400809&13,317940283400809&13,317940283400809&13,317940283400809&13,317940283400809&13,317940283400809&13,317940283400809&13,317940283400809&13,317940283400809&13,317940283400809&13,317940283400809&13,317940283400809"
18,100,1,0.8,7,50,13.3179402834008,18093,4,11,2,"12,362521453089244&12,458507775119614&12,872596153846153&12,872596153846153&12,872596153846153&13,317940283400809&13,317940283400809&13,317940283400809&13,317940283400809&13,317940283400809&13,317940283400809&13,317940283400809&13,317940283400809&13,317940283400809&13,317940283400809&13,317940283400809&13,317940283400809&13,317940283400809&13,317940283400809&13,317940283400809&13,317940283400809&13,317940283400809&13,317940283400809&13,317940283400809&13,317940283400809&13,317940283400809"
18,100,1,0.8,7,50,13.3179402834008,18118,4,11,2,"12,362521453089244&12,458507775119614&12,872596153846153&12,872596153846153&12,872596153846153&13,317940283400809&13,317940283400809&13,317940283400809&13,317940283400809&13,317940283400809&13,317940283400809&13,317940283400809&13,317940283400809&13,317940283400809&13,317940283400809&13,317940283400809&13,317940283400809&13,317940283400809&13,317940283400809&13,317940283400809&13,317940283400809&13,317940283400809&13,317940283400809&13,317940283400809&13,317940283400809&13,317940283400809"
18,100,1,0.8,7,50,13.3179402834008,18080,4,11,2,"12,362521453089244&12,458507775119614&12,872596153846153&12,872596153846153&12,872596153846153&13,317940283400809&13,317940283400809&13,317940283400809&13,317940283400809&13,317940283400809&13,317940283400809&13,317940283400809&13,317940283400809&13,317940283400809&13,317940283400809&13,317940283400809&13,317940283400809&13,317940283400809&13,317940283400809&13,317940283400809&13,317940283400809&13,317940283400809&13,317940283400809&13,317940283400809&13,317940283400809&13,317940283400809"
18,100,1,0.8,7,50,13.3179402834008,18119,4,11,2,"12,362521453089244&12,458507775119614&12,872596153846153&12,872596153846153&12,872596153846153&13,317940283400809&13,317940283400809&13,317940283400809&13,317940283400809&13,317940283400809&13,317940283400809&13,317940283400809&13,317940283400809&13,317940283400809&13,317940283400809&13,317940283400809&13,317940283400809&13,317940283400809&13,317940283400809&13,317940283400809&13,317940283400809&13,317940283400809&13,317940283400809&13,317940283400809&13,317940283400809&13,317940283400809"
18,100,1,0.8,7,50,13.3179402834008,18140,4,11,2,"12,362521453089244&12,458507775119614&12,872596153846153&12,872596153846153&12,872596153846153&13,317940283400809&13,317940283400809&13,317940283400809&13,317940283400809&13,317940283400809&13,317940283400809&13,317940283400809&13,317940283400809&13,317940283400809&13,317940283400809&13,317940283400809&13,317940283400809&13,317940283400809&13,317940283400809&13,317940283400809&13,317940283400809&13,317940283400809&13,317940283400809&13,317940283400809&13,317940283400809&13,317940283400809"
18,100,1,0.8,7,50,13.3179402834008,18130,4,11,2,"12,362521453089244&12,458507775119614&12,872596153846153&12,872596153846153&12,872596153846153&13,317940283400809&13,317940283400809&13,317940283400809&13,317940283400809&13,317940283400809&13,317940283400809&13,317940283400809&13,317940283400809&13,317940283400809&13,317940283400809&13,317940283400809&13,317940283400809&13,317940283400809&13,317940283400809&13,317940283400809&13,317940283400809&13,317940283400809&13,317940283400809&13,317940283400809&13,317940283400809&13,317940283400809"
18,100,1,0.8,7,50,13.3179402834008,18143,4,11,2,"12,362521453089244&12,458507775119614&12,872596153846153&12,872596153846153&12,872596153846153&13,317940283400809&13,317940283400809&13,317940283400809&13,317940283400809&13,317940283400809&13,317940283400809&13,317940283400809&13,317940283400809&13,317940283400809&13,317940283400809&13,317940283400809&13,317940283400809&13,317940283400809&13,317940283400809&13,317940283400809&13,317940283400809&13,317940283400809&13,317940283400809&13,317940283400809&13,317940283400809&13,317940283400809"
18,100,1,0.8,7,50,13.3179402834008,6415,4,11,2,"12,362521453089244&12,362521453089244&12,481862698861846&13,317940283400809&13,317940283400809&13,317940283400809&13,317940283400809&13,317940283400809&13,317940283400809&13,317940283400809&13,317940283400809&13,317940283400809&13,317940283400809&13,317940283400809&13,317940283400809&13,317940283400809&13,317940283400809&13,317940283400809&13,317940283400809&13,317940283400809&13,317940283400809&13,317940283400809&13,317940283400809&13,317940283400809"
18,100,1,0.8,7,50,13.3179402834008,6840,4,11,2,"12,362521453089244&12,458507775119614&12,872596153846153&12,872596153846153&12,872596153846153&13,317940283400809&13,317940283400809&13,317940283400809&13,317940283400809&13,317940283400809&13,317940283400809&13,317940283400809&13,317940283400809&13,317940283400809&13,317940283400809&13,317940283400809&13,317940283400809&13,317940283400809&13,317940283400809&13,317940283400809&13,317940283400809&13,317940283400809&13,317940283400809&13,317940283400809&13,317940283400809&13,317940283400809"
19,200,0.1,0.1,20,600,13.3179402834008,14828,4,11,2,"12,362521453089244&12,362521453089244&12,362521453089244&12,362521453089244&12,362521453089244&12,362521453089244&12,362521453089244&12,362521453089244&12,362521453089244&12,362521453089244&12,362521453089244&12,362521453089244&12,362521453089244&12,362521453089244&12,362521453089244&13,317940283400809&13,317940283400809&13,317940283400809&13,317940283400809&13,317940283400809&13,317940283400809&13,317940283400809&13,317940283400809&13,317940283400809&13,317940283400809&13,317940283400809&13,317940283400809&13,317940283400809&13,317940283400809&13,317940283400809&13,317940283400809&13,317940283400809&13,317940283400809&13,317940283400809&13,317940283400809&13,317940283400809"
19,200,0.1,0.1,20,600,13.3179402834008,14846,4,11,2,"12,362521453089244&12,362521453089244&12,362521453089244&12,362521453089244&12,362521453089244&12,362521453089244&12,362521453089244&12,362521453089244&12,362521453089244&12,362521453089244&12,362521453089244&12,362521453089244&12,362521453089244&12,362521453089244&12,362521453089244&13,317940283400809&13,317940283400809&13,317940283400809&13,317940283400809&13,317940283400809&13,317940283400809&13,317940283400809&13,317940283400809&13,317940283400809&13,317940283400809&13,317940283400809&13,317940283400809&13,317940283400809&13,317940283400809&13,317940283400809&13,317940283400809&13,317940283400809&13,317940283400809&13,317940283400809&13,317940283400809&13,317940283400809"
19,200,0.1,0.1,20,600,13.3179402834008,14859,4,11,2,"12,362521453089244&12,362521453089244&12,362521453089244&12,362521453089244&12,362521453089244&12,362521453089244&12,362521453089244&12,362521453089244&12,362521453089244&12,362521453089244&12,362521453089244&12,362521453089244&12,362521453089244&12,362521453089244&12,362521453089244&13,317940283400809&13,317940283400809&13,317940283400809&13,317940283400809&13,317940283400809&13,317940283400809&13,317940283400809&13,317940283400809&13,317940283400809&13,317940283400809&13,317940283400809&13,317940283400809&13,317940283400809&13,317940283400809&13,317940283400809&13,317940283400809&13,317940283400809&13,317940283400809&13,317940283400809&13,317940283400809&13,317940283400809"
19,200,0.1,0.1,20,600,13.3179402834008,14861,4,11,2,"12,362521453089244&12,362521453089244&12,362521453089244&12,362521453089244&12,362521453089244&12,362521453089244&12,362521453089244&12,362521453089244&12,362521453089244&12,362521453089244&12,362521453089244&12,362521453089244&12,362521453089244&12,362521453089244&12,362521453089244&13,317940283400809&13,317940283400809&13,317940283400809&13,317940283400809&13,317940283400809&13,317940283400809&13,317940283400809&13,317940283400809&13,317940283400809&13,317940283400809&13,317940283400809&13,317940283400809&13,317940283400809&13,317940283400809&13,317940283400809&13,317940283400809&13,317940283400809&13,317940283400809&13,317940283400809&13,317940283400809&13,317940283400809"
19,200,0.1,0.1,20,600,13.3179402834008,14918,4,11,2,"12,362521453089244&12,362521453089244&12,362521453089244&12,362521453089244&12,362521453089244&12,362521453089244&12,362521453089244&12,362521453089244&12,362521453089244&12,362521453089244&12,362521453089244&12,362521453089244&12,362521453089244&12,362521453089244&12,362521453089244&13,317940283400809&13,317940283400809&13,317940283400809&13,317940283400809&13,317940283400809&13,317940283400809&13,317940283400809&13,317940283400809&13,317940283400809&13,317940283400809&13,317940283400809&13,317940283400809&13,317940283400809&13,317940283400809&13,317940283400809&13,317940283400809&13,317940283400809&13,317940283400809&13,317940283400809&13,317940283400809&13,317940283400809"
19,200,0.1,0.1,20,600,13.3179402834008,14960,4,11,2,"12,362521453089244&12,362521453089244&12,362521453089244&12,362521453089244&12,362521453089244&12,362521453089244&12,362521453089244&12,362521453089244&12,362521453089244&12,362521453089244&12,362521453089244&12,362521453089244&12,362521453089244&12,362521453089244&12,362521453089244&13,317940283400809&13,317940283400809&13,317940283400809&13,317940283400809&13,317940283400809&13,317940283400809&13,317940283400809&13,317940283400809&13,317940283400809&13,317940283400809&13,317940283400809&13,317940283400809&13,317940283400809&13,317940283400809&13,317940283400809&13,317940283400809&13,317940283400809&13,317940283400809&13,317940283400809&13,317940283400809&13,317940283400809"
19,200,0.1,0.1,20,600,13.3179402834008,14952,4,11,2,"12,362521453089244&12,362521453089244&12,362521453089244&12,362521453089244&12,362521453089244&12,362521453089244&12,362521453089244&12,362521453089244&12,362521453089244&12,362521453089244&12,362521453089244&12,362521453089244&12,362521453089244&12,362521453089244&12,362521453089244&13,317940283400809&13,317940283400809&13,317940283400809&13,317940283400809&13,317940283400809&13,317940283400809&13,317940283400809&13,317940283400809&13,317940283400809&13,317940283400809&13,317940283400809&13,317940283400809&13,317940283400809&13,317940283400809&13,317940283400809&13,317940283400809&13,317940283400809&13,317940283400809&13,317940283400809&13,317940283400809&13,317940283400809"
19,200,0.1,0.1,20,600,13.3179402834008,15049,4,11,2,"12,362521453089244&12,362521453089244&12,362521453089244&12,362521453089244&12,362521453089244&12,362521453089244&12,362521453089244&12,362521453089244&12,362521453089244&12,362521453089244&12,362521453089244&12,362521453089244&12,362521453089244&12,362521453089244&12,362521453089244&13,317940283400809&13,317940283400809&13,317940283400809&13,317940283400809&13,317940283400809&13,317940283400809&13,317940283400809&13,317940283400809&13,317940283400809&13,317940283400809&13,317940283400809&13,317940283400809&13,317940283400809&13,317940283400809&13,317940283400809&13,317940283400809&13,317940283400809&13,317940283400809&13,317940283400809&13,317940283400809&13,317940283400809"
19,200,0.1,0.1,20,600,13.3179402834008,5319,4,11,2,"12,362521453089244&12,362521453089244&12,362521453089244&12,362521453089244&12,362521453089244&12,362521453089244&12,362521453089244&12,362521453089244&12,362521453089244&12,362521453089244&12,362521453089244&12,362521453089244&12,362521453089244&12,362521453089244&12,362521453089244&13,317940283400809&13,317940283400809&13,317940283400809&13,317940283400809&13,317940283400809&13,317940283400809&13,317940283400809&13,317940283400809&13,317940283400809&13,317940283400809&13,317940283400809&13,317940283400809&13,317940283400809&13,317940283400809&13,317940283400809&13,317940283400809&13,317940283400809&13,317940283400809&13,317940283400809&13,317940283400809&13,317940283400809"
19,200,0.1,0.1,20,600,13.3179402834008,5334,4,11,2,"12,362521453089244&12,362521453089244&12,362521453089244&12,362521453089244&12,362521453089244&12,362521453089244&12,362521453089244&12,362521453089244&12,362521453089244&12,362521453089244&12,362521453089244&12,362521453089244&12,362521453089244&12,362521453089244&12,362521453089244&13,317940283400809&13,317940283400809&13,317940283400809&13,317940283400809&13,317940283400809&13,317940283400809&13,317940283400809&13,317940283400809&13,317940283400809&13,317940283400809&13,317940283400809&13,317940283400809&13,317940283400809&13,317940283400809&13,317940283400809&13,317940283400809&13,317940283400809&13,317940283400809&13,317940283400809&13,317940283400809&13,317940283400809"
20,200,0.1,0.4,20,50,13.3179402834008,13903,4,11,2,"12,362521453089244&12,362521453089244&12,362521453089244&12,362521453089244&12,362521453089244&12,362521453089244&13,317940283400809&13,317940283400809&13,317940283400809&13,317940283400809&13,317940283400809&13,317940283400809&13,317940283400809&13,317940283400809&13,317940283400809&13,317940283400809&13,317940283400809&13,317940283400809&13,317940283400809&13,317940283400809&13,317940283400809&13,317940283400809&13,317940283400809&13,317940283400809&13,317940283400809&13,317940283400809&13,317940283400809"
20,200,0.1,0.4,20,50,13.3179402834008,13916,4,11,2,"12,362521453089244&12,362521453089244&12,362521453089244&12,362521453089244&12,362521453089244&12,362521453089244&13,317940283400809&13,317940283400809&13,317940283400809&13,317940283400809&13,317940283400809&13,317940283400809&13,317940283400809&13,317940283400809&13,317940283400809&13,317940283400809&13,317940283400809&13,317940283400809&13,317940283400809&13,317940283400809&13,317940283400809&13,317940283400809&13,317940283400809&13,317940283400809&13,317940283400809&13,317940283400809&13,317940283400809"
20,200,0.1,0.4,20,50,13.3179402834008,13991,4,11,2,"12,362521453089244&12,362521453089244&12,362521453089244&12,362521453089244&12,362521453089244&12,362521453089244&13,317940283400809&13,317940283400809&13,317940283400809&13,317940283400809&13,317940283400809&13,317940283400809&13,317940283400809&13,317940283400809&13,317940283400809&13,317940283400809&13,317940283400809&13,317940283400809&13,317940283400809&13,317940283400809&13,317940283400809&13,317940283400809&13,317940283400809&13,317940283400809&13,317940283400809&13,317940283400809&13,317940283400809"
20,200,0.1,0.4,20,50,13.3179402834008,14090,4,11,2,"12,362521453089244&12,362521453089244&12,362521453089244&12,362521453089244&12,362521453089244&12,362521453089244&13,317940283400809&13,317940283400809&13,317940283400809&13,317940283400809&13,317940283400809&13,317940283400809&13,317940283400809&13,317940283400809&13,317940283400809&13,317940283400809&13,317940283400809&13,317940283400809&13,317940283400809&13,317940283400809&13,317940283400809&13,317940283400809&13,317940283400809&13,317940283400809&13,317940283400809&13,317940283400809&13,317940283400809"
20,200,0.1,0.4,20,50,13.3179402834008,14148,4,11,2,"12,362521453089244&12,362521453089244&12,362521453089244&12,362521453089244&12,362521453089244&12,362521453089244&13,317940283400809&13,317940283400809&13,317940283400809&13,317940283400809&13,317940283400809&13,317940283400809&13,317940283400809&13,317940283400809&13,317940283400809&13,317940283400809&13,317940283400809&13,317940283400809&13,317940283400809&13,317940283400809&13,317940283400809&13,317940283400809&13,317940283400809&13,317940283400809&13,317940283400809&13,317940283400809&13,317940283400809"
20,200,0.1,0.4,20,50,13.3179402834008,14027,4,11,2,"12,362521453089244&12,362521453089244&12,362521453089244&12,362521453089244&12,362521453089244&12,362521453089244&13,317940283400809&13,317940283400809&13,317940283400809&13,317940283400809&13,317940283400809&13,317940283400809&13,317940283400809&13,317940283400809&13,317940283400809&13,317940283400809&13,317940283400809&13,317940283400809&13,317940283400809&13,317940283400809&13,317940283400809&13,317940283400809&13,317940283400809&13,317940283400809&13,317940283400809&13,317940283400809&13,317940283400809"
20,200,0.1,0.4,20,50,13.3179402834008,14126,4,11,2,"12,362521453089244&12,362521453089244&12,362521453089244&12,362521453089244&12,362521453089244&12,362521453089244&13,317940283400809&13,317940283400809&13,317940283400809&13,317940283400809&13,317940283400809&13,317940283400809&13,317940283400809&13,317940283400809&13,317940283400809&13,317940283400809&13,317940283400809&13,317940283400809&13,317940283400809&13,317940283400809&13,317940283400809&13,317940283400809&13,317940283400809&13,317940283400809&13,317940283400809&13,317940283400809&13,317940283400809"
20,200,0.1,0.4,20,50,13.3179402834008,14169,4,11,2,"12,362521453089244&12,362521453089244&12,362521453089244&12,362521453089244&12,362521453089244&12,362521453089244&13,317940283400809&13,317940283400809&13,317940283400809&13,317940283400809&13,317940283400809&13,317940283400809&13,317940283400809&13,317940283400809&13,317940283400809&13,317940283400809&13,317940283400809&13,317940283400809&13,317940283400809&13,317940283400809&13,317940283400809&13,317940283400809&13,317940283400809&13,317940283400809&13,317940283400809&13,317940283400809&13,317940283400809"
20,200,0.1,0.4,20,50,13.3179402834008,4827,4,11,2,"12,362521453089244&12,362521453089244&12,362521453089244&12,362521453089244&12,872596153846153&13,317940283400809&13,317940283400809&13,317940283400809&13,317940283400809&13,317940283400809&13,317940283400809&13,317940283400809&13,317940283400809&13,317940283400809&13,317940283400809&13,317940283400809&13,317940283400809&13,317940283400809&13,317940283400809&13,317940283400809&13,317940283400809&13,317940283400809&13,317940283400809&13,317940283400809&13,317940283400809&13,317940283400809"
20,200,0.1,0.4,20,50,13.3179402834008,4801,4,11,2,"12,362521453089244&12,362521453089244&12,362521453089244&12,362521453089244&12,362521453089244&12,362521453089244&13,317940283400809&13,317940283400809&13,317940283400809&13,317940283400809&13,317940283400809&13,317940283400809&13,317940283400809&13,317940283400809&13,317940283400809&13,317940283400809&13,317940283400809&13,317940283400809&13,317940283400809&13,317940283400809&13,317940283400809&13,317940283400809&13,317940283400809&13,317940283400809&13,317940283400809&13,317940283400809&13,317940283400809"
21,200,0.1,0.8,2,600,12.4585077751196,15807,3,14,2,"12,362521453089244&12,362521453089244&11,485426866585069&11,485426866585069&11,485426866585069&11,485426866585069&11,743693184231763&11,743693184231763&11,743693184231763&11,743693184231763&11,743693184231763&11,743693184231763&11,743693184231763&11,743693184231763&11,743693184231763&11,743693184231763&12,458507775119614&12,458507775119614&12,458507775119614&12,458507775119614&12,458507775119614&12,458507775119614&12,458507775119614&12,458507775119614&12,458507775119614&12,458507775119614&12,458507775119614&12,458507775119614&12,458507775119614&12,458507775119614&12,458507775119614&12,458507775119614&12,458507775119614&12,458507775119614&12,458507775119614&12,458507775119614&12,458507775119614"
21,200,0.1,0.8,2,600,12.4585077751196,15820,3,14,2,"12,362521453089244&12,362521453089244&11,485426866585069&11,485426866585069&11,485426866585069&11,485426866585069&11,743693184231763&11,743693184231763&11,743693184231763&11,743693184231763&11,743693184231763&11,743693184231763&11,743693184231763&11,743693184231763&11,743693184231763&11,743693184231763&12,458507775119614&12,458507775119614&12,458507775119614&12,458507775119614&12,458507775119614&12,458507775119614&12,458507775119614&12,458507775119614&12,458507775119614&12,458507775119614&12,458507775119614&12,458507775119614&12,458507775119614&12,458507775119614&12,458507775119614&12,458507775119614&12,458507775119614&12,458507775119614&12,458507775119614&12,458507775119614&12,458507775119614"
21,200,0.1,0.8,2,600,12.4585077751196,16107,3,14,2,"12,362521453089244&12,362521453089244&11,485426866585069&11,485426866585069&11,485426866585069&11,485426866585069&11,743693184231763&11,743693184231763&11,743693184231763&11,743693184231763&11,743693184231763&11,743693184231763&11,743693184231763&11,743693184231763&11,743693184231763&11,743693184231763&12,458507775119614&12,458507775119614&12,458507775119614&12,458507775119614&12,458507775119614&12,458507775119614&12,458507775119614&12,458507775119614&12,458507775119614&12,458507775119614&12,458507775119614&12,458507775119614&12,458507775119614&12,458507775119614&12,458507775119614&12,458507775119614&12,458507775119614&12,458507775119614&12,458507775119614&12,458507775119614&12,458507775119614"
21,200,0.1,0.8,2,600,12.4585077751196,16073,3,14,2,"12,362521453089244&12,362521453089244&11,485426866585069&11,485426866585069&11,485426866585069&11,485426866585069&11,743693184231763&11,743693184231763&11,743693184231763&11,743693184231763&11,743693184231763&11,743693184231763&11,743693184231763&11,743693184231763&11,743693184231763&11,743693184231763&12,458507775119614&12,458507775119614&12,458507775119614&12,458507775119614&12,458507775119614&12,458507775119614&12,458507775119614&12,458507775119614&12,458507775119614&12,458507775119614&12,458507775119614&12,458507775119614&12,458507775119614&12,458507775119614&12,458507775119614&12,458507775119614&12,458507775119614&12,458507775119614&12,458507775119614&12,458507775119614&12,458507775119614"
21,200,0.1,0.8,2,600,12.4585077751196,16086,3,14,2,"12,362521453089244&12,362521453089244&11,485426866585069&11,485426866585069&11,485426866585069&11,485426866585069&11,743693184231763&11,743693184231763&11,743693184231763&11,743693184231763&11,743693184231763&11,743693184231763&11,743693184231763&11,743693184231763&11,743693184231763&11,743693184231763&12,458507775119614&12,458507775119614&12,458507775119614&12,458507775119614&12,458507775119614&12,458507775119614&12,458507775119614&12,458507775119614&12,458507775119614&12,458507775119614&12,458507775119614&12,458507775119614&12,458507775119614&12,458507775119614&12,458507775119614&12,458507775119614&12,458507775119614&12,458507775119614&12,458507775119614&12,458507775119614&12,458507775119614"
21,200,0.1,0.8,2,600,12.4585077751196,16049,3,14,2,"12,362521453089244&12,362521453089244&11,485426866585069&11,485426866585069&11,485426866585069&11,485426866585069&11,743693184231763&11,743693184231763&11,743693184231763&11,743693184231763&11,743693184231763&11,743693184231763&11,743693184231763&11,743693184231763&11,743693184231763&11,743693184231763&12,458507775119614&12,458507775119614&12,458507775119614&12,458507775119614&12,458507775119614&12,458507775119614&12,458507775119614&12,458507775119614&12,458507775119614&12,458507775119614&12,458507775119614&12,458507775119614&12,458507775119614&12,458507775119614&12,458507775119614&12,458507775119614&12,458507775119614&12,458507775119614&12,458507775119614&12,458507775119614&12,458507775119614"
21,200,0.1,0.8,2,600,12.4585077751196,16192,3,14,2,"12,362521453089244&12,362521453089244&11,485426866585069&11,485426866585069&11,485426866585069&11,485426866585069&11,743693184231763&11,743693184231763&11,743693184231763&11,743693184231763&11,743693184231763&11,743693184231763&11,743693184231763&11,743693184231763&11,743693184231763&11,743693184231763&12,458507775119614&12,458507775119614&12,458507775119614&12,458507775119614&12,458507775119614&12,458507775119614&12,458507775119614&12,458507775119614&12,458507775119614&12,458507775119614&12,458507775119614&12,458507775119614&12,458507775119614&12,458507775119614&12,458507775119614&12,458507775119614&12,458507775119614&12,458507775119614&12,458507775119614&12,458507775119614&12,458507775119614"
21,200,0.1,0.8,2,600,12.4585077751196,16169,3,14,2,"12,362521453089244&12,362521453089244&11,485426866585069&11,485426866585069&11,485426866585069&11,485426866585069&11,743693184231763&11,743693184231763&11,743693184231763&11,743693184231763&11,743693184231763&11,743693184231763&11,743693184231763&11,743693184231763&11,743693184231763&11,743693184231763&12,458507775119614&12,458507775119614&12,458507775119614&12,458507775119614&12,458507775119614&12,458507775119614&12,458507775119614&12,458507775119614&12,458507775119614&12,458507775119614&12,458507775119614&12,458507775119614&12,458507775119614&12,458507775119614&12,458507775119614&12,458507775119614&12,458507775119614&12,458507775119614&12,458507775119614&12,458507775119614&12,458507775119614"
21,200,0.1,0.8,2,600,12.4585077751196,5797,3,14,2,"12,362521453089244&12,362521453089244&11,485426866585069&11,485426866585069&11,485426866585069&11,485426866585069&11,743693184231763&11,743693184231763&11,743693184231763&11,743693184231763&11,743693184231763&11,743693184231763&11,743693184231763&11,743693184231763&11,743693184231763&11,743693184231763&12,458507775119614&12,458507775119614&12,458507775119614&12,458507775119614&12,458507775119614&12,458507775119614&12,458507775119614&12,458507775119614&12,458507775119614&12,458507775119614&12,458507775119614&12,458507775119614&12,458507775119614&12,458507775119614&12,458507775119614&12,458507775119614&12,458507775119614&12,458507775119614&12,458507775119614&12,458507775119614&12,458507775119614"
21,200,0.1,0.8,2,600,14.6606968810916,6070,7,4,2,"12,362521453089244&12,362521453089244&11,570180610724922&11,570180610724922&12,458507775119614&12,458507775119614&12,458507775119614&11,743693184231763&11,743693184231763&11,743693184231763&12,40456309041835&12,40456309041835&13,300749888492412&12,40456309041835&12,40456309041835&14,66069688109161&14,66069688109161&14,66069688109161&14,66069688109161&14,66069688109161&14,66069688109161&14,66069688109161&14,66069688109161&14,66069688109161&14,66069688109161&14,66069688109161&14,66069688109161&14,66069688109161&14,66069688109161&14,66069688109161&14,66069688109161&14,66069688109161&14,66069688109161&14,66069688109161&14,66069688109161&14,66069688109161"
22,200,0.5,0.1,7,250,13.3179402834008,17189,4,11,2,"12,362521453089244&12,362521453089244&13,317940283400809&13,317940283400809&13,317940283400809&13,317940283400809&13,317940283400809&13,317940283400809&13,317940283400809&13,317940283400809&13,317940283400809&13,317940283400809&13,317940283400809&13,317940283400809&13,317940283400809&13,317940283400809&13,317940283400809&13,317940283400809&13,317940283400809&13,317940283400809&13,317940283400809&13,317940283400809&13,317940283400809"
22,200,0.5,0.1,7,250,13.3179402834008,17654,4,11,2,"12,362521453089244&12,362521453089244&13,317940283400809&13,317940283400809&13,317940283400809&13,317940283400809&13,317940283400809&13,317940283400809&13,317940283400809&13,317940283400809&13,317940283400809&13,317940283400809&13,317940283400809&13,317940283400809&13,317940283400809&13,317940283400809&13,317940283400809&13,317940283400809&13,317940283400809&13,317940283400809&13,317940283400809&13,317940283400809&13,317940283400809"
22,200,0.5,0.1,7,250,13.3179402834008,17755,4,11,2,"12,362521453089244&12,362521453089244&13,317940283400809&13,317940283400809&13,317940283400809&13,317940283400809&13,317940283400809&13,317940283400809&13,317940283400809&13,317940283400809&13,317940283400809&13,317940283400809&13,317940283400809&13,317940283400809&13,317940283400809&13,317940283400809&13,317940283400809&13,317940283400809&13,317940283400809&13,317940283400809&13,317940283400809&13,317940283400809&13,317940283400809"
22,200,0.5,0.1,7,250,13.3179402834008,18122,4,11,2,"12,362521453089244&12,362521453089244&13,317940283400809&13,317940283400809&13,317940283400809&13,317940283400809&13,317940283400809&13,317940283400809&13,317940283400809&13,317940283400809&13,317940283400809&13,317940283400809&13,317940283400809&13,317940283400809&13,317940283400809&13,317940283400809&13,317940283400809&13,317940283400809&13,317940283400809&13,317940283400809&13,317940283400809&13,317940283400809&13,317940283400809"
22,200,0.5,0.1,7,250,13.3179402834008,18058,4,11,2,"12,362521453089244&12,362521453089244&13,317940283400809&13,317940283400809&13,317940283400809&13,317940283400809&13,317940283400809&13,317940283400809&13,317940283400809&13,317940283400809&13,317940283400809&13,317940283400809&13,317940283400809&13,317940283400809&13,317940283400809&13,317940283400809&13,317940283400809&13,317940283400809&13,317940283400809&13,317940283400809&13,317940283400809&13,317940283400809&13,317940283400809"
22,200,0.5,0.1,7,250,13.3179402834008,18199,4,11,2,"12,362521453089244&12,362521453089244&13,317940283400809&13,317940283400809&13,317940283400809&13,317940283400809&13,317940283400809&13,317940283400809&13,317940283400809&13,317940283400809&13,317940283400809&13,317940283400809&13,317940283400809&13,317940283400809&13,317940283400809&13,317940283400809&13,317940283400809&13,317940283400809&13,317940283400809&13,317940283400809&13,317940283400809&13,317940283400809&13,317940283400809"
22,200,0.5,0.1,7,250,13.3179402834008,18317,4,11,2,"12,362521453089244&12,362521453089244&13,317940283400809&13,317940283400809&13,317940283400809&13,317940283400809&13,317940283400809&13,317940283400809&13,317940283400809&13,317940283400809&13,317940283400809&13,317940283400809&13,317940283400809&13,317940283400809&13,317940283400809&13,317940283400809&13,317940283400809&13,317940283400809&13,317940283400809&13,317940283400809&13,317940283400809&13,317940283400809&13,317940283400809"
22,200,0.5,0.1,7,250,13.3179402834008,18353,4,11,2,"12,362521453089244&12,362521453089244&13,317940283400809&13,317940283400809&13,317940283400809&13,317940283400809&13,317940283400809&13,317940283400809&13,317940283400809&13,317940283400809&13,317940283400809&13,317940283400809&13,317940283400809&13,317940283400809&13,317940283400809&13,317940283400809&13,317940283400809&13,317940283400809&13,317940283400809&13,317940283400809&13,317940283400809&13,317940283400809&13,317940283400809"
22,200,0.5,0.1,7,250,13.3179402834008,6757,4,11,2,"12,362521453089244&12,362521453089244&13,317940283400809&13,317940283400809&13,317940283400809&13,317940283400809&13,317940283400809&13,317940283400809&13,317940283400809&13,317940283400809&13,317940283400809&13,317940283400809&13,317940283400809&13,317940283400809&13,317940283400809&13,317940283400809&13,317940283400809&13,317940283400809&13,317940283400809&13,317940283400809&13,317940283400809&13,317940283400809&13,317940283400809"
22,200,0.5,0.1,7,250,13.3179402834008,7603,4,11,2,"12,362521453089244&12,362521453089244&12,362521453089244&12,362521453089244&12,362521453089244&12,362521453089244&13,317940283400809&13,317940283400809&13,317940283400809&13,317940283400809&13,317940283400809&13,317940283400809&13,317940283400809&13,317940283400809&13,317940283400809&13,317940283400809&13,317940283400809&13,317940283400809&13,317940283400809&13,317940283400809&13,317940283400809&13,317940283400809&13,317940283400809&13,317940283400809&13,317940283400809&13,317940283400809&13,317940283400809"
23,200,0.5,0.4,2,250,13.3179402834008,17709,4,11,2,"12,362521453089244&13,317940283400809&13,317940283400809&13,317940283400809&13,317940283400809&13,317940283400809&13,317940283400809&13,317940283400809&13,317940283400809&13,317940283400809&13,317940283400809&13,317940283400809&13,317940283400809&13,317940283400809&13,317940283400809&13,317940283400809&13,317940283400809&13,317940283400809&13,317940283400809&13,317940283400809&13,317940283400809&13,317940283400809"
23,200,0.5,0.4,2,250,13.3179402834008,18497,4,11,2,"12,362521453089244&13,317940283400809&13,317940283400809&13,317940283400809&13,317940283400809&13,317940283400809&13,317940283400809&13,317940283400809&13,317940283400809&13,317940283400809&13,317940283400809&13,317940283400809&13,317940283400809&13,317940283400809&13,317940283400809&13,317940283400809&13,317940283400809&13,317940283400809&13,317940283400809&13,317940283400809&13,317940283400809&13,317940283400809"
23,200,0.5,0.4,2,250,13.3179402834008,18593,4,11,2,"12,362521453089244&13,317940283400809&13,317940283400809&13,317940283400809&13,317940283400809&13,317940283400809&13,317940283400809&13,317940283400809&13,317940283400809&13,317940283400809&13,317940283400809&13,317940283400809&13,317940283400809&13,317940283400809&13,317940283400809&13,317940283400809&13,317940283400809&13,317940283400809&13,317940283400809&13,317940283400809&13,317940283400809&13,317940283400809"
23,200,0.5,0.4,2,250,13.3179402834008,18826,4,11,2,"12,362521453089244&13,317940283400809&13,317940283400809&13,317940283400809&13,317940283400809&13,317940283400809&13,317940283400809&13,317940283400809&13,317940283400809&13,317940283400809&13,317940283400809&13,317940283400809&13,317940283400809&13,317940283400809&13,317940283400809&13,317940283400809&13,317940283400809&13,317940283400809&13,317940283400809&13,317940283400809&13,317940283400809&13,317940283400809"
23,200,0.5,0.4,2,250,13.3179402834008,18908,4,11,2,"12,362521453089244&13,317940283400809&13,317940283400809&13,317940283400809&13,317940283400809&13,317940283400809&13,317940283400809&13,317940283400809&13,317940283400809&13,317940283400809&13,317940283400809&13,317940283400809&13,317940283400809&13,317940283400809&13,317940283400809&13,317940283400809&13,317940283400809&13,317940283400809&13,317940283400809&13,317940283400809&13,317940283400809&13,317940283400809"
23,200,0.5,0.4,2,250,13.3179402834008,18972,4,11,2,"12,362521453089244&13,317940283400809&13,317940283400809&13,317940283400809&13,317940283400809&13,317940283400809&13,317940283400809&13,317940283400809&13,317940283400809&13,317940283400809&13,317940283400809&13,317940283400809&13,317940283400809&13,317940283400809&13,317940283400809&13,317940283400809&13,317940283400809&13,317940283400809&13,317940283400809&13,317940283400809&13,317940283400809&13,317940283400809"
23,200,0.5,0.4,2,250,13.3179402834008,18965,4,11,2,"12,362521453089244&13,317940283400809&13,317940283400809&13,317940283400809&13,317940283400809&13,317940283400809&13,317940283400809&13,317940283400809&13,317940283400809&13,317940283400809&13,317940283400809&13,317940283400809&13,317940283400809&13,317940283400809&13,317940283400809&13,317940283400809&13,317940283400809&13,317940283400809&13,317940283400809&13,317940283400809&13,317940283400809&13,317940283400809"
23,200,0.5,0.4,2,250,13.3179402834008,19017,4,11,2,"12,362521453089244&13,317940283400809&13,317940283400809&13,317940283400809&13,317940283400809&13,317940283400809&13,317940283400809&13,317940283400809&13,317940283400809&13,317940283400809&13,317940283400809&13,317940283400809&13,317940283400809&13,317940283400809&13,317940283400809&13,317940283400809&13,317940283400809&13,317940283400809&13,317940283400809&13,317940283400809&13,317940283400809&13,317940283400809"
23,200,0.5,0.4,2,250,13.3179402834008,7364,4,11,2,"12,362521453089244&13,317940283400809&13,317940283400809&13,317940283400809&13,317940283400809&13,317940283400809&13,317940283400809&13,317940283400809&13,317940283400809&13,317940283400809&13,317940283400809&13,317940283400809&13,317940283400809&13,317940283400809&13,317940283400809&13,317940283400809&13,317940283400809&13,317940283400809&13,317940283400809&13,317940283400809&13,317940283400809&13,317940283400809"
23,200,0.5,0.4,2,250,13.5778087044534,11712,5,9,2,"12,362521453089244&12,622389874141874&12,622389874141874&12,884965690435763&12,884965690435763&12,884965690435763&12,884965690435763&12,884965690435763&12,884965690435763&12,884965690435763&12,884965690435763&12,884965690435763&12,884965690435763&13,317940283400809&13,317940283400809&13,317940283400809&13,317940283400809&13,317940283400809&13,132464574898783&12,884965690435763&12,884965690435763&13,577808704453439&13,317940283400809&13,577808704453439&13,317940283400809&13,132464574898783&13,132464574898783&13,577808704453439&13,577808704453439&13,577808704453439&13,577808704453439&13,577808704453439&13,577808704453439&13,577808704453439&13,577808704453439&13,577808704453439&13,577808704453439&13,577808704453439&13,577808704453439&13,577808704453439&13,577808704453439&13,577808704453439&13,577808704453439&13,577808704453439&13,577808704453439&13,577808704453439&13,577808704453439&13,577808704453439"
24,200,0.5,0.8,7,50,13.3179402834008,20852,4,11,2,"12,362521453089244&12,481862698861846&13,317940283400809&13,317940283400809&13,317940283400809&13,317940283400809&13,317940283400809&13,317940283400809&13,317940283400809&13,317940283400809&13,317940283400809&13,317940283400809&13,317940283400809&13,317940283400809&13,317940283400809&13,317940283400809&13,317940283400809&13,317940283400809&13,317940283400809&13,317940283400809&13,317940283400809&13,317940283400809&13,317940283400809"
24,200,0.5,0.8,7,50,13.3179402834008,21134,4,11,2,"12,362521453089244&12,481862698861846&13,317940283400809&13,317940283400809&13,317940283400809&13,317940283400809&13,317940283400809&13,317940283400809&13,317940283400809&13,317940283400809&13,317940283400809&13,317940283400809&13,317940283400809&13,317940283400809&13,317940283400809&13,317940283400809&13,317940283400809&13,317940283400809&13,317940283400809&13,317940283400809&13,317940283400809&13,317940283400809&13,317940283400809"
24,200,0.5,0.8,7,50,13.3179402834008,21192,4,11,2,"12,362521453089244&12,481862698861846&13,317940283400809&13,317940283400809&13,317940283400809&13,317940283400809&13,317940283400809&13,317940283400809&13,317940283400809&13,317940283400809&13,317940283400809&13,317940283400809&13,317940283400809&13,317940283400809&13,317940283400809&13,317940283400809&13,317940283400809&13,317940283400809&13,317940283400809&13,317940283400809&13,317940283400809&13,317940283400809&13,317940283400809"
24,200,0.5,0.8,7,50,13.3179402834008,21421,4,11,2,"12,362521453089244&12,481862698861846&13,317940283400809&13,317940283400809&13,317940283400809&13,317940283400809&13,317940283400809&13,317940283400809&13,317940283400809&13,317940283400809&13,317940283400809&13,317940283400809&13,317940283400809&13,317940283400809&13,317940283400809&13,317940283400809&13,317940283400809&13,317940283400809&13,317940283400809&13,317940283400809&13,317940283400809&13,317940283400809&13,317940283400809"
24,200,0.5,0.8,7,50,13.3179402834008,21638,4,11,2,"12,362521453089244&12,481862698861846&13,317940283400809&13,317940283400809&13,317940283400809&13,317940283400809&13,317940283400809&13,317940283400809&13,317940283400809&13,317940283400809&13,317940283400809&13,317940283400809&13,317940283400809&13,317940283400809&13,317940283400809&13,317940283400809&13,317940283400809&13,317940283400809&13,317940283400809&13,317940283400809&13,317940283400809&13,317940283400809&13,317940283400809"
24,200,0.5,0.8,7,50,13.3179402834008,21818,4,11,2,"12,362521453089244&12,481862698861846&13,317940283400809&13,317940283400809&13,317940283400809&13,317940283400809&13,317940283400809&13,317940283400809&13,317940283400809&13,317940283400809&13,317940283400809&13,317940283400809&13,317940283400809&13,317940283400809&13,317940283400809&13,317940283400809&13,317940283400809&13,317940283400809&13,317940283400809&13,317940283400809&13,317940283400809&13,317940283400809&13,317940283400809"
24,200,0.5,0.8,7,50,13.3179402834008,21947,4,11,2,"12,362521453089244&12,481862698861846&13,317940283400809&13,317940283400809&13,317940283400809&13,317940283400809&13,317940283400809&13,317940283400809&13,317940283400809&13,317940283400809&13,317940283400809&13,317940283400809&13,317940283400809&13,317940283400809&13,317940283400809&13,317940283400809&13,317940283400809&13,317940283400809&13,317940283400809&13,317940283400809&13,317940283400809&13,317940283400809&13,317940283400809"
24,200,0.5,0.8,7,50,13.3179402834008,21990,4,11,2,"12,362521453089244&12,481862698861846&13,317940283400809&13,317940283400809&13,317940283400809&13,317940283400809&13,317940283400809&13,317940283400809&13,317940283400809&13,317940283400809&13,317940283400809&13,317940283400809&13,317940283400809&13,317940283400809&13,317940283400809&13,317940283400809&13,317940283400809&13,317940283400809&13,317940283400809&13,317940283400809&13,317940283400809&13,317940283400809&13,317940283400809"
24,200,0.5,0.8,7,50,13.3179402834008,8405,4,11,2,"12,362521453089244&12,481862698861846&13,317940283400809&13,317940283400809&13,317940283400809&13,317940283400809&13,317940283400809&13,317940283400809&13,317940283400809&13,317940283400809&13,317940283400809&13,317940283400809&13,317940283400809&13,317940283400809&13,317940283400809&13,317940283400809&13,317940283400809&13,317940283400809&13,317940283400809&13,317940283400809&13,317940283400809&13,317940283400809&13,317940283400809"
24,200,0.5,0.8,7,50,13.3179402834008,9485,4,11,2,"12,362521453089244&12,362521453089244&12,42700729927007&13,317940283400809&13,317940283400809&13,317940283400809&13,317940283400809&13,317940283400809&13,317940283400809&13,317940283400809&13,317940283400809&13,317940283400809&13,317940283400809&13,317940283400809&13,317940283400809&13,317940283400809&13,317940283400809&13,317940283400809&13,317940283400809&13,317940283400809&13,317940283400809&13,317940283400809&13,317940283400809&13,317940283400809"
25,200,1,0.1,2,50,11.8949718045113,42233,3,14,2,"12,362521453089244&11,597599088446923&11,894971804511275&11,894971804511275&11,894971804511275&11,894971804511275&11,894971804511275&11,894971804511275&11,894971804511275&11,894971804511275&11,894971804511275&11,894971804511275&11,894971804511275&11,894971804511275&11,894971804511275&11,894971804511275&11,894971804511275&11,894971804511275&12,090188601767046&12,884965690435763&12,884965690435763&12,884965690435763&12,090188601767046&12,090188601767046&12,090188601767046&12,090188601767046&12,090188601767046&11,894971804511275&11,894971804511275&11,894971804511275&11,894971804511275&11,894971804511275&12,090188601767046&11,894971804511275&11,894971804511275&11,894971804511275&11,894971804511275&11,894971804511275&11,894971804511275&11,894971804511275&11,894971804511275&11,894971804511275&11,894971804511275&11,894971804511275&11,894971804511275&11,894971804511275&11,894971804511275&11,894971804511275&11,894971804511275&11,894971804511275"
25,200,1,0.1,2,50,12.090188601767,43690,5,7,2,"12,362521453089244&11,597599088446923&11,894971804511275&11,894971804511275&11,894971804511275&11,894971804511275&11,894971804511275&11,894971804511275&11,894971804511275&11,894971804511275&11,894971804511275&11,894971804511275&11,894971804511275&11,894971804511275&11,894971804511275&11,894971804511275&11,894971804511275&11,894971804511275&12,090188601767046&12,884965690435763&12,884965690435763&12,884965690435763&12,090188601767046&12,090188601767046&12,090188601767046&12,090188601767046&12,090188601767046&11,894971804511275&11,894971804511275&11,894971804511275&11,894971804511275&11,894971804511275&12,090188601767046&11,894971804511275&11,894971804511275&11,894971804511275&11,894971804511275&11,894971804511275&11,894971804511275&11,894971804511275&11,894971804511275&11,894971804511275&11,894971804511275&11,894971804511275&11,894971804511275&11,894971804511275&11,894971804511275&11,894971804511275&12,090188601767046&12,090188601767046"
25,200,1,0.1,2,50,11.8949718045113,43807,3,14,2,"12,362521453089244&11,597599088446923&11,894971804511275&11,894971804511275&11,894971804511275&11,894971804511275&11,894971804511275&11,894971804511275&11,894971804511275&11,894971804511275&11,894971804511275&11,894971804511275&11,894971804511275&11,894971804511275&11,894971804511275&11,894971804511275&11,894971804511275&11,894971804511275&12,090188601767046&12,884965690435763&12,884965690435763&12,884965690435763&12,090188601767046&12,090188601767046&12,090188601767046&12,090188601767046&12,090188601767046&11,894971804511275&11,894971804511275&11,894971804511275&11,894971804511275&11,894971804511275&12,090188601767046&11,894971804511275&11,894971804511275&11,894971804511275&11,894971804511275&11,894971804511275&11,894971804511275&11,894971804511275&11,894971804511275&11,894971804511275&11,894971804511275&11,894971804511275&11,894971804511275&11,894971804511275&11,894971804511275&11,894971804511275&11,894971804511275&11,894971804511275"
25,200,1,0.1,2,50,12.090188601767,44052,5,7,2,"12,362521453089244&11,597599088446923&11,894971804511275&11,894971804511275&11,894971804511275&11,894971804511275&11,894971804511275&11,894971804511275&11,894971804511275&11,894971804511275&11,894971804511275&11,894971804511275&11,894971804511275&11,894971804511275&11,894971804511275&11,894971804511275&11,894971804511275&11,894971804511275&12,090188601767046&12,884965690435763&12,884965690435763&12,884965690435763&12,090188601767046&12,090188601767046&12,090188601767046&12,090188601767046&12,090188601767046&11,894971804511275&11,894971804511275&11,894971804511275&11,894971804511275&11,894971804511275&12,090188601767046&11,894971804511275&11,894971804511275&11,894971804511275&11,894971804511275&11,894971804511275&11,894971804511275&11,894971804511275&11,894971804511275&11,894971804511275&11,894971804511275&11,894971804511275&11,894971804511275&11,894971804511275&11,894971804511275&11,894971804511275&12,090188601767046&12,090188601767046"
25,200,1,0.1,2,50,11.8949718045113,44173,3,14,2,"12,362521453089244&11,597599088446923&11,894971804511275&11,894971804511275&11,894971804511275&11,894971804511275&11,894971804511275&11,894971804511275&11,894971804511275&11,894971804511275&11,894971804511275&11,894971804511275&11,894971804511275&11,894971804511275&11,894971804511275&11,894971804511275&11,894971804511275&11,894971804511275&12,090188601767046&12,884965690435763&12,884965690435763&12,884965690435763&12,090188601767046&12,090188601767046&12,090188601767046&12,090188601767046&12,090188601767046&11,894971804511275&11,894971804511275&11,894971804511275&11,894971804511275&11,894971804511275&12,090188601767046&11,894971804511275&11,894971804511275&11,894971804511275&11,894971804511275&11,894971804511275&11,894971804511275&11,894971804511275&11,894971804511275&11,894971804511275&11,894971804511275&11,894971804511275&11,894971804511275&11,894971804511275&11,894971804511275&11,894971804511275&12,090188601767046&11,894971804511275"
25,200,1,0.1,2,50,11.8949718045113,44194,3,14,2,"12,362521453089244&11,597599088446923&11,894971804511275&11,894971804511275&11,894971804511275&11,894971804511275&11,894971804511275&11,894971804511275&11,894971804511275&11,894971804511275&11,894971804511275&11,894971804511275&11,894971804511275&11,894971804511275&11,894971804511275&11,894971804511275&11,894971804511275&11,894971804511275&12,090188601767046&12,884965690435763&12,884965690435763&12,884965690435763&12,090188601767046&12,090188601767046&12,090188601767046&12,090188601767046&12,090188601767046&11,894971804511275&11,894971804511275&11,894971804511275&11,894971804511275&11,894971804511275&12,090188601767046&11,894971804511275&11,894971804511275&11,894971804511275&11,894971804511275&11,894971804511275&11,894971804511275&11,894971804511275&11,894971804511275&11,894971804511275&11,894971804511275&11,894971804511275&11,894971804511275&11,894971804511275&11,894971804511275&11,894971804511275&12,090188601767046&11,894971804511275"
25,200,1,0.1,2,50,11.8949718045113,44246,3,14,2,"12,362521453089244&11,597599088446923&11,894971804511275&11,894971804511275&11,894971804511275&11,894971804511275&11,894971804511275&11,894971804511275&11,894971804511275&11,894971804511275&11,894971804511275&11,894971804511275&11,894971804511275&11,894971804511275&11,894971804511275&11,894971804511275&11,894971804511275&11,894971804511275&12,090188601767046&12,884965690435763&12,884965690435763&12,884965690435763&12,090188601767046&12,090188601767046&12,090188601767046&12,090188601767046&12,090188601767046&11,894971804511275&11,894971804511275&11,894971804511275&11,894971804511275&11,894971804511275&12,090188601767046&11,894971804511275&11,894971804511275&11,894971804511275&11,894971804511275&11,894971804511275&11,894971804511275&11,894971804511275&11,894971804511275&11,894971804511275&11,894971804511275&11,894971804511275&11,894971804511275&11,894971804511275&11,894971804511275&11,894971804511275&12,090188601767046&11,894971804511275"
25,200,1,0.1,2,50,11.8949718045113,44227,3,14,2,"12,362521453089244&11,597599088446923&11,894971804511275&11,894971804511275&11,894971804511275&11,894971804511275&11,894971804511275&11,894971804511275&11,894971804511275&11,894971804511275&11,894971804511275&11,894971804511275&11,894971804511275&11,894971804511275&11,894971804511275&11,894971804511275&11,894971804511275&11,894971804511275&12,090188601767046&12,884965690435763&12,884965690435763&12,884965690435763&12,090188601767046&12,090188601767046&12,090188601767046&12,090188601767046&12,090188601767046&11,894971804511275&11,894971804511275&11,894971804511275&11,894971804511275&11,894971804511275&12,090188601767046&11,894971804511275&11,894971804511275&11,894971804511275&11,894971804511275&11,894971804511275&11,894971804511275&11,894971804511275&11,894971804511275&11,894971804511275&11,894971804511275&11,894971804511275&11,894971804511275&11,894971804511275&11,894971804511275&11,894971804511275&12,090188601767046&11,894971804511275"
25,200,1,0.1,2,50,11.8949718045113,16463,3,14,2,"12,362521453089244&12,622389874141874&12,622389874141874&12,622389874141874&12,458507775119614&12,458507775119614&12,458507775119614&12,458507775119614&12,458507775119614&12,458507775119614&11,894971804511275&11,894971804511275&11,894971804511275&11,894971804511275&11,894971804511275&11,894971804511275&11,894971804511275&11,894971804511275&11,894971804511275&12,090188601767046&12,090188601767046&12,090188601767046&12,090188601767046&12,090188601767046&12,090188601767046&12,884965690435763&12,884965690435763&12,884965690435763&11,894971804511275&11,894971804511275&11,894971804511275&11,894971804511275&11,894971804511275&12,090188601767046&12,090188601767046&12,090188601767046&12,090188601767046&11,894971804511275&12,090188601767046&12,090188601767046&11,894971804511275&11,894971804511275&11,894971804511275&11,894971804511275&11,894971804511275&11,894971804511275&11,894971804511275&11,894971804511275&11,894971804511275&11,894971804511275"
25,200,1,0.1,2,50,11.8949718045113,15574,3,14,2,"12,362521453089244&11,597599088446923&11,894971804511275&11,894971804511275&11,894971804511275&11,894971804511275&11,894971804511275&11,894971804511275&11,894971804511275&11,894971804511275&11,894971804511275&11,894971804511275&11,894971804511275&11,894971804511275&11,894971804511275&11,894971804511275&11,894971804511275&11,894971804511275&12,090188601767046&12,884965690435763&12,884965690435763&12,884965690435763&12,090188601767046&12,090188601767046&12,090188601767046&12,090188601767046&12,090188601767046&11,894971804511275&11,894971804511275&11,894971804511275&11,894971804511275&11,894971804511275&12,090188601767046&11,894971804511275&11,894971804511275&11,894971804511275&11,894971804511275&11,894971804511275&11,894971804511275&11,894971804511275&11,894971804511275&11,894971804511275&11,894971804511275&11,894971804511275&11,894971804511275&11,894971804511275&11,894971804511275&11,894971804511275&11,894971804511275&11,894971804511275"
26,200,1,0.4,7,600,13.3179402834008,28149,4,11,2,"12,362521453089244&13,317940283400809&12,872596153846153&13,317940283400809&13,317940283400809&13,317940283400809&13,317940283400809&13,317940283400809&13,317940283400809&13,317940283400809&13,317940283400809&13,317940283400809&13,317940283400809&13,317940283400809&13,317940283400809&13,317940283400809&13,317940283400809&13,317940283400809&13,317940283400809&13,317940283400809&13,317940283400809&13,317940283400809&13,317940283400809&13,317940283400809"
26,200,1,0.4,7,600,13.3179402834008,28592,4,11,2,"12,362521453089244&13,317940283400809&12,872596153846153&13,317940283400809&13,317940283400809&13,317940283400809&13,317940283400809&13,317940283400809&13,317940283400809&13,317940283400809&13,317940283400809&13,317940283400809&13,317940283400809&13,317940283400809&13,317940283400809&13,317940283400809&13,317940283400809&13,317940283400809&13,317940283400809&13,317940283400809&13,317940283400809&13,317940283400809&13,317940283400809&13,317940283400809"
26,200,1,0.4,7,600,13.3179402834008,28968,4,11,2,"12,362521453089244&13,317940283400809&12,872596153846153&13,317940283400809&13,317940283400809&13,317940283400809&13,317940283400809&13,317940283400809&13,317940283400809&13,317940283400809&13,317940283400809&13,317940283400809&13,317940283400809&13,317940283400809&13,317940283400809&13,317940283400809&13,317940283400809&13,317940283400809&13,317940283400809&13,317940283400809&13,317940283400809&13,317940283400809&13,317940283400809&13,317940283400809"
26,200,1,0.4,7,600,13.3179402834008,29145,4,11,2,"12,362521453089244&13,317940283400809&12,872596153846153&13,317940283400809&13,317940283400809&13,317940283400809&13,317940283400809&13,317940283400809&13,317940283400809&13,317940283400809&13,317940283400809&13,317940283400809&13,317940283400809&13,317940283400809&13,317940283400809&13,317940283400809&13,317940283400809&13,317940283400809&13,317940283400809&13,317940283400809&13,317940283400809&13,317940283400809&13,317940283400809&13,317940283400809"
26,200,1,0.4,7,600,13.3179402834008,29710,4,11,2,"12,362521453089244&13,317940283400809&12,872596153846153&13,317940283400809&13,317940283400809&13,317940283400809&13,317940283400809&13,317940283400809&13,317940283400809&13,317940283400809&13,317940283400809&13,317940283400809&13,317940283400809&13,317940283400809&13,317940283400809&13,317940283400809&13,317940283400809&13,317940283400809&13,317940283400809&13,317940283400809&13,317940283400809&13,317940283400809&13,317940283400809&13,317940283400809"
26,200,1,0.4,7,600,13.3179402834008,29751,4,11,2,"12,362521453089244&13,317940283400809&12,872596153846153&13,317940283400809&13,317940283400809&13,317940283400809&13,317940283400809&13,317940283400809&13,317940283400809&13,317940283400809&13,317940283400809&13,317940283400809&13,317940283400809&13,317940283400809&13,317940283400809&13,317940283400809&13,317940283400809&13,317940283400809&13,317940283400809&13,317940283400809&13,317940283400809&13,317940283400809&13,317940283400809&13,317940283400809"
26,200,1,0.4,7,600,13.3179402834008,29736,4,11,2,"12,362521453089244&13,317940283400809&12,872596153846153&13,317940283400809&13,317940283400809&13,317940283400809&13,317940283400809&13,317940283400809&13,317940283400809&13,317940283400809&13,317940283400809&13,317940283400809&13,317940283400809&13,317940283400809&13,317940283400809&13,317940283400809&13,317940283400809&13,317940283400809&13,317940283400809&13,317940283400809&13,317940283400809&13,317940283400809&13,317940283400809&13,317940283400809"
26,200,1,0.4,7,600,13.3179402834008,29755,4,11,2,"12,362521453089244&13,317940283400809&12,872596153846153&13,317940283400809&13,317940283400809&13,317940283400809&13,317940283400809&13,317940283400809&13,317940283400809&13,317940283400809&13,317940283400809&13,317940283400809&13,317940283400809&13,317940283400809&13,317940283400809&13,317940283400809&13,317940283400809&13,317940283400809&13,317940283400809&13,317940283400809&13,317940283400809&13,317940283400809&13,317940283400809&13,317940283400809"
26,200,1,0.4,7,600,13.3179402834008,11234,4,11,2,"12,362521453089244&12,42700729927007&13,317940283400809&13,317940283400809&13,317940283400809&13,317940283400809&13,317940283400809&13,317940283400809&13,317940283400809&13,317940283400809&13,317940283400809&13,317940283400809&13,317940283400809&13,317940283400809&13,317940283400809&13,317940283400809&13,317940283400809&13,317940283400809&13,317940283400809&13,317940283400809&13,317940283400809&13,317940283400809&13,317940283400809"
26,200,1,0.4,7,600,13.3179402834008,11336,4,11,2,"12,362521453089244&13,317940283400809&12,872596153846153&13,317940283400809&13,317940283400809&13,317940283400809&13,317940283400809&13,317940283400809&13,317940283400809&13,317940283400809&13,317940283400809&13,317940283400809&13,317940283400809&13,317940283400809&13,317940283400809&13,317940283400809&13,317940283400809&13,317940283400809&13,317940283400809&13,317940283400809&13,317940283400809&13,317940283400809&13,317940283400809&13,317940283400809"
27,200,1,0.8,20,250,15.5218244695299,35105,6,6,2,"12,362521453089244&13,317940283400809&14,090053427946557&14,090053427946557&14,66069688109161&15,521824469529925&15,521824469529925&15,521824469529925&15,521824469529925&15,521824469529925&15,521824469529925&15,521824469529925&15,521824469529925&15,521824469529925&15,521824469529925&15,521824469529925&15,521824469529925&15,521824469529925&15,521824469529925&15,521824469529925&15,521824469529925&15,521824469529925&15,521824469529925&15,521824469529925&15,521824469529925&15,521824469529925"
27,200,1,0.8,20,250,15.5218244695299,35604,6,6,2,"12,362521453089244&13,317940283400809&14,090053427946557&14,090053427946557&14,66069688109161&15,521824469529925&15,521824469529925&15,521824469529925&15,521824469529925&15,521824469529925&15,521824469529925&15,521824469529925&15,521824469529925&15,521824469529925&15,521824469529925&15,521824469529925&15,521824469529925&15,521824469529925&15,521824469529925&15,521824469529925&15,521824469529925&15,521824469529925&15,521824469529925&15,521824469529925&15,521824469529925&15,521824469529925"
27,200,1,0.8,20,250,15.5218244695299,35611,6,6,2,"12,362521453089244&13,317940283400809&14,090053427946557&14,090053427946557&14,66069688109161&15,521824469529925&15,521824469529925&15,521824469529925&15,521824469529925&15,521824469529925&15,521824469529925&15,521824469529925&15,521824469529925&15,521824469529925&15,521824469529925&15,521824469529925&15,521824469529925&15,521824469529925&15,521824469529925&15,521824469529925&15,521824469529925&15,521824469529925&15,521824469529925&15,521824469529925&15,521824469529925&15,521824469529925"
27,200,1,0.8,20,250,15.5218244695299,35814,6,6,2,"12,362521453089244&13,317940283400809&14,090053427946557&14,090053427946557&14,66069688109161&15,521824469529925&15,521824469529925&15,521824469529925&15,521824469529925&15,521824469529925&15,521824469529925&15,521824469529925&15,521824469529925&15,521824469529925&15,521824469529925&15,521824469529925&15,521824469529925&15,521824469529925&15,521824469529925&15,521824469529925&15,521824469529925&15,521824469529925&15,521824469529925&15,521824469529925&15,521824469529925&15,521824469529925"
27,200,1,0.8,20,250,15.5218244695299,35886,6,6,2,"12,362521453089244&13,317940283400809&14,090053427946557&14,090053427946557&14,66069688109161&15,521824469529925&15,521824469529925&15,521824469529925&15,521824469529925&15,521824469529925&15,521824469529925&15,521824469529925&15,521824469529925&15,521824469529925&15,521824469529925&15,521824469529925&15,521824469529925&15,521824469529925&15,521824469529925&15,521824469529925&15,521824469529925&15,521824469529925&15,521824469529925&15,521824469529925&15,521824469529925&15,521824469529925"
27,200,1,0.8,20,250,15.5218244695299,35927,6,6,2,"12,362521453089244&13,317940283400809&14,090053427946557&14,090053427946557&14,66069688109161&15,521824469529925&15,521824469529925&15,521824469529925&15,521824469529925&15,521824469529925&15,521824469529925&15,521824469529925&15,521824469529925&15,521824469529925&15,521824469529925&15,521824469529925&15,521824469529925&15,521824469529925&15,521824469529925&15,521824469529925&15,521824469529925&15,521824469529925&15,521824469529925&15,521824469529925&15,521824469529925&15,521824469529925"
27,200,1,0.8,20,250,15.5218244695299,36113,6,6,2,"12,362521453089244&13,317940283400809&14,090053427946557&14,090053427946557&14,66069688109161&15,521824469529925&15,521824469529925&15,521824469529925&15,521824469529925&15,521824469529925&15,521824469529925&15,521824469529925&15,521824469529925&15,521824469529925&15,521824469529925&15,521824469529925&15,521824469529925&15,521824469529925&15,521824469529925&15,521824469529925&15,521824469529925&15,521824469529925&15,521824469529925&15,521824469529925&15,521824469529925&15,521824469529925"
27,200,1,0.8,20,250,15.5218244695299,36163,6,6,2,"12,362521453089244&13,317940283400809&14,090053427946557&14,090053427946557&14,66069688109161&15,521824469529925&15,521824469529925&15,521824469529925&15,521824469529925&15,521824469529925&15,521824469529925&15,521824469529925&15,521824469529925&15,521824469529925&15,521824469529925&15,521824469529925&15,521824469529925&15,521824469529925&15,521824469529925&15,521824469529925&15,521824469529925&15,521824469529925&15,521824469529925&15,521824469529925&15,521824469529925&15,521824469529925"
27,200,1,0.8,20,250,13.3179402834008,12797,4,11,2,"12,362521453089244&13,317940283400809&13,317940283400809&13,317940283400809&13,317940283400809&13,317940283400809&13,317940283400809&13,317940283400809&13,317940283400809&13,317940283400809&13,317940283400809&13,317940283400809&13,317940283400809&13,317940283400809&13,317940283400809&13,317940283400809&13,317940283400809&13,317940283400809&13,317940283400809&13,317940283400809&13,317940283400809&13,317940283400809"
27,200,1,0.8,20,250,15.5218244695299,13694,6,6,2,"12,362521453089244&13,317940283400809&14,090053427946557&14,090053427946557&14,66069688109161&15,521824469529925&15,521824469529925&15,521824469529925&15,521824469529925&15,521824469529925&15,521824469529925&15,521824469529925&15,521824469529925&15,521824469529925&15,521824469529925&15,521824469529925&15,521824469529925&15,521824469529925&15,521824469529925&15,521824469529925&15,521824469529925&15,521824469529925&15,521824469529925&15,521824469529925&15,521824469529925&15,521824469529925"
